x,y,count
10,10,1
10,16,1
10,23,1
10,26,1
10,28,1
10,31,2
10,33,2
10,38,1
10,45,2
10,51,1
10,53,1
10,57,1
10,61,1
10,64,1
10,65,1
10,67,1
10,68,2
10,70,2
10,71,1
10,72,1
10,74,2
10,75,1
10,77,2
10,78,2
10,80,2
10,81,1
10,84,1
10,87,2
10,88,3
10,89,2
10,92,1
10,94,5
10,95,3
10,98,2
10,99,4
10,101,2
10,102,8
10,104,1
10,105,5
10,107,4
10,108,4
10,109,2
10,111,1
10,112,1
10,114,3
10,115,1
10,116,9
10,118,4
10,119,6
10,121,3
10,122,2
10,124,5
10,125,9
10,126,2
10,128,6
10,129,9
10,131,6
10,132,6
10,134,6
10,135,6
10,136,11
10,138,6
10,139,5
10,141,11
10,142,9
10,143,7
10,145,3
10,146,9
10,148,8
10,149,2
10,151,9
10,152,9
10,153,11
10,155,7
10,156,9
10,158,9
10,159,9
10,161,2
10,162,8
10,163,7
10,165,13
10,166,5
10,168,8
10,169,14
10,170,11
10,172,2
10,173,6
10,175,13
10,176,9
10,178,8
10,179,9
10,180,15
10,182,14
10,183,6
10,185,8
10,186,13
10,188,9
10,189,6
10,190,14
10,192,15
10,193,16
10,195,10
10,196,10
10,197,10
10,199,11
10,200,9
10,202,12
10,203,13
10,205,18
10,206,8
10,207,14
10,209,11
10,210,15
10,212,6
10,213,6
10,214,14
10,216,17
10,217,6
10,219,11
10,220,14
10,222,18
10,223,10
10,224,17
10,226,14
10,227,14
10,229,6
10,230,15
10,232,13
10,233,22
10,234,4
10,236,18
10,237,11
10,239,18
10,240,11
10,241,13
10,243,24
10,244,13
10,246,4
10,247,12
10,249,12
10,250,16
10,251,7
10,253,19
10,254,12
10,256,9
10,257,7
10,259,13
10,260,12
10,261,14
10,263,4
10,264,17
10,266,20
10,267,12
10,268,8
10,270,15
10,271,13
10,273,11
10,274,3
10,276,22
10,277,15
10,278,17
10,280,7
10,281,13
10,283,13
10,284,17
10,286,9
10,287,12
10,288,13
10,290,13
10,291,9
10,293,3
10,294,13
10,295,6
10,297,5
10,298,11
10,300,21
10,301,9
10,303,4
10,304,5
10,305,5
10,307,9
10,308,4
10,310,10
10,311,8
10,313,11
10,314,5
10,315,5
10,317,5
10,318,4
10,320,4
10,321,9
10,322,4
10,324,5
10,325,3
10,327,4
10,328,2
10,330,6
10,331,2
10,332,5
10,334,5
10,335,5
10,337,2
10,338,5
10,339,3
10,341,5
10,342,3
10,344,4
10,345,1
10,347,3
10,348,1
10,349,1
10,352,4
10,354,2
10,358,1
10,359,1
10,361,1
10,362,1
10,364,1
10,365,1
10,367,1
11,20,2
11,21,1
11,23,1
11,24,1
11,26,1
11,28,1
11,31,1
11,41,1
11,43,1
11,51,3
11,55,2
11,60,3
11,61,2
11,63,1
11,64,1
11,65,5
11,67,2
11,68,2
11,71,1
11,72,2
11,74,1
11,75,3
11,77,1
11,78,2
11,80,6
11,81,1
11,82,3
11,84,3
11,85,1
11,87,2
11,88,3
11,89,2
11,91,2
11,92,2
11,94,3
11,95,5
11,97,4
11,99,3
11,101,6
11,102,4
11,104,1
11,105,2
11,107,7
11,108,6
11,109,1
11,111,1
11,112,5
11,114,4
11,116,5
11,118,6
11,119,7
11,121,3
11,122,3
11,124,6
11,125,7
11,126,5
11,128,8
11,129,4
11,131,17
11,132,1
11,134,9
11,135,3
11,136,4
11,138,1
11,139,11
11,141,8
11,142,9
11,143,1
11,145,6
11,146,7
11,148,7
11,149,5
11,151,11
11,152,16
11,153,12
11,155,7
11,156,9
11,158,5
11,159,13
11,161,4
11,162,17
11,163,14
11,165,17
11,166,2
11,168,9
11,169,7
11,170,12
11,172,2
11,173,16
11,175,15
11,176,9
11,178,10
11,179,7
11,180,15
11,182,10
11,183,4
11,185,17
11,186,17
11,188,16
11,189,10
11,190,7
11,192,10
11,193,19
11,195,7
11,196,16
11,197,15
11,199,16
11,200,7
11,202,17
11,203,13
11,205,6
11,206,7
11,207,18
11,209,27
11,210,19
11,212,6
11,213,13
11,214,14
11,216,11
11,217,5
11,219,14
11,220,13
11,222,18
11,223,9
11,224,15
11,226,13
11,227,16
11,229,8
11,230,19
11,232,15
11,233,21
11,234,14
11,236,10
11,237,13
11,239,20
11,240,10
11,241,18
11,243,19
11,244,14
11,246,12
11,247,11
11,249,13
11,250,18
11,251,7
11,253,16
11,254,16
11,256,18
11,257,13
11,259,13
11,260,16
11,261,20
11,263,7
11,264,12
11,266,8
11,267,12
11,268,6
11,270,11
11,271,19
11,273,13
11,274,6
11,276,10
11,277,16
11,278,17
11,280,8
11,281,11
11,283,6
11,284,16
11,286,2
11,287,13
11,288,9
11,290,15
11,291,6
11,293,12
11,294,12
11,295,14
11,297,5
11,298,6
11,300,5
11,301,8
11,303,3
11,304,7
11,305,5
11,307,6
11,308,4
11,310,9
11,311,12
11,313,9
11,314,5
11,315,8
11,317,7
11,318,7
11,320,5
11,321,5
11,322,6
11,324,8
11,327,5
11,328,4
11,330,5
11,331,2
11,332,4
11,334,10
11,337,2
11,338,3
11,339,2
11,341,2
11,342,1
11,344,6
11,345,2
11,347,3
11,348,2
11,349,1
11,351,2
11,352,4
11,355,2
11,357,3
11,358,1
11,359,1
11,362,2
11,364,1
11,366,1
11,367,2
13,14,1
13,17,1
13,18,1
13,26,1
13,28,1
13,33,1
13,34,1
13,38,1
13,43,1
13,44,1
13,47,4
13,48,1
13,50,1
13,53,2
13,54,1
13,55,1
13,57,1
13,58,4
13,60,1
13,63,1
13,65,1
13,67,1
13,68,1
13,72,3
13,74,2
13,78,2
13,80,2
13,81,1
13,82,3
13,84,3
13,85,1
13,87,2
13,92,1
13,94,2
13,95,3
13,97,3
13,98,1
13,99,2
13,101,4
13,102,2
13,104,2
13,105,3
13,107,4
13,108,6
13,109,5
13,111,2
13,112,3
13,114,3
13,115,5
13,116,3
13,118,6
13,119,9
13,121,6
13,122,5
13,124,2
13,125,3
13,126,1
13,128,6
13,129,5
13,131,4
13,132,2
13,134,1
13,135,7
13,136,6
13,138,2
13,139,4
13,141,7
13,142,14
13,143,2
13,145,4
13,146,2
13,148,3
13,149,4
13,151,8
13,152,4
13,153,6
13,155,2
13,156,6
13,158,7
13,159,5
13,161,4
13,162,8
13,163,7
13,165,4
13,166,5
13,168,12
13,169,2
13,170,3
13,172,3
13,173,12
13,175,12
13,176,19
13,178,5
13,179,11
13,180,7
13,182,11
13,183,4
13,185,5
13,186,8
13,188,5
13,189,6
13,190,5
13,192,12
13,193,14
13,195,2
13,196,8
13,197,5
13,199,8
13,200,7
13,202,6
13,203,6
13,205,7
13,206,3
13,207,12
13,209,8
13,210,3
13,212,7
13,213,11
13,214,6
13,216,14
13,217,8
13,219,15
13,220,16
13,222,16
13,223,6
13,224,6
13,226,9
13,227,9
13,229,7
13,230,11
13,232,8
13,233,15
13,234,6
13,236,7
13,237,11
13,239,7
13,240,7
13,241,12
13,243,7
13,244,15
13,246,5
13,247,16
13,249,4
13,250,9
13,251,7
13,253,15
13,254,7
13,256,10
13,257,12
13,259,7
13,260,9
13,261,3
13,263,7
13,264,6
13,266,10
13,267,11
13,268,4
13,270,9
13,271,7
13,273,14
13,274,10
13,276,8
13,277,3
13,278,12
13,280,8
13,281,8
13,283,3
13,284,7
13,286,5
13,287,8
13,288,6
13,290,9
13,291,3
13,293,4
13,294,5
13,295,3
13,297,6
13,298,7
13,300,7
13,301,8
13,303,5
13,304,3
13,305,10
13,307,5
13,308,6
13,310,5
13,311,3
13,313,1
13,314,2
13,315,5
13,317,2
13,318,4
13,320,1
13,321,4
13,322,5
13,324,5
13,325,1
13,327,2
13,328,3
13,330,3
13,332,6
13,334,2
13,335,3
13,337,2
13,339,2
13,341,1
13,342,2
13,344,3
13,347,1
13,348,2
13,349,3
13,351,1
13,352,1
13,354,1
13,357,1
13,358,1
14,18,1
14,20,1
14,27,3
14,28,2
14,33,1
14,34,1
14,36,1
14,37,1
14,41,1
14,44,2
14,45,2
14,54,1
14,55,2
14,57,3
14,58,2
14,60,3
14,61,1
14,63,1
14,67,1
14,68,1
14,71,1
14,72,2
14,74,2
14,75,1
14,77,3
14,78,1
14,81,2
14,82,2
14,84,1
14,85,1
14,88,1
14,89,2
14,91,2
14,92,1
14,94,2
14,95,1
14,97,2
14,98,2
14,99,1
14,101,1
14,102,8
14,104,5
14,105,1
14,107,3
14,108,8
14,109,2
14,111,4
14,112,5
14,115,2
14,116,2
14,118,4
14,119,5
14,121,2
14,122,2
14,124,4
14,125,5
14,126,3
14,128,8
14,129,5
14,131,7
14,132,4
14,135,2
14,136,5
14,138,5
14,139,8
14,141,10
14,142,9
14,143,2
14,145,2
14,146,5
14,148,4
14,149,3
14,151,7
14,152,4
14,153,9
14,155,3
14,156,2
14,158,4
14,159,9
14,161,2
14,162,4
14,163,3
14,165,7
14,166,5
14,168,9
14,169,10
14,170,10
14,172,4
14,173,14
14,175,9
14,176,10
14,178,6
14,179,5
14,180,9
14,182,10
14,183,6
14,185,13
14,186,6
14,188,17
14,189,6
14,190,7
14,192,7
14,193,9
14,195,4
14,196,9
14,197,12
14,199,9
14,200,9
14,202,11
14,203,11
14,205,10
14,206,4
14,207,12
14,209,12
14,210,9
14,212,8
14,213,10
14,214,8
14,216,9
14,217,9
14,219,11
14,220,4
14,222,22
14,223,6
14,224,9
14,226,10
14,227,12
14,229,8
14,230,11
14,232,10
14,233,14
14,234,4
14,236,6
14,237,13
14,239,14
14,240,5
14,241,7
14,243,19
14,244,10
14,246,6
14,247,9
14,249,12
14,250,12
14,251,9
14,253,4
14,254,7
14,256,15
14,257,5
14,259,11
14,260,10
14,261,10
14,263,3
14,264,11
14,266,6
14,267,10
14,268,2
14,270,8
14,271,11
14,273,7
14,274,2
14,276,9
14,277,4
14,278,10
14,280,8
14,281,6
14,283,4
14,284,5
14,286,5
14,287,6
14,288,4
14,290,5
14,291,2
14,293,2
14,294,6
14,295,7
14,297,2
14,298,4
14,300,8
14,301,3
14,303,1
14,304,4
14,305,4
14,307,7
14,308,4
14,310,8
14,311,4
14,313,3
14,314,1
14,315,4
14,317,5
14,318,6
14,320,3
14,321,5
14,322,3
14,324,1
14,325,1
14,327,2
14,328,3
14,330,4
14,331,3
14,334,4
14,335,3
14,337,3
14,338,1
14,339,2
14,341,2
14,342,2
14,347,1
14,348,2
14,351,3
14,354,2
14,357,4
14,359,1
14,361,1
14,367,1
16,21,1
16,26,1
16,31,2
16,36,1
16,37,2
16,38,1
16,40,1
16,41,1
16,44,1
16,45,1
16,47,2
16,50,1
16,51,1
16,54,2
16,55,2
16,57,1
16,58,2
16,60,2
16,61,2
16,65,2
16,67,1
16,68,1
16,70,1
16,71,2
16,72,1
16,74,2
16,77,2
16,78,2
16,80,2
16,81,2
16,82,2
16,84,3
16,85,2
16,87,1
16,88,1
16,89,1
16,91,3
16,92,1
16,95,3
16,97,3
16,98,1
16,99,4
16,101,9
16,102,5
16,105,3
16,107,5
16,108,3
16,109,2
16,111,1
16,112,11
16,114,3
16,115,4
16,116,7
16,118,7
16,119,8
16,122,3
16,124,3
16,125,9
16,126,3
16,128,4
16,129,12
16,131,3
16,132,4
16,134,8
16,135,7
16,136,15
16,138,7
16,139,7
16,141,6
16,142,10
16,143,5
16,145,10
16,146,11
16,148,12
16,149,5
16,151,8
16,152,12
16,153,24
16,155,8
16,156,4
16,158,14
16,159,12
16,161,7
16,162,11
16,163,18
16,165,20
16,166,7
16,168,11
16,169,11
16,170,14
16,172,8
16,173,13
16,175,16
16,176,19
16,178,9
16,179,10
16,180,20
16,182,16
16,183,3
16,185,11
16,186,18
16,188,23
16,189,3
16,190,12
16,192,14
16,193,5
16,195,5
16,196,15
16,197,13
16,199,16
16,200,7
16,202,13
16,203,15
16,205,14
16,206,9
16,207,15
16,209,23
16,210,16
16,212,4
16,213,14
16,214,17
16,216,20
16,217,12
16,219,14
16,220,16
16,222,28
16,223,7
16,224,12
16,226,15
16,227,14
16,229,17
16,230,15
16,232,14
16,233,21
16,234,9
16,236,20
16,237,18
16,239,18
16,240,6
16,241,15
16,243,19
16,244,26
16,246,7
16,247,14
16,249,18
16,250,18
16,251,14
16,253,13
16,254,14
16,256,14
16,257,5
16,259,7
16,260,18
16,261,13
16,263,6
16,264,7
16,266,15
16,267,15
16,268,9
16,270,13
16,271,15
16,273,10
16,274,9
16,276,12
16,277,16
16,278,7
16,280,4
16,281,12
16,283,9
16,284,18
16,286,10
16,287,17
16,288,13
16,290,13
16,291,8
16,293,12
16,294,17
16,295,9
16,297,7
16,298,8
16,300,8
16,301,5
16,303,3
16,304,11
16,305,6
16,307,7
16,308,8
16,310,8
16,311,3
16,313,8
16,314,1
16,315,9
16,317,8
16,318,5
16,320,7
16,321,6
16,322,3
16,324,3
16,325,4
16,327,4
16,328,4
16,330,3
16,331,2
16,332,5
16,334,7
16,335,7
16,338,2
16,339,3
16,341,1
16,344,4
16,345,2
16,347,4
16,349,4
16,351,2
16,352,1
16,355,2
16,357,1
16,359,1
16,361,2
16,362,1
16,364,1
16,366,1
17,11,2
17,13,1
17,20,1
17,21,3
17,23,1
17,27,1
17,33,1
17,34,1
17,38,1
17,40,2
17,43,1
17,44,1
17,48,2
17,51,2
17,54,2
17,55,1
17,57,2
17,58,1
17,60,3
17,61,3
17,63,1
17,64,1
17,65,6
17,67,4
17,68,3
17,70,1
17,71,1
17,72,1
17,74,3
17,75,3
17,77,6
17,78,5
17,80,3
17,82,1
17,84,3
17,85,3
17,87,3
17,88,3
17,89,8
17,91,2
17,92,1
17,94,6
17,95,6
17,97,11
17,98,2
17,99,6
17,101,7
17,102,8
17,104,2
17,105,6
17,107,5
17,108,7
17,109,3
17,111,9
17,112,10
17,114,4
17,115,3
17,116,6
17,118,10
17,119,8
17,121,6
17,122,7
17,124,10
17,125,9
17,126,6
17,128,9
17,129,12
17,131,15
17,132,7
17,134,10
17,135,15
17,136,13
17,138,3
17,139,9
17,141,11
17,142,19
17,143,6
17,145,9
17,146,18
17,148,15
17,149,7
17,151,9
17,152,6
17,153,16
17,155,5
17,156,11
17,158,16
17,159,8
17,161,9
17,162,16
17,163,19
17,165,13
17,166,7
17,168,10
17,169,22
17,170,22
17,172,7
17,173,14
17,175,14
17,176,18
17,178,10
17,179,9
17,180,19
17,182,18
17,183,7
17,185,5
17,186,16
17,188,17
17,189,4
17,190,14
17,192,17
17,193,20
17,195,12
17,196,16
17,197,18
17,199,11
17,200,9
17,202,18
17,203,17
17,205,14
17,206,9
17,207,16
17,209,15
17,210,18
17,212,10
17,213,12
17,214,24
17,216,16
17,217,14
17,219,17
17,220,17
17,222,21
17,223,14
17,224,16
17,226,15
17,227,21
17,229,12
17,230,17
17,232,14
17,233,13
17,234,12
17,236,18
17,237,20
17,239,18
17,240,13
17,241,11
17,243,13
17,244,15
17,246,14
17,247,8
17,249,15
17,250,19
17,251,11
17,253,13
17,254,15
17,256,11
17,257,12
17,259,6
17,260,13
17,261,18
17,263,9
17,264,15
17,266,13
17,267,25
17,268,10
17,270,23
17,271,24
17,273,15
17,274,13
17,276,9
17,277,9
17,278,18
17,280,6
17,281,12
17,283,11
17,284,12
17,286,11
17,287,9
17,288,14
17,290,7
17,291,11
17,293,14
17,294,16
17,295,14
17,297,8
17,298,11
17,300,7
17,301,9
17,303,6
17,304,9
17,305,8
17,307,11
17,308,4
17,310,11
17,311,9
17,313,16
17,314,6
17,315,10
17,317,5
17,318,11
17,320,2
17,321,3
17,322,7
17,324,7
17,325,2
17,327,5
17,328,4
17,330,9
17,331,2
17,332,13
17,334,4
17,335,4
17,337,1
17,338,5
17,339,9
17,341,10
17,342,2
17,344,4
17,345,3
17,347,3
17,348,1
17,349,2
17,351,3
17,352,4
17,354,1
17,355,3
17,357,2
17,358,2
17,361,1
17,362,1
17,364,1
17,366,1
18,24,1
18,28,1
18,33,1
18,36,3
18,41,1
18,44,1
18,48,1
18,50,1
18,51,1
18,54,1
18,55,3
18,58,1
18,60,1
18,61,1
18,63,2
18,65,2
18,67,2
18,68,2
18,70,1
18,72,2
18,74,4
18,75,1
18,77,2
18,78,6
18,80,2
18,81,1
18,82,1
18,84,3
18,85,4
18,87,2
18,88,2
18,89,8
18,91,4
18,92,3
18,94,2
18,95,3
18,97,7
18,98,4
18,99,2
18,101,6
18,102,4
18,104,1
18,105,6
18,107,4
18,108,4
18,111,3
18,112,9
18,114,6
18,115,5
18,116,5
18,118,4
18,119,7
18,121,2
18,122,1
18,124,7
18,125,7
18,126,4
18,128,2
18,129,6
18,131,13
18,132,3
18,134,6
18,135,4
18,136,6
18,138,10
18,139,9
18,141,6
18,142,8
18,143,8
18,145,8
18,146,13
18,148,12
18,149,9
18,151,10
18,152,3
18,153,11
18,155,8
18,156,8
18,158,14
18,159,13
18,161,1
18,162,8
18,163,12
18,165,14
18,166,7
18,168,12
18,169,16
18,170,13
18,172,5
18,173,9
18,175,12
18,176,17
18,178,4
18,179,10
18,180,14
18,182,10
18,183,7
18,185,11
18,186,11
18,188,12
18,189,5
18,190,12
18,192,12
18,193,7
18,195,7
18,196,13
18,197,4
18,199,15
18,200,7
18,202,8
18,203,9
18,205,9
18,206,5
18,207,7
18,209,14
18,210,16
18,212,6
18,213,16
18,214,16
18,216,9
18,217,7
18,219,17
18,220,10
18,222,14
18,223,8
18,224,15
18,226,9
18,227,14
18,229,8
18,230,16
18,232,11
18,233,15
18,234,10
18,236,13
18,237,11
18,239,14
18,240,5
18,241,17
18,243,10
18,244,21
18,246,6
18,247,9
18,249,12
18,250,7
18,251,5
18,253,9
18,254,15
18,256,15
18,257,5
18,259,6
18,260,10
18,261,17
18,263,6
18,264,15
18,266,9
18,267,9
18,268,4
18,270,15
18,271,9
18,273,14
18,274,8
18,276,11
18,277,6
18,278,10
18,280,6
18,281,11
18,283,7
18,284,5
18,286,6
18,288,8
18,290,9
18,291,6
18,293,5
18,294,5
18,295,6
18,297,4
18,298,8
18,300,11
18,301,9
18,303,4
18,304,4
18,305,3
18,307,5
18,308,2
18,310,7
18,311,5
18,313,8
18,314,2
18,315,3
18,317,3
18,318,3
18,320,4
18,321,4
18,322,1
18,324,9
18,325,1
18,327,2
18,328,2
18,330,6
18,331,3
18,332,8
18,334,3
18,335,4
18,337,2
18,338,6
18,339,4
18,341,1
18,344,3
18,345,3
18,347,6
18,349,2
18,352,2
18,354,2
18,355,3
18,357,2
18,359,2
18,361,1
18,362,1
18,364,2
18,365,1
18,367,1
20,28,1
20,36,1
20,37,1
20,40,1
20,44,2
20,48,2
20,50,1
20,51,1
20,53,1
20,55,1
20,60,2
20,61,1
20,63,1
20,67,2
20,68,2
20,71,3
20,72,3
20,74,2
20,75,2
20,77,2
20,78,2
20,80,3
20,81,2
20,82,4
20,84,3
20,85,2
20,87,3
20,88,3
20,89,1
20,91,2
20,92,1
20,94,3
20,95,1
20,97,7
20,98,1
20,99,3
20,101,1
20,102,3
20,104,3
20,105,7
20,107,5
20,108,5
20,109,2
20,111,7
20,112,4
20,114,7
20,115,1
20,116,3
20,118,5
20,119,6
20,121,1
20,122,7
20,124,6
20,125,9
20,126,4
20,128,4
20,129,8
20,131,12
20,132,6
20,134,6
20,135,4
20,136,8
20,138,5
20,139,4
20,141,4
20,142,8
20,143,5
20,145,5
20,146,5
20,148,9
20,149,7
20,151,10
20,152,10
20,153,13
20,155,4
20,156,12
20,158,18
20,159,14
20,161,4
20,162,9
20,163,8
20,165,17
20,166,5
20,168,7
20,169,10
20,170,17
20,172,9
20,173,11
20,175,11
20,176,7
20,178,9
20,179,11
20,180,11
20,182,12
20,183,6
20,185,7
20,186,16
20,188,10
20,189,9
20,190,18
20,192,10
20,193,13
20,195,6
20,196,12
20,197,20
20,199,18
20,200,12
20,202,13
20,203,14
20,205,15
20,206,5
20,207,11
20,209,10
20,210,8
20,212,10
20,213,17
20,214,5
20,216,22
20,217,12
20,219,13
20,220,15
20,222,16
20,223,8
20,224,14
20,226,14
20,227,15
20,229,2
20,230,7
20,232,15
20,233,18
20,234,9
20,236,9
20,237,13
20,239,4
20,240,11
20,241,3
20,243,15
20,244,24
20,246,6
20,247,12
20,249,13
20,250,20
20,251,13
20,253,10
20,254,9
20,256,13
20,257,7
20,259,13
20,260,15
20,261,9
20,263,5
20,264,13
20,266,14
20,267,12
20,268,6
20,270,10
20,271,10
20,273,13
20,274,9
20,276,13
20,277,5
20,278,15
20,280,9
20,281,9
20,283,11
20,284,8
20,286,8
20,287,7
20,288,9
20,290,7
20,291,6
20,293,12
20,294,9
20,295,20
20,297,6
20,298,7
20,300,7
20,301,6
20,303,4
20,304,6
20,305,7
20,307,5
20,308,5
20,310,4
20,311,9
20,313,6
20,314,9
20,315,2
20,317,4
20,318,5
20,320,6
20,321,5
20,322,5
20,324,7
20,325,3
20,327,6
20,328,4
20,330,10
20,331,4
20,332,3
20,334,4
20,335,1
20,337,3
20,338,3
20,339,1
20,341,5
20,342,6
20,344,3
20,345,2
20,347,1
20,348,1
20,349,2
20,351,2
20,352,2
20,355,3
20,357,1
20,358,1
20,361,2
20,364,1
20,367,1
21,21,1
21,24,1
21,28,1
21,31,3
21,33,1
21,34,2
21,44,2
21,47,1
21,51,1
21,53,1
21,54,1
21,55,2
21,57,1
21,58,3
21,60,3
21,61,3
21,63,5
21,64,1
21,65,2
21,67,5
21,70,3
21,71,4
21,72,5
21,74,5
21,77,4
21,78,4
21,80,3
21,81,3
21,82,2
21,84,7
21,85,6
21,87,6
21,88,5
21,89,7
21,91,5
21,92,2
21,94,4
21,95,15
21,97,2
21,98,4
21,99,3
21,101,5
21,102,7
21,104,6
21,105,9
21,107,10
21,108,9
21,109,5
21,111,8
21,112,4
21,114,5
21,115,6
21,116,3
21,118,13
21,119,18
21,121,8
21,122,6
21,124,21
21,125,11
21,126,8
21,128,11
21,129,17
21,131,17
21,132,14
21,134,10
21,135,18
21,136,6
21,138,10
21,139,11
21,141,26
21,142,19
21,143,16
21,145,13
21,146,27
21,148,21
21,149,13
21,151,19
21,152,33
21,153,22
21,155,16
21,156,20
21,158,36
21,159,21
21,161,12
21,162,17
21,163,40
21,165,34
21,166,12
21,168,16
21,169,38
21,170,25
21,172,15
21,173,14
21,175,48
21,176,32
21,178,18
21,179,13
21,180,39
21,182,26
21,183,17
21,185,23
21,186,49
21,188,30
21,189,17
21,190,16
21,192,42
21,193,39
21,195,18
21,196,31
21,197,43
21,199,19
21,200,17
21,202,12
21,203,37
21,205,30
21,206,25
21,207,31
21,209,55
21,210,38
21,212,10
21,213,29
21,214,43
21,216,36
21,217,24
21,219,17
21,220,47
21,222,37
21,223,18
21,224,28
21,226,30
21,227,36
21,229,12
21,230,32
21,232,48
21,233,26
21,234,17
21,236,18
21,237,34
21,239,37
21,240,12
21,241,19
21,243,43
21,244,27
21,246,14
21,247,20
21,249,40
21,250,27
21,251,8
21,253,20
21,254,32
21,256,23
21,257,15
21,259,15
21,260,35
21,261,28
21,263,18
21,264,31
21,266,33
21,267,23
21,268,15
21,270,22
21,271,16
21,273,26
21,274,13
21,276,19
21,277,29
21,278,22
21,280,10
21,281,14
21,283,19
21,284,15
21,286,12
21,287,25
21,288,18
21,290,17
21,291,8
21,293,13
21,294,18
21,295,20
21,297,13
21,298,15
21,300,20
21,301,12
21,303,6
21,304,5
21,305,11
21,307,13
21,308,6
21,310,17
21,311,13
21,313,15
21,314,7
21,315,7
21,317,10
21,318,7
21,320,9
21,321,5
21,322,9
21,324,15
21,325,4
21,327,3
21,328,4
21,330,4
21,331,5
21,332,6
21,334,5
21,335,3
21,337,7
21,338,7
21,339,5
21,341,6
21,344,5
21,345,5
21,347,4
21,348,2
21,349,6
21,351,2
21,352,5
21,354,3
21,355,1
21,357,6
21,358,2
21,361,1
21,362,2
21,367,1
23,16,1
23,17,1
23,26,3
23,31,1
23,34,1
23,37,1
23,38,2
23,40,1
23,41,1
23,43,3
23,44,3
23,45,2
23,47,3
23,50,2
23,51,3
23,53,2
23,55,3
23,57,3
23,58,2
23,61,3
23,64,3
23,65,5
23,67,3
23,68,2
23,70,1
23,71,3
23,72,3
23,74,6
23,75,2
23,77,1
23,78,4
23,80,8
23,81,3
23,82,4
23,84,6
23,85,8
23,87,3
23,88,3
23,89,7
23,91,7
23,92,2
23,94,7
23,95,4
23,97,6
23,98,8
23,99,9
23,101,3
23,102,14
23,104,7
23,105,14
23,107,18
23,108,14
23,109,5
23,111,13
23,112,7
23,114,10
23,115,14
23,116,10
23,118,11
23,119,26
23,121,8
23,122,12
23,124,13
23,125,23
23,126,9
23,128,10
23,129,14
23,131,16
23,132,13
23,134,6
23,135,18
23,136,21
23,138,14
23,139,14
23,141,28
23,142,26
23,143,14
23,145,15
23,146,24
23,148,27
23,149,14
23,151,14
23,152,32
23,153,23
23,155,13
23,156,16
23,158,32
23,159,27
23,161,16
23,162,10
23,163,30
23,165,25
23,166,12
23,168,20
23,169,26
23,170,26
23,172,13
23,173,21
23,175,30
23,176,27
23,178,18
23,179,19
23,180,37
23,182,32
23,183,13
23,185,26
23,186,39
23,188,31
23,189,14
23,190,22
23,192,27
23,193,27
23,195,16
23,196,23
23,197,42
23,199,24
23,200,20
23,202,18
23,203,31
23,205,32
23,206,18
23,207,26
23,209,46
23,210,27
23,212,14
23,213,23
23,214,35
23,216,44
23,217,18
23,219,20
23,220,44
23,222,38
23,223,17
23,224,20
23,226,22
23,227,36
23,229,15
23,230,25
23,232,34
23,233,43
23,234,19
23,236,20
23,237,32
23,239,34
23,240,21
23,241,29
23,243,39
23,244,39
23,246,18
23,247,28
23,249,30
23,250,29
23,251,22
23,253,20
23,254,38
23,256,29
23,257,24
23,259,27
23,260,25
23,261,31
23,263,18
23,264,26
23,266,25
23,267,33
23,268,17
23,270,32
23,271,22
23,273,37
23,274,16
23,276,25
23,277,28
23,278,22
23,280,12
23,281,23
23,283,24
23,284,21
23,286,11
23,287,19
23,288,18
23,290,20
23,291,20
23,293,21
23,294,20
23,295,17
23,297,6
23,298,19
23,300,11
23,301,11
23,303,11
23,304,7
23,305,13
23,307,18
23,308,8
23,310,13
23,311,19
23,313,16
23,314,7
23,315,14
23,317,17
23,318,14
23,320,3
23,321,11
23,322,12
23,324,11
23,325,3
23,327,10
23,328,11
23,330,11
23,331,1
23,332,7
23,334,9
23,335,5
23,337,3
23,338,1
23,339,8
23,341,8
23,342,2
23,344,5
23,345,3
23,347,4
23,348,3
23,349,3
23,351,5
23,352,4
23,355,4
23,357,1
23,358,5
23,362,1
23,364,2
23,365,1
23,366,1
23,367,1
24,10,1
24,13,1
24,16,1
24,28,1
24,30,1
24,33,2
24,34,2
24,38,3
24,41,1
24,43,1
24,44,3
24,45,2
24,47,2
24,48,3
24,50,2
24,51,1
24,54,2
24,55,4
24,57,1
24,60,2
24,61,2
24,63,2
24,64,1
24,67,3
24,70,2
24,71,1
24,72,3
24,74,6
24,75,2
24,77,2
24,78,2
24,80,2
24,81,6
24,82,3
24,84,8
24,85,12
24,87,3
24,88,4
24,89,8
24,91,2
24,92,5
24,94,6
24,95,3
24,97,11
24,98,4
24,99,3
24,101,6
24,102,16
24,104,6
24,105,7
24,107,12
24,108,10
24,109,7
24,111,7
24,112,6
24,114,10
24,115,8
24,116,5
24,118,11
24,119,10
24,121,13
24,122,5
24,124,9
24,125,12
24,126,5
24,128,9
24,129,14
24,131,13
24,132,11
24,134,15
24,135,12
24,136,20
24,138,8
24,139,8
24,141,21
24,142,24
24,143,11
24,145,12
24,146,15
24,148,19
24,149,14
24,151,16
24,152,19
24,153,22
24,155,11
24,156,11
24,158,21
24,159,21
24,161,8
24,162,16
24,163,17
24,165,27
24,166,12
24,168,14
24,169,21
24,170,24
24,172,9
24,173,18
24,175,33
24,176,31
24,178,14
24,179,17
24,180,28
24,182,23
24,183,18
24,185,22
24,186,37
24,188,33
24,189,14
24,190,21
24,192,28
24,193,24
24,195,17
24,196,21
24,197,25
24,199,29
24,200,10
24,202,20
24,203,22
24,205,22
24,206,13
24,207,18
24,209,40
24,210,38
24,212,8
24,213,27
24,214,21
24,216,21
24,217,15
24,219,26
24,220,28
24,222,33
24,223,17
24,224,16
24,226,21
24,227,27
24,229,16
24,230,17
24,232,30
24,233,33
24,234,10
24,236,23
24,237,20
24,239,32
24,240,17
24,241,23
24,243,25
24,244,34
24,246,11
24,247,20
24,249,19
24,250,33
24,251,10
24,253,20
24,254,22
24,256,31
24,257,12
24,259,16
24,260,17
24,261,19
24,263,13
24,264,23
24,266,21
24,267,20
24,268,14
24,270,16
24,271,15
24,273,13
24,274,12
24,276,20
24,277,13
24,278,26
24,280,8
24,281,14
24,283,20
24,284,28
24,286,14
24,287,18
24,288,22
24,290,20
24,291,7
24,293,12
24,294,11
24,295,22
24,297,11
24,298,13
24,300,14
24,301,16
24,303,7
24,304,9
24,305,5
24,307,16
24,308,5
24,310,13
24,311,8
24,313,11
24,314,6
24,315,6
24,317,11
24,318,10
24,320,8
24,321,2
24,322,7
24,324,5
24,325,6
24,327,8
24,328,9
24,330,12
24,331,3
24,332,7
24,334,10
24,335,7
24,337,5
24,338,9
24,339,5
24,341,1
24,342,3
24,344,4
24,345,2
24,347,1
24,348,5
24,349,2
24,351,4
24,352,2
24,354,3
24,355,5
24,357,3
24,358,5
24,359,1
24,361,1
24,362,3
24,366,1
26,17,1
26,28,1
26,33,1
26,34,2
26,36,2
26,40,1
26,45,2
26,50,1
26,51,1
26,53,3
26,55,2
26,57,1
26,58,1
26,60,1
26,61,1
26,63,1
26,64,1
26,67,1
26,68,2
26,70,2
26,71,7
26,72,1
26,74,3
26,75,1
26,77,4
26,78,4
26,80,4
26,81,4
26,82,5
26,84,8
26,85,2
26,87,1
26,88,4
26,89,2
26,91,7
26,92,8
26,94,7
26,95,9
26,97,6
26,98,2
26,99,10
26,101,10
26,102,7
26,104,7
26,105,9
26,107,12
26,108,8
26,109,2
26,111,4
26,112,8
26,114,10
26,115,7
26,116,8
26,118,14
26,119,11
26,121,4
26,122,9
26,124,14
26,125,10
26,126,5
26,128,18
26,129,7
26,131,9
26,132,4
26,134,13
26,135,15
26,136,9
26,138,5
26,139,13
26,141,18
26,142,14
26,143,11
26,145,8
26,146,11
26,148,14
26,149,9
26,151,9
26,152,18
26,153,19
26,155,7
26,156,15
26,158,21
26,159,18
26,161,8
26,162,15
26,163,23
26,165,32
26,166,9
26,168,19
26,169,18
26,170,28
26,172,8
26,173,15
26,175,23
26,176,31
26,178,4
26,179,16
26,180,18
26,182,28
26,183,14
26,185,22
26,186,24
26,188,26
26,189,19
26,190,16
26,192,28
26,193,33
26,195,15
26,196,30
26,197,26
26,199,31
26,200,12
26,202,17
26,203,48
26,205,25
26,206,13
26,207,17
26,209,25
26,210,32
26,212,15
26,213,24
26,214,23
26,216,26
26,217,15
26,219,28
26,220,36
26,222,33
26,223,18
26,224,17
26,226,27
26,227,28
26,229,16
26,230,22
26,232,36
26,233,21
26,234,18
26,236,18
26,237,28
26,239,30
26,240,11
26,241,24
26,243,33
26,244,22
26,246,23
26,247,26
26,249,26
26,250,32
26,251,14
26,253,22
26,254,22
26,256,26
26,257,15
26,259,16
26,260,18
26,261,20
26,263,12
26,264,22
26,266,11
26,267,21
26,268,16
26,270,15
26,271,21
26,273,23
26,274,14
26,276,14
26,277,15
26,278,14
26,280,11
26,281,14
26,283,13
26,284,17
26,286,11
26,287,12
26,288,13
26,290,16
26,291,7
26,293,17
26,294,13
26,295,16
26,297,10
26,298,17
26,300,11
26,301,11
26,303,8
26,304,11
26,305,9
26,307,10
26,308,9
26,310,11
26,311,5
26,313,10
26,314,6
26,315,10
26,317,6
26,318,10
26,320,4
26,321,6
26,322,7
26,324,6
26,325,10
26,327,10
26,328,1
26,330,5
26,331,2
26,332,7
26,334,2
26,335,10
26,337,3
26,338,7
26,339,3
26,341,4
26,342,1
26,344,9
26,345,2
26,347,2
26,348,2
26,349,5
26,351,4
26,352,3
26,354,2
26,355,2
26,357,1
26,358,1
26,359,1
26,361,2
26,367,1
27,10,1
27,16,1
27,21,1
27,23,1
27,24,1
27,26,1
27,27,1
27,28,1
27,30,1
27,31,1
27,37,2
27,38,1
27,40,1
27,41,1
27,43,3
27,44,2
27,45,2
27,47,2
27,48,1
27,50,2
27,51,3
27,53,5
27,54,1
27,55,2
27,57,2
27,58,3
27,60,2
27,61,4
27,63,5
27,64,2
27,65,1
27,67,1
27,70,2
27,71,2
27,72,2
27,74,1
27,75,4
27,77,5
27,78,6
27,80,1
27,81,5
27,82,2
27,84,7
27,85,10
27,87,6
27,88,7
27,89,13
27,91,12
27,92,3
27,94,7
27,95,9
27,97,4
27,98,8
27,99,7
27,101,18
27,102,13
27,104,9
27,105,9
27,107,19
27,108,13
27,109,8
27,111,13
27,112,14
27,114,19
27,115,4
27,116,11
27,118,23
27,119,15
27,121,13
27,122,13
27,124,23
27,125,14
27,126,17
27,128,20
27,129,41
27,131,28
27,132,5
27,134,9
27,135,42
27,136,16
27,138,14
27,139,15
27,141,40
27,142,40
27,143,14
27,145,22
27,146,44
27,148,25
27,149,14
27,151,18
27,152,42
27,153,35
27,155,17
27,156,31
27,158,53
27,159,34
27,161,22
27,162,20
27,163,68
27,165,43
27,166,28
27,168,34
27,169,54
27,170,37
27,172,23
27,173,33
27,175,70
27,176,57
27,178,22
27,179,43
27,180,67
27,182,39
27,183,31
27,185,42
27,186,84
27,188,57
27,189,20
27,190,35
27,192,57
27,193,43
27,195,30
27,196,34
27,197,76
27,199,51
27,200,33
27,202,48
27,203,87
27,205,39
27,206,22
27,207,34
27,209,78
27,210,64
27,212,22
27,213,40
27,214,64
27,216,48
27,217,30
27,219,38
27,220,75
27,222,57
27,223,23
27,224,27
27,226,57
27,227,49
27,229,23
27,230,37
27,232,64
27,233,53
27,234,28
27,236,32
27,237,66
27,239,41
27,240,31
27,241,34
27,243,65
27,244,55
27,246,28
27,247,31
27,249,66
27,250,49
27,251,24
27,253,35
27,254,68
27,256,43
27,257,25
27,259,34
27,260,57
27,261,39
27,263,27
27,264,31
27,266,34
27,267,33
27,268,17
27,270,29
27,271,48
27,273,31
27,274,19
27,276,26
27,277,27
27,278,40
27,280,11
27,281,21
27,283,44
27,284,34
27,286,27
27,287,25
27,288,37
27,290,24
27,291,22
27,293,24
27,294,35
27,295,29
27,297,17
27,298,20
27,300,22
27,301,30
27,303,15
27,304,20
27,305,19
27,307,27
27,308,14
27,310,19
27,311,18
27,313,22
27,314,7
27,315,13
27,317,22
27,318,18
27,320,15
27,321,16
27,322,10
27,324,17
27,325,7
27,327,11
27,328,9
27,330,14
27,331,8
27,332,11
27,334,6
27,335,11
27,337,8
27,338,7
27,339,4
27,341,5
27,342,6
27,344,4
27,345,4
27,347,5
27,348,4
27,349,6
27,351,5
27,352,9
27,354,2
27,355,5
27,357,4
27,358,2
27,359,3
27,361,4
27,362,4
27,364,4
27,367,3
28,18,1
28,21,2
28,24,2
28,26,3
28,27,1
28,28,1
28,31,2
28,33,2
28,34,1
28,37,2
28,38,2
28,40,3
28,41,2
28,43,3
28,44,2
28,45,4
28,47,1
28,48,2
28,50,2
28,51,1
28,53,2
28,54,3
28,55,4
28,58,1
28,60,2
28,61,1
28,63,4
28,64,1
28,65,6
28,67,6
28,68,6
28,70,2
28,71,2
28,72,10
28,74,7
28,75,5
28,77,2
28,78,8
28,80,7
28,81,5
28,82,3
28,84,14
28,85,16
28,87,1
28,88,4
28,89,12
28,91,13
28,92,4
28,94,14
28,95,9
28,97,9
28,98,7
28,99,15
28,101,8
28,102,18
28,104,11
28,105,12
28,107,11
28,108,13
28,109,10
28,111,15
28,112,17
28,114,28
28,115,15
28,116,14
28,118,16
28,119,33
28,121,11
28,122,22
28,124,32
28,125,30
28,126,8
28,128,18
28,129,22
28,131,30
28,132,14
28,134,12
28,135,29
28,136,43
28,138,17
28,139,19
28,141,22
28,142,34
28,143,8
28,145,22
28,146,27
28,148,35
28,149,14
28,151,24
28,152,36
28,153,28
28,155,18
28,156,17
28,158,36
28,159,41
28,161,28
28,162,30
28,163,49
28,165,62
28,166,16
28,168,29
28,169,41
28,170,60
28,172,24
28,173,39
28,175,49
28,176,34
28,178,26
28,179,27
28,180,50
28,182,56
28,183,22
28,185,52
28,186,37
28,188,53
28,189,25
28,190,27
28,192,49
28,193,37
28,195,22
28,196,36
28,197,42
28,199,57
28,200,30
28,202,33
28,203,55
28,205,52
28,206,25
28,207,35
28,209,53
28,210,68
28,212,21
28,213,34
28,214,61
28,216,54
28,217,27
28,219,34
28,220,43
28,222,50
28,223,20
28,224,37
28,226,52
28,227,36
28,229,22
28,230,42
28,232,59
28,233,41
28,234,28
28,236,30
28,237,41
28,239,43
28,240,35
28,241,41
28,243,44
28,244,39
28,246,31
28,247,37
28,249,49
28,250,66
28,251,31
28,253,31
28,254,38
28,256,32
28,257,23
28,259,30
28,260,41
28,261,40
28,263,19
28,264,32
28,266,49
28,267,47
28,268,28
28,270,30
28,271,41
28,273,45
28,274,22
28,276,22
28,277,33
28,278,44
28,280,21
28,281,23
28,283,23
28,284,42
28,286,21
28,287,28
28,288,36
28,290,33
28,291,23
28,293,20
28,294,32
28,295,34
28,297,16
28,298,21
28,300,23
28,301,27
28,303,17
28,304,27
28,305,23
28,307,27
28,308,13
28,310,15
28,311,25
28,313,23
28,314,8
28,315,17
28,317,15
28,318,16
28,320,9
28,321,16
28,322,23
28,324,10
28,325,13
28,327,17
28,328,9
28,330,19
28,331,6
28,332,12
28,334,16
28,335,15
28,337,5
28,338,9
28,339,12
28,341,13
28,342,4
28,344,8
28,345,4
28,347,4
28,348,2
28,349,12
28,351,2
28,352,8
28,354,6
28,355,7
28,357,3
28,358,5
28,359,2
28,361,1
28,362,5
28,364,2
28,367,2
30,16,1
30,21,1
30,26,1
30,27,1
30,33,2
30,34,1
30,36,5
30,40,3
30,41,2
30,43,2
30,44,2
30,45,2
30,48,2
30,50,1
30,51,2
30,53,3
30,55,3
30,57,2
30,58,1
30,60,2
30,61,6
30,63,6
30,65,7
30,67,3
30,68,5
30,70,4
30,71,4
30,72,4
30,74,9
30,75,3
30,77,4
30,78,6
30,80,2
30,81,8
30,82,5
30,84,9
30,85,4
30,87,3
30,88,10
30,89,11
30,91,5
30,92,7
30,94,10
30,95,9
30,97,14
30,98,5
30,99,3
30,101,17
30,102,16
30,104,8
30,105,6
30,107,12
30,108,15
30,109,9
30,111,14
30,112,8
30,114,12
30,115,18
30,116,4
30,118,15
30,119,20
30,121,13
30,122,16
30,124,12
30,125,18
30,126,14
30,128,19
30,129,18
30,131,23
30,132,14
30,134,14
30,135,15
30,136,26
30,138,9
30,139,11
30,141,27
30,142,39
30,143,11
30,145,9
30,146,29
30,148,40
30,149,12
30,151,18
30,152,28
30,153,38
30,155,14
30,156,23
30,158,37
30,159,35
30,161,17
30,162,25
30,163,30
30,165,26
30,166,23
30,168,14
30,169,30
30,170,34
30,172,10
30,173,30
30,175,34
30,176,31
30,178,16
30,179,22
30,180,45
30,182,34
30,183,16
30,185,20
30,186,38
30,188,31
30,189,18
30,190,23
30,192,41
30,193,43
30,195,15
30,196,29
30,197,41
30,199,33
30,200,22
30,202,22
30,203,37
30,205,48
30,206,20
30,207,35
30,209,27
30,210,48
30,212,30
30,213,19
30,214,40
30,216,46
30,217,22
30,219,41
30,220,38
30,222,55
30,223,22
30,224,33
30,226,44
30,227,44
30,229,24
30,230,32
30,232,42
30,233,40
30,234,26
30,236,27
30,237,35
30,239,44
30,240,22
30,241,34
30,243,42
30,244,44
30,246,29
30,247,38
30,249,42
30,250,43
30,251,22
30,253,27
30,254,25
30,256,46
30,257,20
30,259,39
30,260,37
30,261,40
30,263,15
30,264,28
30,266,30
30,267,44
30,268,23
30,270,18
30,271,29
30,273,31
30,274,30
30,276,33
30,277,28
30,278,40
30,280,25
30,281,25
30,283,20
30,284,27
30,286,11
30,287,18
30,288,25
30,290,27
30,291,17
30,293,24
30,294,23
30,295,26
30,297,10
30,298,22
30,300,20
30,301,26
30,303,7
30,304,9
30,305,10
30,307,19
30,308,13
30,310,22
30,311,17
30,313,24
30,314,11
30,315,10
30,317,13
30,318,20
30,320,14
30,321,13
30,322,15
30,324,12
30,325,7
30,327,6
30,328,13
30,330,12
30,331,7
30,332,8
30,334,10
30,335,11
30,337,8
30,338,9
30,339,9
30,341,8
30,342,8
30,344,4
30,345,7
30,347,6
30,348,4
30,349,4
30,351,4
30,352,8
30,354,3
30,355,2
30,357,3
30,358,4
30,359,1
30,361,5
30,362,1
30,364,4
30,366,2
30,367,1
31,26,1
31,27,2
31,28,1
31,33,2
31,34,1
31,37,2
31,38,2
31,40,1
31,41,1
31,43,1
31,44,1
31,45,2
31,48,1
31,50,1
31,51,7
31,53,1
31,54,1
31,55,4
31,57,3
31,58,2
31,60,3
31,61,3
31,63,4
31,64,2
31,65,2
31,67,3
31,68,4
31,70,3
31,71,3
31,72,5
31,74,3
31,75,4
31,77,5
31,78,8
31,80,5
31,81,3
31,82,5
31,84,4
31,85,8
31,87,3
31,88,4
31,89,9
31,91,5
31,92,5
31,94,5
31,95,8
31,97,8
31,98,12
31,99,6
31,101,12
31,102,7
31,104,5
31,105,8
31,107,11
31,108,14
31,109,5
31,111,16
31,112,12
31,114,7
31,115,8
31,116,19
31,118,8
31,119,20
31,121,10
31,122,15
31,124,17
31,125,21
31,126,6
31,128,14
31,129,12
31,131,21
31,132,12
31,134,18
31,135,26
31,136,21
31,138,11
31,139,23
31,141,19
31,142,26
31,143,12
31,145,18
31,146,33
31,148,34
31,149,11
31,151,22
31,152,25
31,153,29
31,155,16
31,156,23
31,158,27
31,159,24
31,161,18
31,162,35
31,163,25
31,165,33
31,166,18
31,168,31
31,169,37
31,170,34
31,172,13
31,173,38
31,175,31
31,176,29
31,178,18
31,179,29
31,180,45
31,182,33
31,183,25
31,185,28
31,186,36
31,188,51
31,189,15
31,190,36
31,192,36
31,193,42
31,195,26
31,196,41
31,197,41
31,199,44
31,200,18
31,202,29
31,203,46
31,205,38
31,206,22
31,207,32
31,209,36
31,210,36
31,212,23
31,213,37
31,214,44
31,216,36
31,217,23
31,219,33
31,220,39
31,222,50
31,223,32
31,224,35
31,226,47
31,227,47
31,229,35
31,230,27
31,232,36
31,233,45
31,234,23
31,236,31
31,237,48
31,239,31
31,240,23
31,241,31
31,243,28
31,244,37
31,246,27
31,247,32
31,249,44
31,250,47
31,251,27
31,253,31
31,254,36
31,256,37
31,257,30
31,259,32
31,260,32
31,261,38
31,263,20
31,264,21
31,266,18
31,267,27
31,268,22
31,270,36
31,271,16
31,273,20
31,274,21
31,276,24
31,277,23
31,278,28
31,280,18
31,281,33
31,283,23
31,284,23
31,286,14
31,287,16
31,288,26
31,290,21
31,291,19
31,293,18
31,294,16
31,295,19
31,297,17
31,298,24
31,300,24
31,301,20
31,303,16
31,304,23
31,305,14
31,307,18
31,308,13
31,310,16
31,311,11
31,313,16
31,314,13
31,315,14
31,317,14
31,318,16
31,320,6
31,321,9
31,322,16
31,324,12
31,325,8
31,327,13
31,328,13
31,330,13
31,331,6
31,332,10
31,334,8
31,335,10
31,337,3
31,338,6
31,339,7
31,341,7
31,342,5
31,344,5
31,345,6
31,347,3
31,348,2
31,349,3
31,351,2
31,352,4
31,354,5
31,355,2
31,357,1
31,358,6
31,361,4
31,366,2
31,367,2
33,14,1
33,16,1
33,21,2
33,24,1
33,26,1
33,27,1
33,30,1
33,31,1
33,33,3
33,34,1
33,36,3
33,37,2
33,38,1
33,40,1
33,43,2
33,44,2
33,45,2
33,47,2
33,48,2
33,50,3
33,53,2
33,55,3
33,57,3
33,58,10
33,60,2
33,61,6
33,64,1
33,65,3
33,67,7
33,68,4
33,70,8
33,71,5
33,72,8
33,74,4
33,75,5
33,77,4
33,78,13
33,80,9
33,81,7
33,82,7
33,84,17
33,85,13
33,87,8
33,88,5
33,89,14
33,91,12
33,92,9
33,94,9
33,95,21
33,97,16
33,98,13
33,99,13
33,101,19
33,102,16
33,104,7
33,105,14
33,107,31
33,108,24
33,109,16
33,111,13
33,112,45
33,114,19
33,115,13
33,116,11
33,118,32
33,119,38
33,121,16
33,122,25
33,124,55
33,125,30
33,126,17
33,128,14
33,129,66
33,131,48
33,132,29
33,134,22
33,135,77
33,136,47
33,138,27
33,139,26
33,141,98
33,142,48
33,143,31
33,145,38
33,146,107
33,148,54
33,149,23
33,151,50
33,152,112
33,153,61
33,155,45
33,156,46
33,158,104
33,159,43
33,161,45
33,162,49
33,163,126
33,165,69
33,166,38
33,168,43
33,169,132
33,170,85
33,172,39
33,173,46
33,175,157
33,176,91
33,178,57
33,179,55
33,180,136
33,182,82
33,183,40
33,185,57
33,186,178
33,188,90
33,189,65
33,190,60
33,192,141
33,193,75
33,195,44
33,196,76
33,197,164
33,199,105
33,200,52
33,202,62
33,203,150
33,205,88
33,206,39
33,207,80
33,209,160
33,210,87
33,212,44
33,213,77
33,214,162
33,216,83
33,217,42
33,219,67
33,220,151
33,222,82
33,223,68
33,224,63
33,226,127
33,227,68
33,229,45
33,230,77
33,232,144
33,233,90
33,234,46
33,236,62
33,237,120
33,239,76
33,240,45
33,241,73
33,243,124
33,244,82
33,246,59
33,247,54
33,249,117
33,250,73
33,251,37
33,253,65
33,254,116
33,256,75
33,257,47
33,259,55
33,260,85
33,261,77
33,263,42
33,264,58
33,266,96
33,267,52
33,268,38
33,270,31
33,271,84
33,273,46
33,274,33
33,276,46
33,277,98
33,278,50
33,280,25
33,281,45
33,283,67
33,284,48
33,286,36
33,287,44
33,288,48
33,290,41
33,291,29
33,293,29
33,294,47
33,295,41
33,297,26
33,298,35
33,300,58
33,301,47
33,303,19
33,304,18
33,305,36
33,307,37
33,308,12
33,310,27
33,311,26
33,313,20
33,314,14
33,315,25
33,317,19
33,318,25
33,320,24
33,321,25
33,322,16
33,324,22
33,325,19
33,327,12
33,328,23
33,330,21
33,331,17
33,332,11
33,334,18
33,335,13
33,337,13
33,338,6
33,339,9
33,341,12
33,342,7
33,344,13
33,345,10
33,347,12
33,348,6
33,349,6
33,351,14
33,352,10
33,354,3
33,355,6
33,357,10
33,358,5
33,359,4
33,361,3
33,362,7
33,365,1
33,366,3
33,367,1
34,10,2
34,11,1
34,14,2
34,16,1
34,20,2
34,21,1
34,23,4
34,24,1
34,27,2
34,28,2
34,31,5
34,33,2
34,34,1
34,36,4
34,37,5
34,40,6
34,41,4
34,44,4
34,45,3
34,47,1
34,48,5
34,50,4
34,51,6
34,53,2
34,54,2
34,55,7
34,57,4
34,58,7
34,60,6
34,61,7
34,63,12
34,64,2
34,65,7
34,67,8
34,68,8
34,70,6
34,71,5
34,72,13
34,74,11
34,75,6
34,77,11
34,78,17
34,80,17
34,81,9
34,82,9
34,84,15
34,85,14
34,87,9
34,88,12
34,89,26
34,91,22
34,92,8
34,94,17
34,95,25
34,97,24
34,98,16
34,99,19
34,101,21
34,102,32
34,104,23
34,105,20
34,107,33
34,108,27
34,109,28
34,111,20
34,112,25
34,114,44
34,115,10
34,116,24
34,118,38
34,119,42
34,121,19
34,122,25
34,124,40
34,125,39
34,126,21
34,128,35
34,129,63
34,131,62
34,132,23
34,134,22
34,135,48
34,136,66
34,138,20
34,139,35
34,141,88
34,142,75
34,143,32
34,145,32
34,146,52
34,148,64
34,149,31
34,151,42
34,152,73
34,153,82
34,155,30
34,156,45
34,158,73
34,159,88
34,161,38
34,162,48
34,163,114
34,165,96
34,166,42
34,168,48
34,169,70
34,170,72
34,172,39
34,173,66
34,175,100
34,176,95
34,178,52
34,179,63
34,180,85
34,182,88
34,183,36
34,185,60
34,186,93
34,188,97
34,189,52
34,190,41
34,192,85
34,193,103
34,195,46
34,196,60
34,197,128
34,199,115
34,200,36
34,202,49
34,203,92
34,205,84
34,206,41
34,207,63
34,209,121
34,210,115
34,212,49
34,213,61
34,214,103
34,216,93
34,217,52
34,219,78
34,220,102
34,222,101
34,223,48
34,224,67
34,226,97
34,227,100
34,229,49
34,230,63
34,232,118
34,233,114
34,234,57
34,236,64
34,237,78
34,239,88
34,240,46
34,241,77
34,243,99
34,244,100
34,246,59
34,247,40
34,249,77
34,250,84
34,251,34
34,253,65
34,254,81
34,256,97
34,257,29
34,259,55
34,260,78
34,261,68
34,263,60
34,264,64
34,266,91
34,267,90
34,268,43
34,270,48
34,271,67
34,273,58
34,274,30
34,276,46
34,277,67
34,278,60
34,280,28
34,281,43
34,283,56
34,284,51
34,286,28
34,287,52
34,288,59
34,290,42
34,291,42
34,293,40
34,294,49
34,295,50
34,297,33
34,298,36
34,300,54
34,301,56
34,303,23
34,304,35
34,305,40
34,307,45
34,308,16
34,310,35
34,311,32
34,313,43
34,314,32
34,315,35
34,317,29
34,318,31
34,320,22
34,321,21
34,322,24
34,324,25
34,325,20
34,327,22
34,328,21
34,330,18
34,331,11
34,332,24
34,334,18
34,335,19
34,337,12
34,338,14
34,339,19
34,341,9
34,342,9
34,344,10
34,345,12
34,347,16
34,348,7
34,349,10
34,351,3
34,352,17
34,354,7
34,355,7
34,357,9
34,358,6
34,359,3
34,361,4
34,362,5
34,364,4
34,365,1
34,366,4
34,367,4
36,10,1
36,14,1
36,16,1
36,21,2
36,23,1
36,24,1
36,26,1
36,27,2
36,28,2
36,30,3
36,31,1
36,33,2
36,34,3
36,36,3
36,37,4
36,38,2
36,40,2
36,41,3
36,43,2
36,44,3
36,45,3
36,47,5
36,48,2
36,50,6
36,51,3
36,53,7
36,54,3
36,55,3
36,57,6
36,58,1
36,60,6
36,61,6
36,63,4
36,64,1
36,65,7
36,67,5
36,68,10
36,70,3
36,71,6
36,72,6
36,74,6
36,75,5
36,77,2
36,78,12
36,80,15
36,81,5
36,82,6
36,84,16
36,85,14
36,87,8
36,88,2
36,89,17
36,91,17
36,92,12
36,94,12
36,95,22
36,97,12
36,98,14
36,99,3
36,101,14
36,102,20
36,104,10
36,105,14
36,107,24
36,108,23
36,109,13
36,111,21
36,112,23
36,114,29
36,115,15
36,116,16
36,118,35
36,119,33
36,121,18
36,122,18
36,124,25
36,125,37
36,126,18
36,128,22
36,129,49
36,131,44
36,132,19
36,134,27
36,135,28
36,136,38
36,138,25
36,139,36
36,141,56
36,142,51
36,143,25
36,145,24
36,146,41
36,148,35
36,149,27
36,151,39
36,152,59
36,153,55
36,155,33
36,156,37
36,158,44
36,159,39
36,161,36
36,162,45
36,163,78
36,165,64
36,166,34
36,168,33
36,169,49
36,170,38
36,172,33
36,173,48
36,175,93
36,176,92
36,178,27
36,179,51
36,180,66
36,182,57
36,183,33
36,185,49
36,186,71
36,188,88
36,189,45
36,190,48
36,192,59
36,193,50
36,195,48
36,196,63
36,197,107
36,199,92
36,200,49
36,202,49
36,203,56
36,205,75
36,206,35
36,207,60
36,209,88
36,210,90
36,212,48
36,213,45
36,214,74
36,216,76
36,217,30
36,219,60
36,220,100
36,222,77
36,223,45
36,224,61
36,226,58
36,227,74
36,229,36
36,230,62
36,232,79
36,233,75
36,234,40
36,236,40
36,237,65
36,239,76
36,240,33
36,241,58
36,243,73
36,244,73
36,246,50
36,247,47
36,249,57
36,250,71
36,251,36
36,253,43
36,254,69
36,256,80
36,257,33
36,259,44
36,260,59
36,261,67
36,263,35
36,264,54
36,266,58
36,267,57
36,268,33
36,270,37
36,271,50
36,273,56
36,274,37
36,276,50
36,277,50
36,278,55
36,280,29
36,281,32
36,283,34
36,284,53
36,286,28
36,287,42
36,288,37
36,290,48
36,291,27
36,293,32
36,294,25
36,295,45
36,297,25
36,298,22
36,300,35
36,301,37
36,303,13
36,304,21
36,305,34
36,307,40
36,308,23
36,310,25
36,311,18
36,313,28
36,314,18
36,315,13
36,317,21
36,318,25
36,320,12
36,321,14
36,322,16
36,324,17
36,325,10
36,327,12
36,328,14
36,330,13
36,331,7
36,332,14
36,334,12
36,335,16
36,337,13
36,338,9
36,339,16
36,341,15
36,342,6
36,344,8
36,345,15
36,347,10
36,348,8
36,349,9
36,351,5
36,352,5
36,354,2
36,355,5
36,357,5
36,358,6
36,359,5
36,361,2
36,362,2
36,364,3
36,365,2
36,366,2
36,367,3
37,13,2
37,20,1
37,21,1
37,23,1
37,24,1
37,26,4
37,31,1
37,33,1
37,34,1
37,36,2
37,38,2
37,40,3
37,43,3
37,44,4
37,45,1
37,47,3
37,48,4
37,50,2
37,51,5
37,53,4
37,54,4
37,55,5
37,57,2
37,58,1
37,60,3
37,61,4
37,63,4
37,65,5
37,67,6
37,68,6
37,70,5
37,71,5
37,72,9
37,74,5
37,75,4
37,77,6
37,78,11
37,80,14
37,81,6
37,82,15
37,84,9
37,85,13
37,87,7
37,88,7
37,89,12
37,91,11
37,92,6
37,94,18
37,95,13
37,97,15
37,98,4
37,99,21
37,101,11
37,102,15
37,104,12
37,105,19
37,107,19
37,108,24
37,109,11
37,111,18
37,112,22
37,114,28
37,115,11
37,116,27
37,118,27
37,119,28
37,121,20
37,122,22
37,124,27
37,125,29
37,126,12
37,128,37
37,129,38
37,131,46
37,132,19
37,134,23
37,135,38
37,136,48
37,138,15
37,139,33
37,141,37
37,142,53
37,143,19
37,145,38
37,146,34
37,148,49
37,149,24
37,151,48
37,152,41
37,153,52
37,155,29
37,156,41
37,158,52
37,159,64
37,161,22
37,162,52
37,163,56
37,165,49
37,166,33
37,168,47
37,169,76
37,170,59
37,172,26
37,173,53
37,175,70
37,176,74
37,178,40
37,179,45
37,180,67
37,182,72
37,183,41
37,185,65
37,186,69
37,188,71
37,189,44
37,190,51
37,192,69
37,193,75
37,195,32
37,196,74
37,197,72
37,199,92
37,200,49
37,202,54
37,203,78
37,205,72
37,206,36
37,207,72
37,209,77
37,210,98
37,212,47
37,213,56
37,214,61
37,216,71
37,217,34
37,219,54
37,220,79
37,222,88
37,223,47
37,224,57
37,226,78
37,227,64
37,229,48
37,230,47
37,232,67
37,233,85
37,234,46
37,236,70
37,237,70
37,239,64
37,240,47
37,241,43
37,243,66
37,244,79
37,246,38
37,247,49
37,249,83
37,250,71
37,251,31
37,253,64
37,254,63
37,256,85
37,257,50
37,259,38
37,260,54
37,261,48
37,263,29
37,264,53
37,266,50
37,267,45
37,268,41
37,270,50
37,271,47
37,273,46
37,274,44
37,276,47
37,277,45
37,278,59
37,280,29
37,281,38
37,283,37
37,284,55
37,286,33
37,287,36
37,288,38
37,290,37
37,291,29
37,293,26
37,294,33
37,295,32
37,297,26
37,298,39
37,300,25
37,301,24
37,303,18
37,304,30
37,305,20
37,307,35
37,308,17
37,310,22
37,311,22
37,313,33
37,314,17
37,315,19
37,317,12
37,318,24
37,320,17
37,321,21
37,322,18
37,324,15
37,325,17
37,327,12
37,328,18
37,330,20
37,331,10
37,332,19
37,334,4
37,335,12
37,337,10
37,338,11
37,339,6
37,341,13
37,342,16
37,344,7
37,345,5
37,347,6
37,348,7
37,349,9
37,351,8
37,352,5
37,354,6
37,355,3
37,357,7
37,358,4
37,359,4
37,361,6
37,362,2
37,364,3
37,365,3
37,366,3
37,367,2
38,13,1
38,18,3
38,21,1
38,23,1
38,28,3
38,30,1
38,31,1
38,33,2
38,34,2
38,36,5
38,37,1
38,38,4
38,40,2
38,41,1
38,43,3
38,44,4
38,45,3
38,47,1
38,48,2
38,50,4
38,51,2
38,53,4
38,54,2
38,55,9
38,57,9
38,58,5
38,60,4
38,61,3
38,63,11
38,64,5
38,65,5
38,67,7
38,68,13
38,70,3
38,71,11
38,72,7
38,74,14
38,75,6
38,77,4
38,78,15
38,80,4
38,81,8
38,82,10
38,84,22
38,85,15
38,87,10
38,88,15
38,89,27
38,91,13
38,92,18
38,94,15
38,95,34
38,97,23
38,98,12
38,99,20
38,101,37
38,102,23
38,104,20
38,105,19
38,107,42
38,108,32
38,109,20
38,111,19
38,112,55
38,114,41
38,115,20
38,116,26
38,118,48
38,119,57
38,121,25
38,122,28
38,124,65
38,125,40
38,126,28
38,128,43
38,129,88
38,131,59
38,132,39
38,134,44
38,135,98
38,136,65
38,138,33
38,139,53
38,141,108
38,142,98
38,143,43
38,145,60
38,146,128
38,148,77
38,149,40
38,151,55
38,152,144
38,153,111
38,155,54
38,156,70
38,158,156
38,159,97
38,161,44
38,162,68
38,163,175
38,165,121
38,166,71
38,168,78
38,169,172
38,170,115
38,172,55
38,173,74
38,175,175
38,176,158
38,178,53
38,179,73
38,180,171
38,182,122
38,183,64
38,185,86
38,186,190
38,188,153
38,189,67
38,190,71
38,192,195
38,193,120
38,195,49
38,196,105
38,197,192
38,199,166
38,200,66
38,202,79
38,203,180
38,205,111
38,206,47
38,207,104
38,209,219
38,210,162
38,212,58
38,213,104
38,214,172
38,216,146
38,217,54
38,219,113
38,220,157
38,222,142
38,223,65
38,224,90
38,226,171
38,227,135
38,229,59
38,230,99
38,232,171
38,233,138
38,234,55
38,236,89
38,237,148
38,239,92
38,240,57
38,241,89
38,243,148
38,244,129
38,246,70
38,247,83
38,249,165
38,250,115
38,251,63
38,253,101
38,254,113
38,256,131
38,257,64
38,259,94
38,260,115
38,261,96
38,263,53
38,264,84
38,266,114
38,267,105
38,268,72
38,270,74
38,271,114
38,273,84
38,274,48
38,276,67
38,277,93
38,278,77
38,280,50
38,281,54
38,283,82
38,284,71
38,286,42
38,287,54
38,288,72
38,290,71
38,291,38
38,293,58
38,294,72
38,295,62
38,297,32
38,298,57
38,300,66
38,301,59
38,303,35
38,304,49
38,305,66
38,307,68
38,308,28
38,310,50
38,311,55
38,313,52
38,314,36
38,315,29
38,317,37
38,318,42
38,320,34
38,321,26
38,322,25
38,324,37
38,325,21
38,327,26
38,328,29
38,330,24
38,331,23
38,332,30
38,334,20
38,335,18
38,337,18
38,338,14
38,339,14
38,341,14
38,342,9
38,344,13
38,345,11
38,347,13
38,348,6
38,349,14
38,351,10
38,352,11
38,354,11
38,355,15
38,357,13
38,358,9
38,361,8
38,362,12
38,364,4
38,366,1
38,367,7
40,10,2
40,11,1
40,14,3
40,20,1
40,21,5
40,23,2
40,26,3
40,27,3
40,28,1
40,30,3
40,31,5
40,34,3
40,36,3
40,37,3
40,38,8
40,40,3
40,41,3
40,43,4
40,44,9
40,45,13
40,47,3
40,48,7
40,50,12
40,51,10
40,53,3
40,54,5
40,55,10
40,57,14
40,58,5
40,60,6
40,61,11
40,63,13
40,64,10
40,65,8
40,67,7
40,68,10
40,70,11
40,71,7
40,72,13
40,74,16
40,75,12
40,77,11
40,78,15
40,80,22
40,81,11
40,82,21
40,84,21
40,85,20
40,87,12
40,88,24
40,89,29
40,91,37
40,92,17
40,94,32
40,95,27
40,97,38
40,98,12
40,99,30
40,101,28
40,102,45
40,104,21
40,105,38
40,107,41
40,108,47
40,109,23
40,111,26
40,112,38
40,114,63
40,115,24
40,116,35
40,118,39
40,119,66
40,121,30
40,122,38
40,124,46
40,125,73
40,126,29
40,128,37
40,129,62
40,131,70
40,132,39
40,134,35
40,135,81
40,136,87
40,138,38
40,139,56
40,141,94
40,142,93
40,143,30
40,145,62
40,146,93
40,148,103
40,149,41
40,151,66
40,152,92
40,153,108
40,155,47
40,156,68
40,158,105
40,159,104
40,161,40
40,162,70
40,163,125
40,165,128
40,166,53
40,168,64
40,169,118
40,170,115
40,172,44
40,173,79
40,175,112
40,176,126
40,178,67
40,179,75
40,180,139
40,182,121
40,183,63
40,185,83
40,186,117
40,188,138
40,189,59
40,190,91
40,192,133
40,193,116
40,195,46
40,196,81
40,197,122
40,199,144
40,200,53
40,202,94
40,203,136
40,205,130
40,206,63
40,207,88
40,209,119
40,210,119
40,212,62
40,213,99
40,214,150
40,216,116
40,217,61
40,219,110
40,220,139
40,222,134
40,223,69
40,224,101
40,226,127
40,227,124
40,229,66
40,230,113
40,232,129
40,233,117
40,234,65
40,236,104
40,237,134
40,239,118
40,240,66
40,241,90
40,243,114
40,244,134
40,246,79
40,247,96
40,249,117
40,250,90
40,251,56
40,253,101
40,254,91
40,256,84
40,257,62
40,259,90
40,260,97
40,261,113
40,263,59
40,264,76
40,266,93
40,267,88
40,268,68
40,270,80
40,271,114
40,273,114
40,274,51
40,276,76
40,277,84
40,278,97
40,280,57
40,281,97
40,283,85
40,284,72
40,286,41
40,287,69
40,288,70
40,290,67
40,291,51
40,293,56
40,294,66
40,295,88
40,297,40
40,298,57
40,300,59
40,301,65
40,303,36
40,304,49
40,305,62
40,307,64
40,308,32
40,310,41
40,311,39
40,313,54
40,314,32
40,315,45
40,317,41
40,318,43
40,320,26
40,321,46
40,322,32
40,324,36
40,325,24
40,327,42
40,328,30
40,330,34
40,331,20
40,332,26
40,334,18
40,335,23
40,337,16
40,338,28
40,339,23
40,341,26
40,342,17
40,344,19
40,345,16
40,347,25
40,348,7
40,349,11
40,351,9
40,352,22
40,354,10
40,355,12
40,357,11
40,358,15
40,359,5
40,361,8
40,362,4
40,364,6
40,365,2
40,366,3
40,367,2
41,11,1
41,16,1
41,17,2
41,18,3
41,20,1
41,21,2
41,23,1
41,24,3
41,27,2
41,28,2
41,30,1
41,31,2
41,33,1
41,36,2
41,37,2
41,38,2
41,40,6
41,41,4
41,43,5
41,44,3
41,45,5
41,47,4
41,48,5
41,50,4
41,51,6
41,53,10
41,54,4
41,55,10
41,57,3
41,58,10
41,60,10
41,61,11
41,63,12
41,64,6
41,65,7
41,67,10
41,68,15
41,70,3
41,71,6
41,72,17
41,74,12
41,75,16
41,77,7
41,78,16
41,80,12
41,81,13
41,82,10
41,84,18
41,85,17
41,87,18
41,88,14
41,89,27
41,91,21
41,92,7
41,94,18
41,95,17
41,97,20
41,98,19
41,99,13
41,101,37
41,102,31
41,104,11
41,105,29
41,107,32
41,108,32
41,109,17
41,111,30
41,112,36
41,114,35
41,115,19
41,116,36
41,118,41
41,119,41
41,121,19
41,122,26
41,124,45
41,125,37
41,126,19
41,128,31
41,129,36
41,131,49
41,132,26
41,134,35
41,135,50
41,136,49
41,138,27
41,139,40
41,141,67
41,142,69
41,143,46
41,145,39
41,146,83
41,148,58
41,149,40
41,151,34
41,152,74
41,153,67
41,155,51
41,156,50
41,158,75
41,159,85
41,161,35
41,162,57
41,163,71
41,165,90
41,166,47
41,168,64
41,169,71
41,170,93
41,172,54
41,173,77
41,175,110
41,176,92
41,178,48
41,179,64
41,180,95
41,182,98
41,183,42
41,185,62
41,186,61
41,188,104
41,189,49
41,190,59
41,192,94
41,193,100
41,195,57
41,196,67
41,197,80
41,199,106
41,200,53
41,202,59
41,203,104
41,205,106
41,206,40
41,207,86
41,209,85
41,210,104
41,212,52
41,213,76
41,214,87
41,216,87
41,217,48
41,219,90
41,220,92
41,222,97
41,223,63
41,224,85
41,226,83
41,227,89
41,229,50
41,230,99
41,232,95
41,233,96
41,234,52
41,236,99
41,237,77
41,239,97
41,240,50
41,241,75
41,243,71
41,244,93
41,246,69
41,247,70
41,249,90
41,250,76
41,251,67
41,253,70
41,254,78
41,256,91
41,257,51
41,259,61
41,260,79
41,261,84
41,263,42
41,264,79
41,266,68
41,267,62
41,268,63
41,270,69
41,271,76
41,273,75
41,274,58
41,276,73
41,277,59
41,278,69
41,280,35
41,281,61
41,283,71
41,284,93
41,286,43
41,287,51
41,288,71
41,290,57
41,291,30
41,293,46
41,294,53
41,295,50
41,297,38
41,298,59
41,300,48
41,301,50
41,303,28
41,304,56
41,305,32
41,307,52
41,308,32
41,310,31
41,311,43
41,313,38
41,314,27
41,315,29
41,317,32
41,318,37
41,320,25
41,321,32
41,322,16
41,324,29
41,325,17
41,327,18
41,328,21
41,330,30
41,331,19
41,332,15
41,334,23
41,335,19
41,337,11
41,338,13
41,339,14
41,341,19
41,342,11
41,344,21
41,345,12
41,347,14
41,348,11
41,349,8
41,351,9
41,352,13
41,354,4
41,355,10
41,357,9
41,358,8
41,359,3
41,361,5
41,362,4
41,364,4
41,365,2
41,366,4
41,367,6
43,10,1
43,11,1
43,13,1
43,14,1
43,16,1
43,18,1
43,21,1
43,23,4
43,24,1
43,26,1
43,28,2
43,30,2
43,31,2
43,33,4
43,36,2
43,37,5
43,38,2
43,40,4
43,41,3
43,43,4
43,44,1
43,45,3
43,47,5
43,48,4
43,50,3
43,51,4
43,53,3
43,54,4
43,55,3
43,57,5
43,58,3
43,60,9
43,61,5
43,63,4
43,64,2
43,65,11
43,67,11
43,68,9
43,70,5
43,71,7
43,72,5
43,74,15
43,75,3
43,77,9
43,78,9
43,80,8
43,81,8
43,82,10
43,84,10
43,85,9
43,87,7
43,88,20
43,89,18
43,91,28
43,92,9
43,94,25
43,95,26
43,97,20
43,98,13
43,99,23
43,101,30
43,102,29
43,104,5
43,105,19
43,107,23
43,108,26
43,109,13
43,111,37
43,112,40
43,114,36
43,115,21
43,116,37
43,118,18
43,119,31
43,121,21
43,122,40
43,124,42
43,125,52
43,126,30
43,128,39
43,129,34
43,131,47
43,132,22
43,134,42
43,135,50
43,136,57
43,138,25
43,139,63
43,141,52
43,142,61
43,143,45
43,145,53
43,146,56
43,148,68
43,149,35
43,151,65
43,152,61
43,153,67
43,155,25
43,156,47
43,158,86
43,159,69
43,161,43
43,162,57
43,163,77
43,165,98
43,166,39
43,168,49
43,169,86
43,170,103
43,172,46
43,173,74
43,175,71
43,176,110
43,178,59
43,179,63
43,180,90
43,182,104
43,183,60
43,185,89
43,186,104
43,188,115
43,189,66
43,190,94
43,192,103
43,193,114
43,195,63
43,196,78
43,197,99
43,199,97
43,200,60
43,202,71
43,203,117
43,205,104
43,206,67
43,207,91
43,209,121
43,210,102
43,212,62
43,213,99
43,214,103
43,216,115
43,217,51
43,219,94
43,220,95
43,222,107
43,223,60
43,224,84
43,226,108
43,227,99
43,229,65
43,230,76
43,232,89
43,233,87
43,234,58
43,236,88
43,237,106
43,239,95
43,240,76
43,241,69
43,243,78
43,244,95
43,246,51
43,247,68
43,249,94
43,250,88
43,251,58
43,253,71
43,254,81
43,256,84
43,257,52
43,259,70
43,260,87
43,261,76
43,263,61
43,264,62
43,266,77
43,267,72
43,268,58
43,270,70
43,271,79
43,273,60
43,274,53
43,276,69
43,277,51
43,278,67
43,280,50
43,281,59
43,283,61
43,284,58
43,286,47
43,287,56
43,288,49
43,290,59
43,291,44
43,293,48
43,294,55
43,295,50
43,297,36
43,298,42
43,300,44
43,301,39
43,303,34
43,304,34
43,305,43
43,307,44
43,308,31
43,310,28
43,311,41
43,313,37
43,314,19
43,315,40
43,317,24
43,318,34
43,320,31
43,321,24
43,322,23
43,324,23
43,325,24
43,327,24
43,328,30
43,330,21
43,331,16
43,332,23
43,334,13
43,335,22
43,337,18
43,338,15
43,339,16
43,341,17
43,342,10
43,344,11
43,345,7
43,347,13
43,348,5
43,349,12
43,351,8
43,352,9
43,354,9
43,355,7
43,357,3
43,358,6
43,359,5
43,361,5
43,362,3
43,364,5
43,365,1
43,366,2
43,367,2
44,11,3
44,14,4
44,16,1
44,17,1
44,18,1
44,20,1
44,21,3
44,23,1
44,24,2
44,26,4
44,27,2
44,28,1
44,31,2
44,33,1
44,34,1
44,36,3
44,37,4
44,38,5
44,40,3
44,41,5
44,43,4
44,44,9
44,45,6
44,47,4
44,48,5
44,50,6
44,51,5
44,53,4
44,54,8
44,55,14
44,57,8
44,58,9
44,60,12
44,61,16
44,63,9
44,64,12
44,65,8
44,67,13
44,68,12
44,70,13
44,71,12
44,72,20
44,74,16
44,75,12
44,77,10
44,78,26
44,80,14
44,81,16
44,82,15
44,84,38
44,85,28
44,87,23
44,88,15
44,89,43
44,91,27
44,92,26
44,94,26
44,95,57
44,97,41
44,98,25
44,99,28
44,101,58
44,102,44
44,104,38
44,105,38
44,107,96
44,108,50
44,109,39
44,111,41
44,112,96
44,114,50
44,115,39
44,116,40
44,118,101
44,119,74
44,121,58
44,122,60
44,124,144
44,125,91
44,126,56
44,128,92
44,129,147
44,131,92
44,132,63
44,134,69
44,135,168
44,136,123
44,138,71
44,139,85
44,141,231
44,142,145
44,143,98
44,145,77
44,146,233
44,148,143
44,149,98
44,151,99
44,152,242
44,153,176
44,155,107
44,156,102
44,158,208
44,159,154
44,161,82
44,162,121
44,163,317
44,165,199
44,166,110
44,168,119
44,169,280
44,170,199
44,172,108
44,173,142
44,175,295
44,176,224
44,178,112
44,179,143
44,180,302
44,182,180
44,183,98
44,185,134
44,186,364
44,188,238
44,189,141
44,190,135
44,192,296
44,193,204
44,195,137
44,196,184
44,197,353
44,199,241
44,200,135
44,202,133
44,203,310
44,205,203
44,206,97
44,207,200
44,209,372
44,210,227
44,212,112
44,213,174
44,214,324
44,216,211
44,217,124
44,219,168
44,220,318
44,222,250
44,223,107
44,224,145
44,226,297
44,227,218
44,229,118
44,230,168
44,232,319
44,233,211
44,234,111
44,236,130
44,237,275
44,239,195
44,240,105
44,241,125
44,243,262
44,244,199
44,246,122
44,247,102
44,249,222
44,250,180
44,251,109
44,253,144
44,254,280
44,256,191
44,257,103
44,259,124
44,260,202
44,261,164
44,263,96
44,264,129
44,266,200
44,267,184
44,268,91
44,270,118
44,271,184
44,273,130
44,274,75
44,276,125
44,277,152
44,278,136
44,280,92
44,281,104
44,283,159
44,284,129
44,286,86
44,287,102
44,288,129
44,290,132
44,291,79
44,293,90
44,294,131
44,295,120
44,297,65
44,298,92
44,300,125
44,301,94
44,303,56
44,304,83
44,305,53
44,307,70
44,308,58
44,310,78
44,311,89
44,313,78
44,314,46
44,315,49
44,317,83
44,318,60
44,320,47
44,321,49
44,322,56
44,324,59
44,325,30
44,327,25
44,328,42
44,330,42
44,331,28
44,332,38
44,334,36
44,335,35
44,337,26
44,338,21
44,339,33
44,341,24
44,342,16
44,344,21
44,345,24
44,347,18
44,348,11
44,349,13
44,351,25
44,352,18
44,354,3
44,355,11
44,357,18
44,358,20
44,359,9
44,361,5
44,362,2
44,364,5
44,365,5
44,366,3
44,367,8
45,10,1
45,11,2
45,13,3
45,14,2
45,16,6
45,17,2
45,18,2
45,20,4
45,21,2
45,23,2
45,24,1
45,26,4
45,27,4
45,28,3
45,30,5
45,31,4
45,33,4
45,34,10
45,36,2
45,37,6
45,38,5
45,40,9
45,41,5
45,43,7
45,44,14
45,45,11
45,47,3
45,48,11
45,50,19
45,51,9
45,53,10
45,54,8
45,55,19
45,57,12
45,58,8
45,60,15
45,61,17
45,63,25
45,64,12
45,65,17
45,67,15
45,68,34
45,70,20
45,71,17
45,72,35
45,74,37
45,75,24
45,77,20
45,78,34
45,80,42
45,81,21
45,82,25
45,84,45
45,85,36
45,87,26
45,88,24
45,89,56
45,91,52
45,92,22
45,94,44
45,95,70
45,97,64
45,98,35
45,99,32
45,101,65
45,102,75
45,104,37
45,105,49
45,107,86
45,108,98
45,109,51
45,111,49
45,112,81
45,114,108
45,115,43
45,116,67
45,118,105
45,119,131
45,121,64
45,122,71
45,124,114
45,125,125
45,126,64
45,128,83
45,129,135
45,131,155
45,132,74
45,134,82
45,135,142
45,136,163
45,138,77
45,139,101
45,141,170
45,142,187
45,143,106
45,145,91
45,146,158
45,148,194
45,149,83
45,151,103
45,152,198
45,153,240
45,155,89
45,156,114
45,158,166
45,159,226
45,161,121
45,162,133
45,163,235
45,165,248
45,166,100
45,168,124
45,169,211
45,170,216
45,172,100
45,173,144
45,175,260
45,176,247
45,178,130
45,179,149
45,180,210
45,182,249
45,183,108
45,185,182
45,186,279
45,188,250
45,189,121
45,190,154
45,192,197
45,193,225
45,195,119
45,196,179
45,197,249
45,199,278
45,200,122
45,202,156
45,203,245
45,205,233
45,206,104
45,207,184
45,209,272
45,210,226
45,212,131
45,213,165
45,214,201
45,216,216
45,217,98
45,219,238
45,220,268
45,222,235
45,223,136
45,224,157
45,226,208
45,227,203
45,229,119
45,230,172
45,232,264
45,233,228
45,234,145
45,236,146
45,237,219
45,239,190
45,240,146
45,241,216
45,243,268
45,244,210
45,246,123
45,247,157
45,249,191
45,250,193
45,251,118
45,253,195
45,254,217
45,256,195
45,257,119
45,259,123
45,260,176
45,261,183
45,263,114
45,264,164
45,266,192
45,267,226
45,268,122
45,270,139
45,271,172
45,273,154
45,274,103
45,276,171
45,277,174
45,278,159
45,280,92
45,281,122
45,283,127
45,284,162
45,286,92
45,287,128
45,288,160
45,290,150
45,291,103
45,293,124
45,294,118
45,295,127
45,297,74
45,298,93
45,300,101
45,301,120
45,303,53
45,304,74
45,305,109
45,307,109
45,308,52
45,310,94
45,311,84
45,313,100
45,314,42
45,315,87
45,317,73
45,318,101
45,320,34
45,321,58
45,322,81
45,324,57
45,325,35
45,327,58
45,328,50
45,330,37
45,331,33
45,332,40
45,334,46
45,335,54
45,337,23
45,338,40
45,339,41
45,341,47
45,342,31
45,344,35
45,345,29
45,347,42
45,348,8
45,349,22
45,351,19
45,352,17
45,354,12
45,355,21
45,357,21
45,358,20
45,359,13
45,361,9
45,362,9
45,364,10
45,365,7
45,366,7
45,367,7
47,10,1
47,11,2
47,13,3
47,14,2
47,16,3
47,17,2
47,18,1
47,20,1
47,21,1
47,23,2
47,24,2
47,26,3
47,27,5
47,28,4
47,30,6
47,33,8
47,34,3
47,36,3
47,37,8
47,38,8
47,40,5
47,43,3
47,44,9
47,45,6
47,47,9
47,48,4
47,50,7
47,51,15
47,53,6
47,54,5
47,55,19
47,57,16
47,58,7
47,60,11
47,61,14
47,63,20
47,64,17
47,65,10
47,67,12
47,68,16
47,70,19
47,71,13
47,72,22
47,74,26
47,75,16
47,77,13
47,78,33
47,80,23
47,81,17
47,82,26
47,84,31
47,85,42
47,87,24
47,88,19
47,89,41
47,91,51
47,92,29
47,94,33
47,95,44
47,97,57
47,98,27
47,99,24
47,101,47
47,102,49
47,104,31
47,105,42
47,107,78
47,108,72
47,109,42
47,111,34
47,112,81
47,114,60
47,115,50
47,116,61
47,118,84
47,119,100
47,121,46
47,122,56
47,124,74
47,125,84
47,126,51
47,128,65
47,129,121
47,131,135
47,132,54
47,134,69
47,135,103
47,136,125
47,138,62
47,139,80
47,141,176
47,142,164
47,143,63
47,145,81
47,146,107
47,148,128
47,149,72
47,151,103
47,152,172
47,153,173
47,155,91
47,156,93
47,158,145
47,159,144
47,161,94
47,162,117
47,163,188
47,165,186
47,166,98
47,168,93
47,169,157
47,170,168
47,172,76
47,173,146
47,175,211
47,176,187
47,178,116
47,179,100
47,180,156
47,182,192
47,183,88
47,185,155
47,186,222
47,188,259
47,189,97
47,190,125
47,192,195
47,193,191
47,195,84
47,196,186
47,197,220
47,199,250
47,200,103
47,202,135
47,203,161
47,205,170
47,206,104
47,207,139
47,209,223
47,210,243
47,212,90
47,213,129
47,214,148
47,216,177
47,217,94
47,219,155
47,220,212
47,222,239
47,223,108
47,224,163
47,226,170
47,227,173
47,229,88
47,230,165
47,232,210
47,233,228
47,234,111
47,236,151
47,237,154
47,239,158
47,240,94
47,241,172
47,243,188
47,244,199
47,246,126
47,247,140
47,249,154
47,250,157
47,251,99
47,253,160
47,254,160
47,256,162
47,257,108
47,259,127
47,260,157
47,261,159
47,263,112
47,264,141
47,266,148
47,267,136
47,268,96
47,270,129
47,271,113
47,273,169
47,274,68
47,276,102
47,277,104
47,278,122
47,280,73
47,281,95
47,283,110
47,284,135
47,286,59
47,287,103
47,288,103
47,290,133
47,291,78
47,293,80
47,294,101
47,295,102
47,297,60
47,298,73
47,300,90
47,301,114
47,303,54
47,304,73
47,305,67
47,307,64
47,308,70
47,310,70
47,311,77
47,313,63
47,314,46
47,315,65
47,317,44
47,318,72
47,320,36
47,321,43
47,322,51
47,324,71
47,325,43
47,327,20
47,328,31
47,330,46
47,331,32
47,332,34
47,334,34
47,335,41
47,337,36
47,338,23
47,339,37
47,341,31
47,342,17
47,344,26
47,345,16
47,347,23
47,348,20
47,349,14
47,351,16
47,352,19
47,354,8
47,355,13
47,357,14
47,358,15
47,359,9
47,361,11
47,362,8
47,364,9
47,365,2
47,366,8
47,367,11
48,14,3
48,16,1
48,17,2
48,18,3
48,20,1
48,21,4
48,23,4
48,24,3
48,26,1
48,27,7
48,28,3
48,31,5
48,33,1
48,34,2
48,36,5
48,37,6
48,38,4
48,40,2
48,41,3
48,43,3
48,44,4
48,45,7
48,47,4
48,48,5
48,50,9
48,51,5
48,53,8
48,54,12
48,55,6
48,57,8
48,58,6
48,60,9
48,61,3
48,63,13
48,64,7
48,65,12
48,67,13
48,68,18
48,70,9
48,71,21
48,72,13
48,74,10
48,75,7
48,77,15
48,78,20
48,80,34
48,81,15
48,82,24
48,84,18
48,85,27
48,87,18
48,88,23
48,89,35
48,91,30
48,92,16
48,94,37
48,95,49
48,97,47
48,98,30
48,99,41
48,101,39
48,102,39
48,104,26
48,105,55
48,107,65
48,108,51
48,109,27
48,111,42
48,112,55
48,114,67
48,115,33
48,116,75
48,118,69
48,119,93
48,121,42
48,122,60
48,124,68
48,125,89
48,126,43
48,128,89
48,129,90
48,131,118
48,132,44
48,134,67
48,135,88
48,136,108
48,138,56
48,139,100
48,141,127
48,142,138
48,143,68
48,145,93
48,146,106
48,148,138
48,149,66
48,151,125
48,152,129
48,153,153
48,155,76
48,156,100
48,158,121
48,159,153
48,161,82
48,162,126
48,163,143
48,165,177
48,166,88
48,168,137
48,169,135
48,170,151
48,172,79
48,173,134
48,175,171
48,176,197
48,178,94
48,179,140
48,180,165
48,182,150
48,183,86
48,185,160
48,186,177
48,188,225
48,189,104
48,190,121
48,192,151
48,193,168
48,195,98
48,196,176
48,197,171
48,199,198
48,200,122
48,202,148
48,203,152
48,205,190
48,206,93
48,207,159
48,209,180
48,210,247
48,212,97
48,213,145
48,214,155
48,216,172
48,217,92
48,219,166
48,220,189
48,222,204
48,223,114
48,224,144
48,226,172
48,227,188
48,229,111
48,230,165
48,232,180
48,233,209
48,234,111
48,236,116
48,237,151
48,239,181
48,240,116
48,241,163
48,243,173
48,244,199
48,246,106
48,247,143
48,249,142
48,250,145
48,251,93
48,253,146
48,254,150
48,256,174
48,257,103
48,259,133
48,260,134
48,261,125
48,263,96
48,264,127
48,266,146
48,267,150
48,268,90
48,270,120
48,271,122
48,273,146
48,274,96
48,276,112
48,277,123
48,278,109
48,280,88
48,281,103
48,283,117
48,284,109
48,286,70
48,287,98
48,288,89
48,290,118
48,291,80
48,293,80
48,294,67
48,295,94
48,297,70
48,298,88
48,300,75
48,301,81
48,303,48
48,304,61
48,305,62
48,307,67
48,308,59
48,310,63
48,311,50
48,313,69
48,314,50
48,315,52
48,317,65
48,318,61
48,320,52
48,321,51
48,322,33
48,324,46
48,325,35
48,327,34
48,328,25
48,330,52
48,331,27
48,332,30
48,334,20
48,335,46
48,337,18
48,338,23
48,339,21
48,341,42
48,342,15
48,344,24
48,345,13
48,347,18
48,348,15
48,349,17
48,351,15
48,352,25
48,354,11
48,355,13
48,357,10
48,358,11
48,359,12
48,361,9
48,362,2
48,364,2
48,365,2
48,367,8
50,10,4
50,13,4
50,14,4
50,16,4
50,17,3
50,18,2
50,20,1
50,21,6
50,23,1
50,24,5
50,26,2
50,27,4
50,28,3
50,30,6
50,31,1
50,33,5
50,34,5
50,36,4
50,37,4
50,38,6
50,40,8
50,41,8
50,43,2
50,44,11
50,45,9
50,47,5
50,48,6
50,50,20
50,51,14
50,53,11
50,54,12
50,55,23
50,57,13
50,58,4
50,60,9
50,61,22
50,63,19
50,64,16
50,65,19
50,67,25
50,68,18
50,70,17
50,71,23
50,72,32
50,74,33
50,75,24
50,77,27
50,78,44
50,80,34
50,81,21
50,82,37
50,84,65
50,85,46
50,87,31
50,88,33
50,89,78
50,91,45
50,92,25
50,94,44
50,95,85
50,97,63
50,98,53
50,99,54
50,101,109
50,102,76
50,104,41
50,105,69
50,107,133
50,108,112
50,109,48
50,111,64
50,112,153
50,114,109
50,115,67
50,116,74
50,118,191
50,119,188
50,121,86
50,122,91
50,124,206
50,125,156
50,126,69
50,128,102
50,129,267
50,131,213
50,132,85
50,134,106
50,135,298
50,136,197
50,138,103
50,139,144
50,141,346
50,142,259
50,143,133
50,145,142
50,146,312
50,148,221
50,149,126
50,151,156
50,152,347
50,153,311
50,155,147
50,156,165
50,158,388
50,159,245
50,161,160
50,162,197
50,163,433
50,165,385
50,166,170
50,168,173
50,169,414
50,170,297
50,172,137
50,173,200
50,175,501
50,176,423
50,178,167
50,179,226
50,180,450
50,182,333
50,183,123
50,185,221
50,186,494
50,188,422
50,189,174
50,190,228
50,192,433
50,193,323
50,195,167
50,196,224
50,197,443
50,199,476
50,200,169
50,202,233
50,203,449
50,205,374
50,206,166
50,207,241
50,209,482
50,210,416
50,212,211
50,213,238
50,214,448
50,216,317
50,217,173
50,219,247
50,220,417
50,222,391
50,223,174
50,224,268
50,226,414
50,227,297
50,229,155
50,230,215
50,232,408
50,233,382
50,234,194
50,236,224
50,237,370
50,239,299
50,240,162
50,241,199
50,243,349
50,244,359
50,246,183
50,247,234
50,249,342
50,250,294
50,251,169
50,253,237
50,254,339
50,256,328
50,257,163
50,259,218
50,260,312
50,261,285
50,263,174
50,264,210
50,266,271
50,267,300
50,268,157
50,270,192
50,271,232
50,273,255
50,274,120
50,276,185
50,277,208
50,278,233
50,280,148
50,281,163
50,283,193
50,284,210
50,286,121
50,287,158
50,288,177
50,290,220
50,291,129
50,293,134
50,294,184
50,295,201
50,297,118
50,298,120
50,300,193
50,301,143
50,303,97
50,304,117
50,305,141
50,307,152
50,308,93
50,310,113
50,311,120
50,313,135
50,314,84
50,315,89
50,317,112
50,318,108
50,320,66
50,321,63
50,322,107
50,324,88
50,325,61
50,327,68
50,328,61
50,330,59
50,331,49
50,332,60
50,334,63
50,335,64
50,337,29
50,338,48
50,339,48
50,341,49
50,342,33
50,344,34
50,345,37
50,347,29
50,348,20
50,349,28
50,351,30
50,352,37
50,354,15
50,355,19
50,357,20
50,358,30
50,359,9
50,361,10
50,362,14
50,364,18
50,365,2
50,366,7
50,367,18
51,10,7
51,11,3
51,13,1
51,14,2
51,16,4
51,17,3
51,18,4
51,20,4
51,21,7
51,23,7
51,24,7
51,26,4
51,27,8
51,28,6
51,30,4
51,31,8
51,33,10
51,34,8
51,36,5
51,37,8
51,38,11
51,40,14
51,41,6
51,43,7
51,44,9
51,45,17
51,47,9
51,48,10
51,50,14
51,51,20
51,53,13
51,54,18
51,55,19
51,57,15
51,58,19
51,60,30
51,61,28
51,63,33
51,64,15
51,65,25
51,67,42
51,68,25
51,70,16
51,71,24
51,72,40
51,74,38
51,75,24
51,77,39
51,78,48
51,80,62
51,81,26
51,82,36
51,84,83
51,85,69
51,87,37
51,88,56
51,89,92
51,91,72
51,92,36
51,94,58
51,95,73
51,97,113
51,98,58
51,99,67
51,101,123
51,102,121
51,104,37
51,105,69
51,107,103
51,108,126
51,109,63
51,111,77
51,112,137
51,114,176
51,115,63
51,116,98
51,118,146
51,119,191
51,121,76
51,122,108
51,124,143
51,125,204
51,126,86
51,128,140
51,129,164
51,131,243
51,132,86
51,134,139
51,135,232
51,136,209
51,138,108
51,139,147
51,141,229
51,142,257
51,143,114
51,145,149
51,146,239
51,148,280
51,149,115
51,151,171
51,152,214
51,153,265
51,155,113
51,156,172
51,158,304
51,159,300
51,161,135
51,162,190
51,163,294
51,165,342
51,166,126
51,168,200
51,169,294
51,170,314
51,172,125
51,173,224
51,175,243
51,176,322
51,178,141
51,179,212
51,180,304
51,182,376
51,183,166
51,185,239
51,186,306
51,188,338
51,189,174
51,190,229
51,192,310
51,193,342
51,195,152
51,196,215
51,197,278
51,199,353
51,200,173
51,202,228
51,203,323
51,205,310
51,206,140
51,207,221
51,209,323
51,210,330
51,212,188
51,213,232
51,214,322
51,216,306
51,217,167
51,219,259
51,220,280
51,222,332
51,223,188
51,224,238
51,226,323
51,227,311
51,229,163
51,230,243
51,232,310
51,233,360
51,234,167
51,236,248
51,237,314
51,239,303
51,240,149
51,241,225
51,243,260
51,244,273
51,246,193
51,247,226
51,249,326
51,250,299
51,251,181
51,253,269
51,254,259
51,256,293
51,257,160
51,259,234
51,260,302
51,261,293
51,263,167
51,264,245
51,266,272
51,267,242
51,268,171
51,270,217
51,271,239
51,273,273
51,274,132
51,276,232
51,277,228
51,278,216
51,280,153
51,281,204
51,283,221
51,284,232
51,286,131
51,287,203
51,288,177
51,290,201
51,291,138
51,293,186
51,294,182
51,295,214
51,297,92
51,298,163
51,300,156
51,301,180
51,303,116
51,304,137
51,305,150
51,307,158
51,308,64
51,310,146
51,311,127
51,313,135
51,314,88
51,315,102
51,317,82
51,318,137
51,320,73
51,321,102
51,322,92
51,324,100
51,325,49
51,327,67
51,328,81
51,330,86
51,331,48
51,332,76
51,334,68
51,335,77
51,337,49
51,338,62
51,339,51
51,341,73
51,342,40
51,344,53
51,345,43
51,347,52
51,348,24
51,349,39
51,351,29
51,352,39
51,354,15
51,355,18
51,357,20
51,358,34
51,359,10
51,361,21
51,362,21
51,364,17
51,365,6
51,366,11
51,367,9
53,10,3
53,11,1
53,13,2
53,14,2
53,16,3
53,17,3
53,18,3
53,20,3
53,21,6
53,23,1
53,24,5
53,26,7
53,27,9
53,28,5
53,30,4
53,31,4
53,33,5
53,34,7
53,36,10
53,37,5
53,38,10
53,40,6
53,41,13
53,43,4
53,44,17
53,45,12
53,47,10
53,48,16
53,50,18
53,51,19
53,53,11
53,54,8
53,55,10
53,57,23
53,58,15
53,60,8
53,61,22
53,63,26
53,64,19
53,65,24
53,67,39
53,68,21
53,70,19
53,71,13
53,72,38
53,74,33
53,75,26
53,77,28
53,78,43
53,80,41
53,81,34
53,82,20
53,84,47
53,85,61
53,87,35
53,88,36
53,89,75
53,91,77
53,92,37
53,94,45
53,95,61
53,97,59
53,98,37
53,99,57
53,101,86
53,102,99
53,104,39
53,105,49
53,107,110
53,108,90
53,109,51
53,111,63
53,112,113
53,114,120
53,115,65
53,116,69
53,118,140
53,119,128
53,121,75
53,122,76
53,124,150
53,125,166
53,126,91
53,128,102
53,129,143
53,131,144
53,132,83
53,134,98
53,135,201
53,136,198
53,138,98
53,139,122
53,141,192
53,142,167
53,143,131
53,145,131
53,146,179
53,148,188
53,149,115
53,151,116
53,152,203
53,153,225
53,155,124
53,156,136
53,158,231
53,159,272
53,161,100
53,162,174
53,163,256
53,165,253
53,166,144
53,168,169
53,169,253
53,170,251
53,172,125
53,173,152
53,175,262
53,176,295
53,178,145
53,179,160
53,180,269
53,182,265
53,183,121
53,185,185
53,186,292
53,188,302
53,189,152
53,190,187
53,192,235
53,193,269
53,195,139
53,196,214
53,197,243
53,199,332
53,200,158
53,202,192
53,203,263
53,205,305
53,206,147
53,207,210
53,209,251
53,210,330
53,212,126
53,213,213
53,214,283
53,216,264
53,217,131
53,219,200
53,220,258
53,222,280
53,223,145
53,224,233
53,226,286
53,227,275
53,229,156
53,230,235
53,232,257
53,233,297
53,234,169
53,236,185
53,237,260
53,239,244
53,240,146
53,241,218
53,243,230
53,244,307
53,246,151
53,247,244
53,249,234
53,250,277
53,251,149
53,253,202
53,254,229
53,256,276
53,257,154
53,259,202
53,260,200
53,261,226
53,263,143
53,264,211
53,266,204
53,267,240
53,268,124
53,270,184
53,271,177
53,273,228
53,274,123
53,276,204
53,277,184
53,278,189
53,280,126
53,281,168
53,283,177
53,284,206
53,286,118
53,287,193
53,288,130
53,290,173
53,291,122
53,293,133
53,294,137
53,295,145
53,297,114
53,298,156
53,300,123
53,301,155
53,303,85
53,304,124
53,305,100
53,307,132
53,308,103
53,310,117
53,311,99
53,313,118
53,314,73
53,315,95
53,317,63
53,318,108
53,320,40
53,321,83
53,322,78
53,324,82
53,325,52
53,327,64
53,328,48
53,330,62
53,331,62
53,332,62
53,334,65
53,335,64
53,337,37
53,338,42
53,339,47
53,341,58
53,342,33
53,344,47
53,345,45
53,347,25
53,348,19
53,349,26
53,351,25
53,352,28
53,354,15
53,355,28
53,357,21
53,358,20
53,359,13
53,361,9
53,362,7
53,364,15
53,365,5
53,366,18
53,367,15
54,11,2
54,14,4
54,16,2
54,17,3
54,18,1
54,20,3
54,21,1
54,23,2
54,24,2
54,26,5
54,27,5
54,28,2
54,30,2
54,31,4
54,33,5
54,34,4
54,36,4
54,37,7
54,38,7
54,40,9
54,41,6
54,43,6
54,44,8
54,45,10
54,47,5
54,48,11
54,50,9
54,51,15
54,53,6
54,54,9
54,55,13
54,57,16
54,58,9
54,60,17
54,61,13
54,63,23
54,64,9
54,65,16
54,67,23
54,68,16
54,70,8
54,71,28
54,72,18
54,74,29
54,75,20
54,77,27
54,78,37
54,80,43
54,81,29
54,82,31
54,84,40
54,85,40
54,87,23
54,88,46
54,89,59
54,91,43
54,92,38
54,94,59
54,95,62
54,97,57
54,98,36
54,99,59
54,101,79
54,102,68
54,104,53
54,105,71
54,107,77
54,108,63
54,109,54
54,111,74
54,112,120
54,114,113
54,115,55
54,116,95
54,118,111
54,119,109
54,121,70
54,122,114
54,124,138
54,125,134
54,126,71
54,128,136
54,129,135
54,131,153
54,132,83
54,134,111
54,135,170
54,136,187
54,138,79
54,139,153
54,141,155
54,142,190
54,143,94
54,145,167
54,146,200
54,148,192
54,149,90
54,151,168
54,152,198
54,153,227
54,155,114
54,156,172
54,158,271
54,159,230
54,161,122
54,162,213
54,163,229
54,165,244
54,166,143
54,168,177
54,169,261
54,170,264
54,172,136
54,173,180
54,175,261
54,176,272
54,178,148
54,179,191
54,180,283
54,182,299
54,183,134
54,185,258
54,186,235
54,188,267
54,189,149
54,190,225
54,192,244
54,193,307
54,195,152
54,196,239
54,197,237
54,199,296
54,200,183
54,202,202
54,203,333
54,205,307
54,206,168
54,207,230
54,209,289
54,210,311
54,212,164
54,213,221
54,214,322
54,216,261
54,217,157
54,219,230
54,220,285
54,222,304
54,223,174
54,224,222
54,226,308
54,227,281
54,229,160
54,230,249
54,232,281
54,233,288
54,234,153
54,236,217
54,237,253
54,239,284
54,240,153
54,241,212
54,243,263
54,244,273
54,246,154
54,247,198
54,249,286
54,250,255
54,251,160
54,253,215
54,254,221
54,256,253
54,257,173
54,259,199
54,260,227
54,261,248
54,263,152
54,264,206
54,266,203
54,267,240
54,268,146
54,270,177
54,271,208
54,273,234
54,274,129
54,276,173
54,277,192
54,278,180
54,280,138
54,281,142
54,283,177
54,284,184
54,286,132
54,287,146
54,288,141
54,290,175
54,291,119
54,293,121
54,294,144
54,295,142
54,297,98
54,298,134
54,300,103
54,301,129
54,303,79
54,304,96
54,305,81
54,307,138
54,308,89
54,310,116
54,311,90
54,313,103
54,314,84
54,315,87
54,317,88
54,318,88
54,320,65
54,321,85
54,322,60
54,324,77
54,325,53
54,327,64
54,328,54
54,330,63
54,331,42
54,332,58
54,334,41
54,335,47
54,337,45
54,338,40
54,339,41
54,341,56
54,342,37
54,344,36
54,345,23
54,347,43
54,348,35
54,349,28
54,351,20
54,352,30
54,354,24
54,355,22
54,357,14
54,358,17
54,359,9
54,361,19
54,362,8
54,364,12
54,365,6
54,366,6
54,367,11
55,10,3
55,11,2
55,13,3
55,14,4
55,16,2
55,17,1
55,18,7
55,20,6
55,21,3
55,23,5
55,24,6
55,26,3
55,27,7
55,28,5
55,30,6
55,31,11
55,33,14
55,34,4
55,36,4
55,37,9
55,38,24
55,40,8
55,41,9
55,43,10
55,44,19
55,45,11
55,47,8
55,48,10
55,50,28
55,51,22
55,53,18
55,54,19
55,55,21
55,57,23
55,58,27
55,60,15
55,61,41
55,63,19
55,64,25
55,65,19
55,67,49
55,68,30
55,70,23
55,71,42
55,72,73
55,74,41
55,75,41
55,77,39
55,78,70
55,80,55
55,81,51
55,82,65
55,84,100
55,85,64
55,87,56
55,88,56
55,89,118
55,91,97
55,92,65
55,94,84
55,95,165
55,97,117
55,98,83
55,99,110
55,101,177
55,102,128
55,104,68
55,105,100
55,107,221
55,108,175
55,109,89
55,111,121
55,112,234
55,114,179
55,115,99
55,116,157
55,118,324
55,119,248
55,121,129
55,122,153
55,124,356
55,125,253
55,126,129
55,128,166
55,129,430
55,131,271
55,132,151
55,134,189
55,135,439
55,136,281
55,138,159
55,139,201
55,141,536
55,142,371
55,143,205
55,145,246
55,146,506
55,148,339
55,149,193
55,151,264
55,152,611
55,153,455
55,155,234
55,156,264
55,158,642
55,159,448
55,161,221
55,162,318
55,163,778
55,165,530
55,166,239
55,168,300
55,169,622
55,170,454
55,172,231
55,173,344
55,175,757
55,176,543
55,178,276
55,179,301
55,180,724
55,182,504
55,183,225
55,185,374
55,186,789
55,188,616
55,189,283
55,190,323
55,192,687
55,193,516
55,195,248
55,196,395
55,197,777
55,199,583
55,200,278
55,202,358
55,203,732
55,205,527
55,206,262
55,207,411
55,209,797
55,210,576
55,212,290
55,213,395
55,214,662
55,216,500
55,217,255
55,219,377
55,220,773
55,222,577
55,223,306
55,224,366
55,226,720
55,227,475
55,229,271
55,230,391
55,232,760
55,233,555
55,234,294
55,236,390
55,237,625
55,239,432
55,240,226
55,241,390
55,243,635
55,244,488
55,246,274
55,247,365
55,249,544
55,250,434
55,251,240
55,253,438
55,254,550
55,256,481
55,257,240
55,259,350
55,260,478
55,261,400
55,263,249
55,264,357
55,266,553
55,267,436
55,268,225
55,270,316
55,271,447
55,273,345
55,274,210
55,276,291
55,277,412
55,278,341
55,280,195
55,281,273
55,283,352
55,284,290
55,286,183
55,287,296
55,288,371
55,290,297
55,291,169
55,293,227
55,294,301
55,295,267
55,297,168
55,298,234
55,300,280
55,301,251
55,303,161
55,304,219
55,305,212
55,307,194
55,308,144
55,310,191
55,311,204
55,313,192
55,314,126
55,315,149
55,317,117
55,318,162
55,320,127
55,321,152
55,322,152
55,324,144
55,325,75
55,327,96
55,328,98
55,330,128
55,331,66
55,332,95
55,334,95
55,335,90
55,337,63
55,338,75
55,339,65
55,341,81
55,342,50
55,344,63
55,345,78
55,347,61
55,348,55
55,349,48
55,351,48
55,352,62
55,354,30
55,355,45
55,357,46
55,358,39
55,359,21
55,361,17
55,362,20
55,364,22
55,365,10
55,366,13
55,367,20
57,10,5
57,11,5
57,13,5
57,14,9
57,16,8
57,17,5
57,18,3
57,20,8
57,21,9
57,23,11
57,24,2
57,26,10
57,27,10
57,28,13
57,30,10
57,31,13
57,33,12
57,34,13
57,36,11
57,37,21
57,38,20
57,40,16
57,41,16
57,43,17
57,44,21
57,45,25
57,47,18
57,48,25
57,50,27
57,51,25
57,53,24
57,54,31
57,55,38
57,57,39
57,58,24
57,60,32
57,61,47
57,63,49
57,64,29
57,65,41
57,67,53
57,68,53
57,70,39
57,71,59
57,72,70
57,74,78
57,75,36
57,77,57
57,78,91
57,80,102
57,81,53
57,82,73
57,84,110
57,85,100
57,87,64
57,88,82
57,89,123
57,91,136
57,92,62
57,94,129
57,95,180
57,97,148
57,98,77
57,99,128
57,101,155
57,102,188
57,104,90
57,105,134
57,107,208
57,108,216
57,109,116
57,111,143
57,112,201
57,114,247
57,115,124
57,116,180
57,118,317
57,119,325
57,121,141
57,122,180
57,124,251
57,125,343
57,126,135
57,128,237
57,129,332
57,131,371
57,132,157
57,134,212
57,135,318
57,136,377
57,138,151
57,139,238
57,141,393
57,142,449
57,143,178
57,145,250
57,146,348
57,148,430
57,149,183
57,151,299
57,152,509
57,153,441
57,155,217
57,156,245
57,158,410
57,159,460
57,161,212
57,162,362
57,163,499
57,165,512
57,166,253
57,168,314
57,169,432
57,170,468
57,172,213
57,173,366
57,175,514
57,176,522
57,178,231
57,179,325
57,180,441
57,182,515
57,183,236
57,185,404
57,186,569
57,188,549
57,189,264
57,190,330
57,192,457
57,193,513
57,195,259
57,196,386
57,197,508
57,199,538
57,200,256
57,202,350
57,203,469
57,205,553
57,206,247
57,207,392
57,209,599
57,210,569
57,212,281
57,213,373
57,214,458
57,216,502
57,217,263
57,219,424
57,220,526
57,222,482
57,223,267
57,224,381
57,226,464
57,227,472
57,229,281
57,230,416
57,232,544
57,233,513
57,234,263
57,236,420
57,237,447
57,239,444
57,240,273
57,241,417
57,243,547
57,244,503
57,246,251
57,247,386
57,249,430
57,250,446
57,251,236
57,253,457
57,254,527
57,256,459
57,257,258
57,259,361
57,260,431
57,261,430
57,263,271
57,264,414
57,266,461
57,267,438
57,268,242
57,270,365
57,271,397
57,273,464
57,274,203
57,276,373
57,277,411
57,278,379
57,280,218
57,281,338
57,283,325
57,284,363
57,286,197
57,287,314
57,288,343
57,290,352
57,291,179
57,293,312
57,294,294
57,295,309
57,297,158
57,298,297
57,300,292
57,301,324
57,303,181
57,304,236
57,305,219
57,307,266
57,308,167
57,310,245
57,311,219
57,313,274
57,314,129
57,315,172
57,317,165
57,318,223
57,320,113
57,321,180
57,322,141
57,324,172
57,325,98
57,327,136
57,328,95
57,330,159
57,331,80
57,332,135
57,334,101
57,335,120
57,337,88
57,338,100
57,339,95
57,341,119
57,342,56
57,344,93
57,345,64
57,347,85
57,348,49
57,349,53
57,351,65
57,352,81
57,354,31
57,355,63
57,357,42
57,358,49
57,359,20
57,361,28
57,362,25
57,364,37
57,365,9
57,366,21
57,367,23
58,10,5
58,11,3
58,13,3
58,14,3
58,16,3
58,17,10
58,18,3
58,20,4
58,21,9
58,23,3
58,24,3
58,26,7
58,27,7
58,28,7
58,30,10
58,31,10
58,33,9
58,34,9
58,36,12
58,37,5
58,38,9
58,40,13
58,41,14
58,43,12
58,44,23
58,45,17
58,47,12
58,48,18
58,50,24
58,51,18
58,53,24
58,54,19
58,55,32
58,57,27
58,58,29
58,60,20
58,61,41
58,63,24
58,64,36
58,65,25
58,67,39
58,68,53
58,70,41
58,71,40
58,72,59
58,74,53
58,75,50
58,77,32
58,78,69
58,80,74
58,81,52
58,82,50
58,84,81
58,85,87
58,87,73
58,88,61
58,89,93
58,91,93
58,92,75
58,94,73
58,95,116
58,97,128
58,98,78
58,99,81
58,101,108
58,102,137
58,104,81
58,105,96
58,107,150
58,108,146
58,109,85
58,111,80
58,112,143
58,114,151
58,115,110
58,116,136
58,118,221
58,119,218
58,121,120
58,122,109
58,124,181
58,125,212
58,126,117
58,128,150
58,129,247
58,131,241
58,132,137
58,134,142
58,135,225
58,136,250
58,138,130
58,139,199
58,141,290
58,142,318
58,143,128
58,145,178
58,146,241
58,148,274
58,149,157
58,151,239
58,152,338
58,153,370
58,155,182
58,156,212
58,158,272
58,159,330
58,161,152
58,162,264
58,163,362
58,165,395
58,166,194
58,168,241
58,169,320
58,170,384
58,172,165
58,173,341
58,175,412
58,176,446
58,178,201
58,179,266
58,180,289
58,182,343
58,183,202
58,185,322
58,186,419
58,188,459
58,189,190
58,190,282
58,192,333
58,193,379
58,195,182
58,196,349
58,197,426
58,199,464
58,200,195
58,202,305
58,203,353
58,205,385
58,206,197
58,207,359
58,209,372
58,210,466
58,212,219
58,213,288
58,214,315
58,216,348
58,217,212
58,219,428
58,220,408
58,222,442
58,223,212
58,224,319
58,226,331
58,227,389
58,229,194
58,230,373
58,232,403
58,233,461
58,234,209
58,236,336
58,237,294
58,239,389
58,240,199
58,241,398
58,243,354
58,244,430
58,246,217
58,247,296
58,249,344
58,250,347
58,251,206
58,253,358
58,254,316
58,256,384
58,257,222
58,259,289
58,260,292
58,261,352
58,263,210
58,264,331
58,266,336
58,267,370
58,268,197
58,270,285
58,271,252
58,273,303
58,274,196
58,276,304
58,277,265
58,278,360
58,280,172
58,281,246
58,283,234
58,284,264
58,286,192
58,287,270
58,288,238
58,290,309
58,291,188
58,293,213
58,294,210
58,295,245
58,297,147
58,298,202
58,300,191
58,301,256
58,303,134
58,304,173
58,305,145
58,307,209
58,308,134
58,310,165
58,311,162
58,313,174
58,314,107
58,315,137
58,317,134
58,318,169
58,320,124
58,321,139
58,322,129
58,324,142
58,325,63
58,327,108
58,328,64
58,330,112
58,331,71
58,332,105
58,334,78
58,335,96
58,337,75
58,338,56
58,339,60
58,341,81
58,342,53
58,344,60
58,345,57
58,347,57
58,348,41
58,349,32
58,351,46
58,352,55
58,354,38
58,355,34
58,357,30
58,358,47
58,359,21
58,361,13
58,362,16
58,364,23
58,365,4
58,366,12
58,367,20
60,10,1
60,11,4
60,13,1
60,14,2
60,16,2
60,17,4
60,18,3
60,20,3
60,21,6
60,23,5
60,24,3
60,26,3
60,27,6
60,28,8
60,30,4
60,31,3
60,33,2
60,34,10
60,36,9
60,37,10
60,38,13
60,40,13
60,41,7
60,43,10
60,44,7
60,45,17
60,47,9
60,48,11
60,50,17
60,51,26
60,53,12
60,54,18
60,55,21
60,57,32
60,58,15
60,60,39
60,61,23
60,63,28
60,64,9
60,65,26
60,67,38
60,68,34
60,70,18
60,71,40
60,72,34
60,74,38
60,75,29
60,77,47
60,78,49
60,80,68
60,81,26
60,82,73
60,84,54
60,85,71
60,87,35
60,88,68
60,89,73
60,91,94
60,92,38
60,94,73
60,95,79
60,97,102
60,98,57
60,99,79
60,101,103
60,102,117
60,104,59
60,105,101
60,107,98
60,108,172
60,109,68
60,111,121
60,112,107
60,114,155
60,115,68
60,116,167
60,118,134
60,119,199
60,121,81
60,122,149
60,124,146
60,125,177
60,126,92
60,128,212
60,129,199
60,131,255
60,132,103
60,134,186
60,135,197
60,136,249
60,138,134
60,139,216
60,141,223
60,142,306
60,143,133
60,145,229
60,146,210
60,148,298
60,149,179
60,151,261
60,152,275
60,153,378
60,155,168
60,156,249
60,158,270
60,159,338
60,161,173
60,162,337
60,163,271
60,165,392
60,166,216
60,168,268
60,169,294
60,170,326
60,172,211
60,173,289
60,175,325
60,176,425
60,178,218
60,179,285
60,180,311
60,182,386
60,183,187
60,185,302
60,186,344
60,188,444
60,189,250
60,190,297
60,192,314
60,193,395
60,195,210
60,196,355
60,197,374
60,199,457
60,200,264
60,202,288
60,203,358
60,205,407
60,206,241
60,207,342
60,209,379
60,210,435
60,212,255
60,213,266
60,214,339
60,216,386
60,217,212
60,219,300
60,220,362
60,222,464
60,223,274
60,224,321
60,226,351
60,227,372
60,229,234
60,230,326
60,232,353
60,233,415
60,234,244
60,236,299
60,237,340
60,239,383
60,240,267
60,241,339
60,243,322
60,244,453
60,246,247
60,247,310
60,249,286
60,250,376
60,251,238
60,253,317
60,254,306
60,256,398
60,257,229
60,259,290
60,260,328
60,261,327
60,263,249
60,264,303
60,266,304
60,267,347
60,268,223
60,270,297
60,271,265
60,273,332
60,274,211
60,276,299
60,277,258
60,278,278
60,280,199
60,281,246
60,283,220
60,284,270
60,286,172
60,287,233
60,288,202
60,290,265
60,291,168
60,293,216
60,294,188
60,295,222
60,297,180
60,298,182
60,300,165
60,301,201
60,303,140
60,304,183
60,305,151
60,307,184
60,308,131
60,310,155
60,311,116
60,313,160
60,314,111
60,315,124
60,317,106
60,318,134
60,320,96
60,321,121
60,322,69
60,324,96
60,325,73
60,327,87
60,328,63
60,330,94
60,331,92
60,332,80
60,334,48
60,335,106
60,337,68
60,338,76
60,339,64
60,341,73
60,342,48
60,344,54
60,345,50
60,347,44
60,348,38
60,349,48
60,351,27
60,352,42
60,354,27
60,355,40
60,357,25
60,358,20
60,359,21
60,361,12
60,362,8
60,364,15
60,365,9
60,366,11
60,367,12
61,10,2
61,11,3
61,13,8
61,14,2
61,16,5
61,17,4
61,18,1
61,20,3
61,21,11
61,23,2
61,24,6
61,26,5
61,27,13
61,28,8
61,30,7
61,31,7
61,33,13
61,34,13
61,36,12
61,37,13
61,38,17
61,40,16
61,41,12
61,43,15
61,44,21
61,45,21
61,47,20
61,48,13
61,50,25
61,51,23
61,53,27
61,54,28
61,55,39
61,57,31
61,58,21
61,60,27
61,61,61
61,63,41
61,64,44
61,65,28
61,67,57
61,68,59
61,70,49
61,71,44
61,72,76
61,74,74
61,75,43
61,77,53
61,78,115
61,80,68
61,81,78
61,82,89
61,84,124
61,85,107
61,87,63
61,88,71
61,89,166
61,91,99
61,92,93
61,94,106
61,95,165
61,97,134
61,98,111
61,99,106
61,101,198
61,102,181
61,104,102
61,105,152
61,107,273
61,108,191
61,109,142
61,111,147
61,112,292
61,114,233
61,115,142
61,116,193
61,118,339
61,119,289
61,121,150
61,122,156
61,124,375
61,125,279
61,126,197
61,128,245
61,129,402
61,131,365
61,132,221
61,134,226
61,135,454
61,136,358
61,138,206
61,139,272
61,141,517
61,142,497
61,143,227
61,145,281
61,146,501
61,148,445
61,149,270
61,151,320
61,152,586
61,153,519
61,155,287
61,156,294
61,158,558
61,159,491
61,161,266
61,162,331
61,163,606
61,165,674
61,166,304
61,168,358
61,169,617
61,170,508
61,172,289
61,173,428
61,175,663
61,176,621
61,178,313
61,179,404
61,180,655
61,182,575
61,183,277
61,185,427
61,186,687
61,188,708
61,189,313
61,190,462
61,192,642
61,193,572
61,195,266
61,196,466
61,197,687
61,199,717
61,200,336
61,202,438
61,203,673
61,205,582
61,206,302
61,207,459
61,209,674
61,210,713
61,212,346
61,213,421
61,214,700
61,216,615
61,217,303
61,219,503
61,220,673
61,222,722
61,223,339
61,224,433
61,226,653
61,227,576
61,229,313
61,230,509
61,232,651
61,233,664
61,234,337
61,236,454
61,237,590
61,239,580
61,240,331
61,241,480
61,243,592
61,244,705
61,246,364
61,247,460
61,249,599
61,250,567
61,251,326
61,253,501
61,254,552
61,256,635
61,257,289
61,259,459
61,260,547
61,261,546
61,263,333
61,264,459
61,266,481
61,267,565
61,268,288
61,270,393
61,271,522
61,273,494
61,274,320
61,276,396
61,277,451
61,278,521
61,280,279
61,281,367
61,283,432
61,284,462
61,286,258
61,287,395
61,288,403
61,290,408
61,291,256
61,293,344
61,294,397
61,295,406
61,297,246
61,298,345
61,300,320
61,301,359
61,303,216
61,304,289
61,305,326
61,307,326
61,308,174
61,310,261
61,311,253
61,313,249
61,314,183
61,315,194
61,317,235
61,318,239
61,320,150
61,321,197
61,322,209
61,324,214
61,325,129
61,327,165
61,328,159
61,330,155
61,331,122
61,332,173
61,334,142
61,335,143
61,337,84
61,338,122
61,339,115
61,341,132
61,342,79
61,344,113
61,345,106
61,347,95
61,348,51
61,349,86
61,351,63
61,352,82
61,354,33
61,355,49
61,357,55
61,358,46
61,359,24
61,361,29
61,362,29
61,364,32
61,365,15
61,366,23
61,367,43
63,10,5
63,11,5
63,13,4
63,14,6
63,16,6
63,17,5
63,18,10
63,20,11
63,21,10
63,23,7
63,24,10
63,26,11
63,27,12
63,28,12
63,30,6
63,31,16
63,33,17
63,34,17
63,36,13
63,37,24
63,38,19
63,40,23
63,41,13
63,43,30
63,44,35
63,45,44
63,47,22
63,48,38
63,50,43
63,51,47
63,53,25
63,54,65
63,55,59
63,57,47
63,58,37
63,60,37
63,61,66
63,63,70
63,64,32
63,65,69
63,67,84
63,68,103
63,70,68
63,71,75
63,72,88
63,74,118
63,75,65
63,77,99
63,78,126
63,80,131
63,81,80
63,82,113
63,84,162
63,85,159
63,87,87
63,88,139
63,89,195
63,91,219
63,92,115
63,94,175
63,95,179
63,97,206
63,98,117
63,99,156
63,101,240
63,102,268
63,104,121
63,105,188
63,107,242
63,108,337
63,109,150
63,111,231
63,112,311
63,114,346
63,115,160
63,116,277
63,118,283
63,119,355
63,121,186
63,122,246
63,124,374
63,125,427
63,126,219
63,128,316
63,129,317
63,131,478
63,132,200
63,134,279
63,135,476
63,136,535
63,138,211
63,139,329
63,141,391
63,142,525
63,143,233
63,145,384
63,146,461
63,148,546
63,149,244
63,151,381
63,152,422
63,153,539
63,155,257
63,156,360
63,158,506
63,159,572
63,161,288
63,162,436
63,163,453
63,165,623
63,166,302
63,168,369
63,169,534
63,170,577
63,172,309
63,173,436
63,175,488
63,176,602
63,178,299
63,179,413
63,180,572
63,182,635
63,183,301
63,185,463
63,186,515
63,188,624
63,189,300
63,190,460
63,192,583
63,193,625
63,195,309
63,196,503
63,197,494
63,199,637
63,200,324
63,202,459
63,203,594
63,205,616
63,206,327
63,207,485
63,209,591
63,210,664
63,212,343
63,213,478
63,214,570
63,216,561
63,217,318
63,219,475
63,220,510
63,222,567
63,223,336
63,224,483
63,226,631
63,227,627
63,229,306
63,230,481
63,232,541
63,233,582
63,234,350
63,236,479
63,237,558
63,239,563
63,240,321
63,241,510
63,243,501
63,244,555
63,246,351
63,247,514
63,249,592
63,250,583
63,251,369
63,253,515
63,254,542
63,256,549
63,257,345
63,259,479
63,260,563
63,261,527
63,263,310
63,264,480
63,266,505
63,267,574
63,268,338
63,270,436
63,271,492
63,273,510
63,274,335
63,276,480
63,277,506
63,278,482
63,280,335
63,281,482
63,283,434
63,284,521
63,286,241
63,287,441
63,288,384
63,290,465
63,291,246
63,293,358
63,294,385
63,295,469
63,297,204
63,298,372
63,300,373
63,301,380
63,303,240
63,304,326
63,305,334
63,307,364
63,308,191
63,310,283
63,311,256
63,313,308
63,314,184
63,315,286
63,317,243
63,318,302
63,320,165
63,321,236
63,322,207
63,324,246
63,325,130
63,327,203
63,328,191
63,330,196
63,331,117
63,332,192
63,334,135
63,335,198
63,337,99
63,338,119
63,339,119
63,341,136
63,342,79
63,344,134
63,345,102
63,347,114
63,348,62
63,349,90
63,351,96
63,352,106
63,354,41
63,355,81
63,357,52
63,358,67
63,359,23
63,361,69
63,362,50
63,364,37
63,365,11
63,366,26
63,367,30
64,10,9
64,11,4
64,13,4
64,14,2
64,16,4
64,17,8
64,18,5
64,20,3
64,21,16
64,23,5
64,24,14
64,26,10
64,27,14
64,28,9
64,30,15
64,31,16
64,33,20
64,34,18
64,36,17
64,37,12
64,38,27
64,40,17
64,41,20
64,43,19
64,44,32
64,45,25
64,47,33
64,48,17
64,50,41
64,51,31
64,53,29
64,54,29
64,55,47
64,57,46
64,58,42
64,60,41
64,61,61
64,63,56
64,64,46
64,65,27
64,67,86
64,68,78
64,70,58
64,71,50
64,72,90
64,74,107
64,75,68
64,77,60
64,78,114
64,80,116
64,81,87
64,82,65
64,84,124
64,85,125
64,87,106
64,88,91
64,89,167
64,91,136
64,92,123
64,94,124
64,95,159
64,97,182
64,98,138
64,99,133
64,101,205
64,102,208
64,104,155
64,105,135
64,107,193
64,108,209
64,109,142
64,111,151
64,112,236
64,114,252
64,115,160
64,116,171
64,118,241
64,119,282
64,121,174
64,122,190
64,124,268
64,125,295
64,126,158
64,128,226
64,129,249
64,131,344
64,132,197
64,134,218
64,135,326
64,136,358
64,138,218
64,139,261
64,141,284
64,142,363
64,143,197
64,145,283
64,146,323
64,148,405
64,149,192
64,151,287
64,152,348
64,153,421
64,155,227
64,156,307
64,158,382
64,159,468
64,161,231
64,162,329
64,163,383
64,165,505
64,166,242
64,168,333
64,169,394
64,170,511
64,172,256
64,173,386
64,175,389
64,176,478
64,178,258
64,179,332
64,180,394
64,182,512
64,183,257
64,185,382
64,186,404
64,188,556
64,189,265
64,190,387
64,192,399
64,193,501
64,195,228
64,196,426
64,197,390
64,199,509
64,200,259
64,202,407
64,203,405
64,205,504
64,206,258
64,207,431
64,209,405
64,210,510
64,212,272
64,213,422
64,214,407
64,216,534
64,217,285
64,219,474
64,220,406
64,222,539
64,223,299
64,224,435
64,226,457
64,227,491
64,229,267
64,230,431
64,232,399
64,233,520
64,234,272
64,236,426
64,237,418
64,239,524
64,240,292
64,241,423
64,243,377
64,244,546
64,246,287
64,247,411
64,249,384
64,250,491
64,251,316
64,253,458
64,254,386
64,256,510
64,257,280
64,259,389
64,260,403
64,261,427
64,263,290
64,264,433
64,266,371
64,267,500
64,268,251
64,270,367
64,271,353
64,273,437
64,274,284
64,276,382
64,277,333
64,278,426
64,280,254
64,281,391
64,283,318
64,284,355
64,286,261
64,287,328
64,288,315
64,290,365
64,291,214
64,293,292
64,294,266
64,295,314
64,297,218
64,298,305
64,300,250
64,301,292
64,303,200
64,304,281
64,305,213
64,307,270
64,308,180
64,310,232
64,311,186
64,313,234
64,314,153
64,315,202
64,317,188
64,318,231
64,320,145
64,321,194
64,322,170
64,324,180
64,325,129
64,327,147
64,328,112
64,330,170
64,331,124
64,332,115
64,334,106
64,335,137
64,337,92
64,338,95
64,339,107
64,341,128
64,342,81
64,344,107
64,345,90
64,347,90
64,348,60
64,349,86
64,351,61
64,352,92
64,354,44
64,355,42
64,357,39
64,358,47
64,359,27
64,361,39
64,362,22
64,364,38
64,365,15
64,366,23
64,367,50
65,10,1
65,11,2
65,13,4
65,14,6
65,16,2
65,17,5
65,18,3
65,20,4
65,21,4
65,23,9
65,24,8
65,26,10
65,27,9
65,28,10
65,30,7
65,31,10
65,33,7
65,34,16
65,36,10
65,37,16
65,38,12
65,40,26
65,41,17
65,43,16
65,44,24
65,45,21
65,47,14
65,48,25
65,50,25
65,51,26
65,53,26
65,54,33
65,55,23
65,57,35
65,58,33
65,60,41
65,61,29
65,63,41
65,64,41
65,65,53
65,67,54
65,68,68
65,70,36
65,71,62
65,72,46
65,74,70
65,75,49
65,77,54
65,78,69
65,80,99
65,81,66
65,82,99
65,84,95
65,85,113
65,87,80
65,88,117
65,89,102
65,91,149
65,92,87
65,94,138
65,95,144
65,97,136
65,98,97
65,99,122
65,101,176
65,102,180
65,104,116
65,105,188
65,107,162
65,108,191
65,109,102
65,111,193
65,112,179
65,114,229
65,115,132
65,116,213
65,118,221
65,119,263
65,121,138
65,122,234
65,124,241
65,125,290
65,126,150
65,128,242
65,129,238
65,131,293
65,132,179
65,134,246
65,135,308
65,136,335
65,138,189
65,139,301
65,141,300
65,142,374
65,143,200
65,145,302
65,146,333
65,148,389
65,149,215
65,151,326
65,152,300
65,153,403
65,155,210
65,156,307
65,158,387
65,159,475
65,161,247
65,162,365
65,163,317
65,165,470
65,166,266
65,168,366
65,169,429
65,170,434
65,172,260
65,173,358
65,175,360
65,176,529
65,178,268
65,179,350
65,180,461
65,182,464
65,183,296
65,185,395
65,186,402
65,188,549
65,189,288
65,190,391
65,192,433
65,193,526
65,195,306
65,196,415
65,197,447
65,199,545
65,200,331
65,202,406
65,203,496
65,205,522
65,206,288
65,207,412
65,209,440
65,210,575
65,212,319
65,213,385
65,214,473
65,216,567
65,217,307
65,219,360
65,220,462
65,222,506
65,223,335
65,224,388
65,226,465
65,227,501
65,229,319
65,230,404
65,232,421
65,233,520
65,234,348
65,236,397
65,237,439
65,239,468
65,240,337
65,241,424
65,243,418
65,244,503
65,246,318
65,247,429
65,249,443
65,250,513
65,251,324
65,253,398
65,254,440
65,256,494
65,257,306
65,259,378
65,260,394
65,261,494
65,263,309
65,264,377
65,266,415
65,267,445
65,268,305
65,270,343
65,271,384
65,273,409
65,274,313
65,276,311
65,277,320
65,278,380
65,280,284
65,281,340
65,283,316
65,284,378
65,286,287
65,287,309
65,288,287
65,290,374
65,291,261
65,293,291
65,294,270
65,295,351
65,297,227
65,298,238
65,300,223
65,301,313
65,303,207
65,304,202
65,305,216
65,307,268
65,308,184
65,310,242
65,311,172
65,313,222
65,314,173
65,315,198
65,317,132
65,318,228
65,320,162
65,321,209
65,322,134
65,324,161
65,325,119
65,327,154
65,328,109
65,330,132
65,331,123
65,332,143
65,334,90
65,335,114
65,337,87
65,338,108
65,339,104
65,341,89
65,342,92
65,344,81
65,345,63
65,347,74
65,348,54
65,349,68
65,351,46
65,352,71
65,354,51
65,355,55
65,357,33
65,358,40
65,359,16
65,361,29
65,362,19
65,364,29
65,365,10
65,366,22
65,367,32
67,10,6
67,11,7
67,13,7
67,14,10
67,16,15
67,17,6
67,18,14
67,20,10
67,21,12
67,23,11
67,24,13
67,26,17
67,27,22
67,28,17
67,30,8
67,31,8
67,33,29
67,34,16
67,36,25
67,37,15
67,38,38
67,40,24
67,41,35
67,43,24
67,44,53
67,45,29
67,47,42
67,48,27
67,50,51
67,51,41
67,53,36
67,54,32
67,55,76
67,57,64
67,58,49
67,60,46
67,61,116
67,63,66
67,64,65
67,65,71
67,67,118
67,68,76
67,70,100
67,71,93
67,72,127
67,74,103
67,75,84
67,77,82
67,78,188
67,80,126
67,81,114
67,82,135
67,84,202
67,85,171
67,87,128
67,88,138
67,89,287
67,91,200
67,92,182
67,94,181
67,95,335
67,97,262
67,98,175
67,99,195
67,101,356
67,102,262
67,104,196
67,105,212
67,107,418
67,108,344
67,109,236
67,111,273
67,112,506
67,114,366
67,115,238
67,116,316
67,118,605
67,119,483
67,121,270
67,122,309
67,124,610
67,125,464
67,126,314
67,128,361
67,129,663
67,131,500
67,132,343
67,134,372
67,135,695
67,136,576
67,138,342
67,139,445
67,141,775
67,142,595
67,143,383
67,145,422
67,146,784
67,148,627
67,149,329
67,151,486
67,152,815
67,153,722
67,155,419
67,156,438
67,158,877
67,159,702
67,161,396
67,162,525
67,163,884
67,165,804
67,166,470
67,168,449
67,169,854
67,170,789
67,172,405
67,173,553
67,175,938
67,176,830
67,178,505
67,179,493
67,180,875
67,182,805
67,183,437
67,185,599
67,186,1090
67,188,876
67,189,492
67,190,569
67,192,904
67,193,817
67,195,470
67,196,643
67,197,1038
67,199,895
67,200,484
67,202,611
67,203,991
67,205,833
67,206,452
67,207,651
67,209,1094
67,210,878
67,212,462
67,213,643
67,214,878
67,216,816
67,217,425
67,219,614
67,220,997
67,222,959
67,223,441
67,224,647
67,226,925
67,227,799
67,229,403
67,230,689
67,232,1033
67,233,969
67,234,484
67,236,674
67,237,861
67,239,819
67,240,483
67,241,720
67,243,920
67,244,853
67,246,486
67,247,593
67,249,852
67,250,818
67,251,453
67,253,668
67,254,873
67,256,818
67,257,452
67,259,577
67,260,779
67,261,707
67,263,436
67,264,641
67,266,795
67,267,743
67,268,437
67,270,604
67,271,728
67,273,670
67,274,425
67,276,619
67,277,719
67,278,663
67,280,392
67,281,520
67,283,578
67,284,576
67,286,340
67,287,561
67,288,608
67,290,625
67,291,374
67,293,466
67,294,554
67,295,502
67,297,340
67,298,524
67,300,547
67,301,507
67,303,301
67,304,360
67,305,428
67,307,443
67,308,291
67,310,397
67,311,417
67,313,401
67,314,256
67,315,320
67,317,332
67,318,362
67,320,223
67,321,325
67,322,321
67,324,250
67,325,178
67,327,228
67,328,214
67,330,274
67,331,173
67,332,246
67,334,234
67,335,202
67,337,127
67,338,132
67,339,173
67,341,178
67,342,123
67,344,176
67,345,195
67,347,152
67,348,95
67,349,108
67,351,111
67,352,98
67,354,59
67,355,93
67,357,103
67,358,83
67,359,45
67,361,50
67,362,47
67,364,43
67,365,16
67,366,30
67,367,55
68,10,7
68,11,9
68,13,4
68,14,12
68,16,10
68,17,14
68,18,4
68,20,11
68,21,21
68,23,21
68,24,9
68,26,9
68,27,25
68,28,22
68,30,16
68,31,38
68,33,37
68,34,34
68,36,27
68,37,26
68,38,43
68,40,49
68,41,30
68,43,44
68,44,65
68,45,44
68,47,36
68,48,74
68,50,69
68,51,88
68,53,47
68,54,81
68,55,97
68,57,97
68,58,74
68,60,94
68,61,116
68,63,145
68,64,85
68,65,121
68,67,143
68,68,168
68,70,81
68,71,156
68,72,158
68,74,188
68,75,125
68,77,156
68,78,210
68,80,223
68,81,131
68,82,205
68,84,250
68,85,273
68,87,195
68,88,210
68,89,287
68,91,328
68,92,175
68,94,262
68,95,334
68,97,385
68,98,178
68,99,255
68,101,380
68,102,429
68,104,264
68,105,321
68,107,403
68,108,487
68,109,297
68,111,333
68,112,450
68,114,544
68,115,280
68,116,390
68,118,527
68,119,615
68,121,299
68,122,375
68,124,456
68,125,558
68,126,321
68,128,490
68,129,583
68,131,710
68,132,361
68,134,440
68,135,562
68,136,718
68,138,381
68,139,507
68,141,680
68,142,788
68,143,402
68,145,459
68,146,613
68,148,717
68,149,367
68,151,513
68,152,669
68,153,855
68,155,415
68,156,467
68,158,630
68,159,803
68,161,425
68,162,605
68,163,839
68,165,888
68,166,422
68,168,538
68,169,682
68,170,796
68,172,449
68,173,660
68,175,799
68,176,935
68,178,408
68,179,596
68,180,717
68,182,820
68,183,479
68,185,663
68,186,874
68,188,913
68,189,507
68,190,609
68,192,725
68,193,831
68,195,439
68,196,639
68,197,831
68,199,898
68,200,479
68,202,607
68,203,748
68,205,817
68,206,522
68,207,683
68,209,925
68,210,912
68,212,518
68,213,613
68,214,801
68,216,772
68,217,471
68,219,762
68,220,932
68,222,881
68,223,533
68,224,691
68,226,788
68,227,788
68,229,523
68,230,756
68,232,920
68,233,867
68,234,562
68,236,701
68,237,773
68,239,751
68,240,502
68,241,759
68,243,865
68,244,857
68,246,494
68,247,724
68,249,776
68,250,825
68,251,488
68,253,744
68,254,858
68,256,839
68,257,591
68,259,696
68,260,750
68,261,802
68,263,482
68,264,739
68,266,714
68,267,804
68,268,482
68,270,694
68,271,721
68,273,781
68,274,443
68,276,706
68,277,785
68,278,847
68,280,454
68,281,674
68,283,639
68,284,760
68,286,414
68,287,647
68,288,620
68,290,747
68,291,449
68,293,532
68,294,596
68,295,673
68,297,377
68,298,550
68,300,548
68,301,593
68,303,331
68,304,490
68,305,454
68,307,582
68,308,287
68,310,512
68,311,410
68,313,538
68,314,268
68,315,428
68,317,395
68,318,460
68,320,238
68,321,436
68,322,313
68,324,393
68,325,230
68,327,320
68,328,267
68,330,320
68,331,182
68,332,295
68,334,263
68,335,281
68,337,139
68,338,232
68,339,191
68,341,236
68,342,141
68,344,198
68,345,152
68,347,207
68,348,107
68,349,137
68,351,126
68,352,187
68,354,83
68,355,125
68,357,115
68,358,133
68,359,55
68,361,77
68,362,60
68,364,96
68,365,14
68,366,54
68,367,66
70,10,9
70,11,9
70,13,12
70,14,8
70,16,9
70,17,10
70,18,16
70,20,9
70,21,12
70,23,16
70,24,21
70,26,13
70,27,20
70,28,30
70,30,21
70,31,23
70,33,44
70,34,23
70,36,29
70,37,30
70,38,33
70,40,36
70,41,28
70,43,26
70,44,56
70,45,54
70,47,47
70,48,36
70,50,68
70,51,50
70,53,56
70,54,34
70,55,86
70,57,95
70,58,80
70,60,49
70,61,111
70,63,87
70,64,90
70,65,71
70,67,137
70,68,124
70,70,118
70,71,116
70,72,144
70,74,157
70,75,126
70,77,95
70,78,181
70,80,185
70,81,155
70,82,152
70,84,210
70,85,212
70,87,156
70,88,149
70,89,230
70,91,228
70,92,190
70,94,191
70,95,276
70,97,323
70,98,200
70,99,196
70,101,304
70,102,319
70,104,208
70,105,230
70,107,347
70,108,434
70,109,216
70,111,273
70,112,351
70,114,394
70,115,257
70,116,285
70,118,412
70,119,476
70,121,277
70,122,285
70,124,403
70,125,452
70,126,260
70,128,389
70,129,493
70,131,545
70,132,295
70,134,314
70,135,436
70,136,530
70,138,317
70,139,467
70,141,555
70,142,608
70,143,333
70,145,376
70,146,466
70,148,501
70,149,347
70,151,477
70,152,608
70,153,694
70,155,323
70,156,439
70,158,491
70,159,604
70,161,361
70,162,511
70,163,627
70,165,711
70,166,341
70,168,445
70,169,533
70,170,607
70,172,321
70,173,539
70,175,628
70,176,805
70,178,372
70,179,473
70,180,492
70,182,630
70,183,337
70,185,639
70,186,674
70,188,785
70,189,364
70,190,520
70,192,523
70,193,709
70,195,356
70,196,681
70,197,676
70,199,822
70,200,373
70,202,561
70,203,558
70,205,712
70,206,361
70,207,661
70,209,695
70,210,793
70,212,349
70,213,562
70,214,563
70,216,664
70,217,405
70,219,743
70,220,660
70,222,855
70,223,356
70,224,630
70,226,533
70,227,677
70,229,341
70,230,716
70,232,642
70,233,837
70,234,381
70,236,576
70,237,545
70,239,678
70,240,373
70,241,736
70,243,678
70,244,841
70,246,408
70,247,581
70,249,519
70,250,687
70,251,426
70,253,643
70,254,607
70,256,735
70,257,424
70,259,534
70,260,527
70,261,675
70,263,349
70,264,652
70,266,561
70,267,676
70,268,398
70,270,535
70,271,529
70,273,616
70,274,399
70,276,557
70,277,540
70,278,631
70,280,326
70,281,506
70,283,437
70,284,573
70,286,362
70,287,500
70,288,462
70,290,539
70,291,319
70,293,458
70,294,401
70,295,506
70,297,317
70,298,468
70,300,353
70,301,418
70,303,307
70,304,372
70,305,331
70,307,443
70,308,272
70,310,359
70,311,296
70,313,362
70,314,247
70,315,277
70,317,251
70,318,341
70,320,204
70,321,293
70,322,253
70,324,264
70,325,166
70,327,217
70,328,177
70,330,224
70,331,170
70,332,223
70,334,196
70,335,217
70,337,142
70,338,148
70,339,126
70,341,187
70,342,112
70,344,146
70,345,120
70,347,137
70,348,116
70,349,97
70,351,88
70,352,102
70,354,54
70,355,100
70,357,71
70,358,91
70,359,38
70,361,50
70,362,38
70,364,50
70,365,9
70,366,21
70,367,67
71,10,4
71,11,8
71,13,5
71,14,8
71,16,9
71,17,11
71,18,8
71,20,7
71,21,7
71,23,10
71,24,14
71,26,15
71,27,9
71,28,17
71,30,13
71,31,30
71,33,23
71,34,20
71,36,12
71,37,26
71,38,24
71,40,23
71,41,22
71,43,24
71,44,46
71,45,41
71,47,34
71,48,63
71,50,51
71,51,58
71,53,38
71,54,57
71,55,40
71,57,58
71,58,52
71,60,89
71,61,73
71,63,78
71,64,66
71,65,76
71,67,96
71,68,84
71,70,58
71,71,127
71,72,105
71,74,142
71,75,68
71,77,124
71,78,114
71,80,144
71,81,100
71,82,203
71,84,177
71,85,200
71,87,115
71,88,180
71,89,170
71,91,215
71,92,132
71,94,248
71,95,202
71,97,241
71,98,169
71,99,234
71,101,201
71,102,270
71,104,134
71,105,276
71,107,257
71,108,354
71,109,176
71,111,269
71,112,295
71,114,361
71,115,190
71,116,327
71,118,311
71,119,390
71,121,234
71,122,298
71,124,317
71,125,397
71,126,216
71,128,384
71,129,372
71,131,493
71,132,258
71,134,371
71,135,404
71,136,497
71,138,269
71,139,457
71,141,420
71,142,555
71,143,312
71,145,372
71,146,359
71,148,556
71,149,303
71,151,428
71,152,447
71,153,634
71,155,347
71,156,438
71,158,429
71,159,618
71,161,355
71,162,507
71,163,509
71,165,720
71,166,337
71,168,462
71,169,472
71,170,648
71,172,363
71,173,538
71,175,522
71,176,770
71,178,372
71,179,458
71,180,511
71,182,664
71,183,437
71,185,583
71,186,549
71,188,787
71,189,397
71,190,456
71,192,540
71,193,693
71,195,395
71,196,573
71,197,604
71,199,882
71,200,414
71,202,491
71,203,536
71,205,718
71,206,416
71,207,595
71,209,643
71,210,828
71,212,467
71,213,504
71,214,548
71,216,690
71,217,426
71,219,593
71,220,585
71,222,829
71,223,435
71,224,550
71,226,594
71,227,654
71,229,431
71,230,598
71,232,609
71,233,788
71,234,472
71,236,533
71,237,596
71,239,661
71,240,465
71,241,530
71,243,601
71,244,760
71,246,476
71,247,535
71,249,586
71,250,673
71,251,502
71,253,574
71,254,548
71,256,674
71,257,501
71,259,507
71,260,537
71,261,624
71,263,462
71,264,613
71,266,510
71,267,667
71,268,425
71,270,513
71,271,467
71,273,650
71,274,447
71,276,502
71,277,422
71,278,576
71,280,393
71,281,434
71,283,414
71,284,511
71,286,426
71,287,441
71,288,406
71,290,480
71,291,369
71,293,418
71,294,385
71,295,485
71,297,365
71,298,397
71,300,331
71,301,390
71,303,327
71,304,386
71,305,343
71,307,404
71,308,288
71,310,365
71,311,258
71,313,341
71,314,255
71,315,310
71,317,232
71,318,340
71,320,245
71,321,278
71,322,194
71,324,201
71,325,164
71,327,235
71,328,178
71,330,223
71,331,153
71,332,204
71,334,143
71,335,185
71,337,148
71,338,177
71,339,104
71,341,176
71,342,132
71,344,148
71,345,92
71,347,108
71,348,72
71,349,93
71,351,72
71,352,93
71,354,82
71,355,83
71,357,63
71,358,54
71,359,47
71,361,54
71,362,30
71,364,44
71,365,17
71,366,25
71,367,52
72,10,15
72,11,12
72,13,8
72,14,4
72,16,16
72,17,13
72,18,7
72,20,18
72,21,22
72,23,26
72,24,20
72,26,16
72,27,37
72,28,29
72,30,28
72,31,15
72,33,50
72,34,25
72,36,33
72,37,26
72,38,47
72,40,43
72,41,32
72,43,45
72,44,63
72,45,46
72,47,52
72,48,45
72,50,72
72,51,66
72,53,65
72,54,64
72,55,119
72,57,80
72,58,65
72,60,78
72,61,133
72,63,98
72,64,99
72,65,89
72,67,180
72,68,122
72,70,120
72,71,139
72,72,224
72,74,167
72,75,158
72,77,143
72,78,218
72,80,175
72,81,168
72,82,182
72,84,315
72,85,231
72,87,196
72,88,199
72,89,341
72,91,279
72,92,216
72,94,258
72,95,383
72,97,356
72,98,210
72,99,248
72,101,442
72,102,362
72,104,224
72,105,334
72,107,479
72,108,470
72,109,293
72,111,322
72,112,529
72,114,492
72,115,290
72,116,394
72,118,572
72,119,568
72,121,322
72,122,373
72,124,603
72,125,599
72,126,353
72,128,448
72,129,600
72,131,677
72,132,372
72,134,401
72,135,680
72,136,702
72,138,405
72,139,542
72,141,763
72,142,857
72,143,459
72,145,519
72,146,756
72,148,747
72,149,425
72,151,523
72,152,772
72,153,885
72,155,447
72,156,539
72,158,791
72,159,815
72,161,454
72,162,667
72,163,904
72,165,1075
72,166,530
72,168,570
72,169,838
72,170,870
72,172,462
72,173,645
72,175,789
72,176,1091
72,178,520
72,179,608
72,180,942
72,182,909
72,183,518
72,185,726
72,186,928
72,188,1114
72,189,578
72,190,685
72,192,903
72,193,928
72,195,493
72,196,720
72,197,901
72,199,1112
72,200,586
72,202,690
72,203,931
72,205,973
72,206,515
72,207,772
72,209,942
72,210,1158
72,212,564
72,213,806
72,214,923
72,216,1035
72,217,545
72,219,797
72,220,953
72,222,1175
72,223,607
72,224,767
72,226,961
72,227,968
72,229,563
72,230,833
72,232,971
72,233,1146
72,234,569
72,236,770
72,237,906
72,239,977
72,240,596
72,241,808
72,243,931
72,244,1146
72,246,616
72,247,813
72,249,912
72,250,1029
72,251,578
72,253,861
72,254,929
72,256,1122
72,257,617
72,259,777
72,260,875
72,261,965
72,263,571
72,264,805
72,266,792
72,267,1046
72,268,607
72,270,808
72,271,836
72,273,980
72,274,571
72,276,788
72,277,829
72,278,924
72,280,536
72,281,692
72,283,732
72,284,869
72,286,583
72,287,663
72,288,746
72,290,807
72,291,486
72,293,681
72,294,690
72,295,771
72,297,447
72,298,592
72,300,584
72,301,656
72,303,419
72,304,524
72,305,573
72,307,638
72,308,429
72,310,501
72,311,485
72,313,527
72,314,364
72,315,483
72,317,437
72,318,533
72,320,340
72,321,453
72,322,409
72,324,426
72,325,246
72,327,334
72,328,341
72,330,370
72,331,242
72,332,297
72,334,285
72,335,295
72,337,216
72,338,269
72,339,264
72,341,248
72,342,172
72,344,208
72,345,190
72,347,220
72,348,150
72,349,171
72,351,155
72,352,167
72,354,95
72,355,140
72,357,137
72,358,102
72,359,52
72,361,72
72,362,63
72,364,68
72,365,35
72,366,48
72,367,69
74,10,19
74,11,12
74,13,13
74,14,15
74,16,27
74,17,19
74,18,16
74,20,17
74,21,33
74,23,24
74,24,18
74,26,29
74,27,26
74,28,35
74,30,29
74,31,45
74,33,46
74,34,50
74,36,37
74,37,48
74,38,62
74,40,61
74,41,42
74,43,52
74,44,81
74,45,76
74,47,63
74,48,86
74,50,99
74,51,118
74,53,94
74,54,118
74,55,155
74,57,171
74,58,101
74,60,126
74,61,189
74,63,172
74,64,127
74,65,182
74,67,230
74,68,219
74,70,142
74,71,195
74,72,229
74,74,287
74,75,178
74,77,222
74,78,286
74,80,321
74,81,205
74,82,264
74,84,295
74,85,329
74,87,243
74,88,335
74,89,400
74,91,421
74,92,240
74,94,333
74,95,416
74,97,448
74,98,243
74,99,370
74,101,476
74,102,557
74,104,273
74,105,361
74,107,473
74,108,564
74,109,328
74,111,427
74,112,531
74,114,654
74,115,323
74,116,491
74,118,520
74,119,665
74,121,374
74,122,477
74,124,593
74,125,719
74,126,361
74,128,543
74,129,517
74,131,767
74,132,393
74,134,494
74,135,731
74,136,777
74,138,450
74,139,582
74,141,590
74,142,884
74,143,422
74,145,562
74,146,702
74,148,844
74,149,424
74,151,635
74,152,614
74,153,862
74,155,432
74,156,645
74,158,745
74,159,870
74,161,458
74,162,678
74,163,665
74,165,939
74,166,470
74,168,681
74,169,753
74,170,794
74,172,485
74,173,681
74,175,676
74,176,915
74,178,488
74,179,620
74,180,856
74,182,917
74,183,503
74,185,696
74,186,735
74,188,946
74,189,507
74,190,737
74,192,829
74,193,865
74,195,542
74,196,762
74,197,724
74,199,918
74,200,530
74,202,710
74,203,811
74,205,876
74,206,551
74,207,754
74,209,766
74,210,941
74,212,565
74,213,769
74,214,939
74,216,952
74,217,567
74,219,750
74,220,810
74,222,1001
74,223,586
74,224,772
74,226,928
74,227,916
74,229,605
74,230,846
74,232,864
74,233,947
74,234,620
74,236,776
74,237,915
74,239,891
74,240,629
74,241,805
74,243,873
74,244,930
74,246,640
74,247,871
74,249,983
74,250,933
74,251,647
74,253,854
74,254,863
74,256,921
74,257,647
74,259,903
74,260,949
74,261,981
74,263,620
74,264,839
74,266,878
74,267,911
74,268,640
74,270,909
74,271,1003
74,273,965
74,274,574
74,276,843
74,277,858
74,278,859
74,280,583
74,281,846
74,283,812
74,284,894
74,286,578
74,287,790
74,288,744
74,290,767
74,291,544
74,293,733
74,294,797
74,295,861
74,297,491
74,298,718
74,300,657
74,301,683
74,303,457
74,304,652
74,305,621
74,307,736
74,308,433
74,310,624
74,311,526
74,313,607
74,314,383
74,315,543
74,317,498
74,318,614
74,320,371
74,321,510
74,322,427
74,324,475
74,325,293
74,327,396
74,328,408
74,330,467
74,331,283
74,332,374
74,334,307
74,335,349
74,337,190
74,338,321
74,339,277
74,341,340
74,342,180
74,344,260
74,345,212
74,347,253
74,348,155
74,349,220
74,351,194
74,352,210
74,354,135
74,355,181
74,357,149
74,358,159
74,359,78
74,361,113
74,362,98
74,364,107
74,365,42
74,366,67
74,367,74
75,10,16
75,11,5
75,13,13
75,14,9
75,16,17
75,17,16
75,18,15
75,20,11
75,21,32
75,23,18
75,24,17
75,26,20
75,27,31
75,28,32
75,30,41
75,31,27
75,33,74
75,34,47
75,36,46
75,37,48
75,38,57
75,40,54
75,41,56
75,43,55
75,44,72
75,45,67
75,47,88
75,48,60
75,50,94
75,51,111
75,53,108
75,54,48
75,55,123
75,57,103
75,58,107
75,60,96
75,61,130
75,63,129
75,64,111
75,65,106
75,67,193
75,68,190
75,70,129
75,71,113
75,72,189
75,74,183
75,75,182
75,77,153
75,78,257
75,80,256
75,81,201
75,82,172
75,84,251
75,85,267
75,87,218
75,88,209
75,89,316
75,91,331
75,92,231
75,94,250
75,95,307
75,97,351
75,98,238
75,99,247
75,101,365
75,102,384
75,104,255
75,105,268
75,107,306
75,108,396
75,109,265
75,111,287
75,112,388
75,114,493
75,115,284
75,116,352
75,118,396
75,119,498
75,121,280
75,122,384
75,124,461
75,125,505
75,126,310
75,128,416
75,129,396
75,131,564
75,132,331
75,134,426
75,135,474
75,136,639
75,138,312
75,139,436
75,141,446
75,142,640
75,143,347
75,145,435
75,146,480
75,148,648
75,149,279
75,151,466
75,152,480
75,153,619
75,155,334
75,156,472
75,158,467
75,159,654
75,161,332
75,162,547
75,163,507
75,165,751
75,166,358
75,168,540
75,169,525
75,170,643
75,172,353
75,173,567
75,175,490
75,176,699
75,178,364
75,179,570
75,180,578
75,182,741
75,183,351
75,185,617
75,186,566
75,188,793
75,189,413
75,190,596
75,192,569
75,193,762
75,195,359
75,196,622
75,197,526
75,199,790
75,200,431
75,202,603
75,203,587
75,205,741
75,206,386
75,207,636
75,209,581
75,210,825
75,212,419
75,213,658
75,214,557
75,216,832
75,217,404
75,219,684
75,220,595
75,222,912
75,223,460
75,224,759
75,226,578
75,227,751
75,229,378
75,230,707
75,232,602
75,233,878
75,234,440
75,236,759
75,237,580
75,239,814
75,240,458
75,241,740
75,243,619
75,244,860
75,246,432
75,247,714
75,249,611
75,250,801
75,251,452
75,253,756
75,254,586
75,256,846
75,257,487
75,259,695
75,260,608
75,261,806
75,263,453
75,264,741
75,266,608
75,267,789
75,268,462
75,270,639
75,271,630
75,273,770
75,274,467
75,276,652
75,277,541
75,278,746
75,280,449
75,281,648
75,283,510
75,284,696
75,286,430
75,287,636
75,288,550
75,290,684
75,291,432
75,293,566
75,294,561
75,295,591
75,297,388
75,298,543
75,300,446
75,301,586
75,303,348
75,304,498
75,305,432
75,307,544
75,308,347
75,310,490
75,311,420
75,313,437
75,314,316
75,315,419
75,317,332
75,318,462
75,320,300
75,321,377
75,322,320
75,324,364
75,325,257
75,327,306
75,328,265
75,330,320
75,331,260
75,332,286
75,334,235
75,335,268
75,337,184
75,338,241
75,339,188
75,341,250
75,342,157
75,344,213
75,345,185
75,347,171
75,348,154
75,349,141
75,351,120
75,352,188
75,354,99
75,355,127
75,357,113
75,358,134
75,359,51
75,361,58
75,362,54
75,364,76
75,365,25
75,366,63
75,367,89
77,10,4
77,11,9
77,13,10
77,14,8
77,16,11
77,17,13
77,18,6
77,20,18
77,21,14
77,23,15
77,24,12
77,26,17
77,27,22
77,28,25
77,30,10
77,31,27
77,33,15
77,34,32
77,36,24
77,37,38
77,38,39
77,40,46
77,41,33
77,43,39
77,44,55
77,45,49
77,47,31
77,48,58
77,50,62
77,51,71
77,53,38
77,54,90
77,55,79
77,57,77
77,58,76
77,60,91
77,61,84
77,63,117
77,64,93
77,65,115
77,67,124
77,68,136
77,70,78
77,71,139
77,72,128
77,74,173
77,75,110
77,77,157
77,78,170
77,80,202
77,81,152
77,82,223
77,84,181
77,85,227
77,87,152
77,88,209
77,89,220
77,91,287
77,92,181
77,94,292
77,95,230
77,97,275
77,98,166
77,99,292
77,101,269
77,102,363
77,104,228
77,105,293
77,107,257
77,108,354
77,109,228
77,111,310
77,112,323
77,114,421
77,115,246
77,116,386
77,118,324
77,119,471
77,121,260
77,122,374
77,124,357
77,125,500
77,126,271
77,128,423
77,129,325
77,131,508
77,132,314
77,134,403
77,135,415
77,136,558
77,138,303
77,139,454
77,141,425
77,142,637
77,143,331
77,145,479
77,146,414
77,148,648
77,149,355
77,151,483
77,152,456
77,153,688
77,155,360
77,156,493
77,158,507
77,159,725
77,161,355
77,162,524
77,163,459
77,165,793
77,166,404
77,168,499
77,169,505
77,170,769
77,172,423
77,173,538
77,175,517
77,176,738
77,178,428
77,179,523
77,180,583
77,182,821
77,183,426
77,185,637
77,186,559
77,188,800
77,189,467
77,190,602
77,192,608
77,193,827
77,195,481
77,196,581
77,197,610
77,199,832
77,200,510
77,202,582
77,203,684
77,205,827
77,206,480
77,207,589
77,209,604
77,210,865
77,212,488
77,213,630
77,214,618
77,216,834
77,217,494
77,219,603
77,220,679
77,222,841
77,223,546
77,224,614
77,226,691
77,227,784
77,229,498
77,230,621
77,232,673
77,233,876
77,234,503
77,236,607
77,237,693
77,239,817
77,240,511
77,241,589
77,243,648
77,244,844
77,246,547
77,247,661
77,249,685
77,250,819
77,251,561
77,253,614
77,254,649
77,256,754
77,257,571
77,259,617
77,260,628
77,261,750
77,263,554
77,264,616
77,266,612
77,267,745
77,268,531
77,270,602
77,271,649
77,273,723
77,274,547
77,276,592
77,277,539
77,278,762
77,280,484
77,281,540
77,283,568
77,284,662
77,286,474
77,287,528
77,288,499
77,290,672
77,291,479
77,293,542
77,294,512
77,295,627
77,297,431
77,298,529
77,300,445
77,301,521
77,303,415
77,304,443
77,305,402
77,307,477
77,308,408
77,310,456
77,311,333
77,313,408
77,314,319
77,315,379
77,317,303
77,318,430
77,320,351
77,321,379
77,322,283
77,324,338
77,325,236
77,327,302
77,328,207
77,330,330
77,331,244
77,332,273
77,334,184
77,335,207
77,337,218
77,338,205
77,339,157
77,341,231
77,342,179
77,344,227
77,345,130
77,347,165
77,348,124
77,349,170
77,351,89
77,352,155
77,354,109
77,355,147
77,357,92
77,358,120
77,359,49
77,361,84
77,362,37
77,364,81
77,365,26
77,366,34
77,367,56
78,10,19
78,11,13
78,13,15
78,14,11
78,16,24
78,17,15
78,18,15
78,20,22
78,21,35
78,23,18
78,24,28
78,26,23
78,27,46
78,28,40
78,30,35
78,31,35
78,33,55
78,34,36
78,36,55
78,37,52
78,38,92
78,40,66
78,41,55
78,43,49
78,44,101
78,45,92
78,47,75
78,48,98
78,50,123
78,51,99
78,53,101
78,54,94
78,55,168
78,57,119
78,58,114
78,60,123
78,61,209
78,63,147
78,64,149
78,65,145
78,67,232
78,68,174
78,70,182
78,71,188
78,72,283
78,74,234
78,75,199
78,77,192
78,78,342
78,80,249
78,81,208
78,82,237
78,84,322
78,85,342
78,87,254
78,88,239
78,89,440
78,91,333
78,92,279
78,94,316
78,95,488
78,97,406
78,98,327
78,99,314
78,101,464
78,102,453
78,104,334
78,105,374
78,107,555
78,108,514
78,109,358
78,111,371
78,112,564
78,114,589
78,115,363
78,116,463
78,118,675
78,119,609
78,121,401
78,122,437
78,124,683
78,125,665
78,126,403
78,128,546
78,129,692
78,131,741
78,132,432
78,134,486
78,135,699
78,136,741
78,138,472
78,139,581
78,141,758
78,142,859
78,143,491
78,145,543
78,146,739
78,148,842
78,149,441
78,151,582
78,152,804
78,153,912
78,155,522
78,156,568
78,158,779
78,159,946
78,161,487
78,162,662
78,163,905
78,165,959
78,166,520
78,168,642
78,169,798
78,170,992
78,172,563
78,173,728
78,175,882
78,176,1077
78,178,601
78,179,683
78,180,854
78,182,986
78,183,581
78,185,739
78,186,993
78,188,1138
78,189,572
78,190,734
78,192,860
78,193,1002
78,195,566
78,196,831
78,197,1028
78,199,1126
78,200,637
78,202,767
78,203,954
78,205,1014
78,206,614
78,207,837
78,209,1053
78,210,1237
78,212,672
78,213,860
78,214,929
78,216,1062
78,217,665
78,219,924
78,220,1008
78,222,1198
78,223,659
78,224,842
78,226,997
78,227,1074
78,229,643
78,230,931
78,232,1104
78,233,1253
78,234,652
78,236,837
78,237,940
78,239,1068
78,240,649
78,241,951
78,243,947
78,244,1245
78,246,691
78,247,796
78,249,1005
78,250,1103
78,251,629
78,253,909
78,254,1087
78,256,1202
78,257,658
78,259,857
78,260,951
78,261,1113
78,263,649
78,264,887
78,266,1034
78,267,1092
78,268,672
78,270,838
78,271,1010
78,273,1067
78,274,657
78,276,856
78,277,968
78,278,1052
78,280,590
78,281,845
78,283,909
78,284,967
78,286,661
78,287,828
78,288,915
78,290,969
78,291,577
78,293,748
78,294,804
78,295,829
78,297,502
78,298,760
78,300,796
78,301,809
78,303,562
78,304,612
78,305,688
78,307,766
78,308,465
78,310,671
78,311,644
78,313,714
78,314,441
78,315,585
78,317,509
78,318,591
78,320,416
78,321,597
78,322,530
78,324,541
78,325,327
78,327,395
78,328,383
78,330,455
78,331,304
78,332,444
78,334,417
78,335,424
78,337,246
78,338,341
78,339,304
78,341,338
78,342,226
78,344,308
78,345,259
78,347,305
78,348,193
78,349,223
78,351,237
78,352,250
78,354,142
78,355,201
78,357,212
78,358,165
78,359,107
78,361,81
78,362,86
78,364,79
78,365,44
78,366,69
78,367,138
80,10,26
80,11,25
80,13,17
80,14,23
80,16,24
80,17,32
80,18,23
80,20,27
80,21,46
80,23,53
80,24,29
80,26,41
80,27,72
80,28,65
80,30,35
80,31,60
80,33,78
80,34,99
80,36,73
80,37,69
80,38,99
80,40,96
80,41,68
80,43,105
80,44,158
80,45,132
80,47,132
80,48,147
80,50,171
80,51,210
80,53,121
80,54,186
80,55,210
80,57,252
80,58,133
80,60,198
80,61,251
80,63,279
80,64,178
80,65,250
80,67,305
80,68,323
80,70,218
80,71,293
80,72,318
80,74,375
80,75,253
80,77,324
80,78,396
80,80,431
80,81,259
80,82,372
80,84,441
80,85,510
80,87,317
80,88,377
80,89,485
80,91,575
80,92,315
80,94,491
80,95,570
80,97,583
80,98,362
80,99,447
80,101,526
80,102,640
80,104,354
80,105,504
80,107,592
80,108,689
80,109,419
80,111,511
80,112,563
80,114,775
80,115,412
80,116,588
80,118,652
80,119,889
80,121,463
80,122,576
80,124,592
80,125,808
80,126,470
80,128,604
80,129,639
80,131,878
80,132,498
80,134,560
80,135,703
80,136,919
80,138,499
80,139,672
80,141,751
80,142,937
80,143,522
80,145,645
80,146,721
80,148,919
80,149,500
80,151,727
80,152,804
80,153,976
80,155,513
80,156,642
80,158,780
80,159,972
80,161,529
80,162,746
80,163,824
80,165,1016
80,166,538
80,168,692
80,169,783
80,170,981
80,172,523
80,173,738
80,175,870
80,176,1026
80,178,557
80,179,724
80,180,797
80,182,965
80,183,610
80,185,873
80,186,918
80,188,1013
80,189,586
80,190,718
80,192,869
80,193,1000
80,195,608
80,196,829
80,197,971
80,199,1046
80,200,629
80,202,796
80,203,887
80,205,911
80,206,606
80,207,908
80,209,981
80,210,1030
80,212,668
80,213,852
80,214,928
80,216,1028
80,217,719
80,219,935
80,220,1012
80,222,1043
80,223,687
80,224,884
80,226,940
80,227,1020
80,229,681
80,230,939
80,232,1098
80,233,1106
80,234,718
80,236,902
80,237,1035
80,239,1012
80,240,727
80,241,1032
80,243,1150
80,244,1138
80,246,766
80,247,976
80,249,1035
80,250,1067
80,251,679
80,253,956
80,254,1041
80,256,1165
80,257,771
80,259,976
80,260,1035
80,261,1134
80,263,733
80,264,1025
80,266,1101
80,267,1120
80,268,736
80,270,1023
80,271,1008
80,273,1158
80,274,729
80,276,988
80,277,1122
80,278,1100
80,280,727
80,281,980
80,283,935
80,284,1107
80,286,697
80,287,963
80,288,1065
80,290,1091
80,291,610
80,293,962
80,294,900
80,295,1057
80,297,595
80,298,921
80,300,902
80,301,1020
80,303,611
80,304,741
80,305,729
80,307,921
80,308,529
80,310,802
80,311,752
80,313,847
80,314,471
80,315,752
80,317,614
80,318,762
80,320,412
80,321,668
80,322,560
80,324,724
80,325,402
80,327,528
80,328,485
80,330,624
80,331,333
80,332,529
80,334,455
80,335,582
80,337,283
80,338,402
80,339,379
80,341,479
80,342,221
80,344,377
80,345,326
80,347,391
80,348,209
80,349,285
80,351,222
80,352,309
80,354,143
80,355,282
80,357,202
80,358,250
80,359,116
80,361,165
80,362,122
80,364,195
80,365,50
80,366,125
80,367,160
81,10,26
81,11,14
81,13,20
81,14,22
81,16,26
81,17,29
81,18,27
81,20,12
81,21,36
81,23,41
81,24,41
81,26,24
81,27,55
81,28,62
81,30,52
81,31,41
81,33,79
81,34,69
81,36,73
81,37,42
81,38,106
81,40,79
81,41,93
81,43,44
81,44,123
81,45,123
81,47,126
81,48,83
81,50,152
81,51,156
81,53,123
81,54,115
81,55,174
81,57,167
81,58,165
81,60,150
81,61,207
81,63,234
81,64,183
81,65,156
81,67,245
81,68,190
81,70,216
81,71,207
81,72,307
81,74,284
81,75,210
81,77,206
81,78,312
81,80,345
81,81,264
81,82,262
81,84,357
81,85,347
81,87,265
81,88,280
81,89,356
81,91,409
81,92,287
81,94,351
81,95,405
81,97,445
81,98,286
81,99,329
81,101,388
81,102,464
81,104,307
81,105,399
81,107,439
81,108,506
81,109,300
81,111,378
81,112,405
81,114,544
81,115,338
81,116,458
81,118,449
81,119,625
81,121,345
81,122,443
81,124,436
81,125,637
81,126,386
81,128,543
81,129,498
81,131,657
81,132,354
81,134,479
81,135,455
81,136,653
81,138,396
81,139,639
81,141,514
81,142,776
81,143,367
81,145,487
81,146,468
81,148,650
81,149,402
81,151,628
81,152,579
81,153,780
81,155,378
81,156,561
81,158,536
81,159,681
81,161,387
81,162,675
81,163,576
81,165,885
81,166,411
81,168,574
81,169,524
81,170,717
81,172,430
81,173,735
81,175,629
81,176,919
81,178,410
81,179,668
81,180,524
81,182,801
81,183,413
81,185,781
81,186,651
81,188,960
81,189,432
81,190,651
81,192,569
81,193,802
81,195,434
81,196,856
81,197,683
81,199,993
81,200,454
81,202,688
81,203,591
81,205,819
81,206,458
81,207,827
81,209,710
81,210,1039
81,212,452
81,213,763
81,214,554
81,216,846
81,217,451
81,219,884
81,220,701
81,222,1065
81,223,472
81,224,779
81,226,661
81,227,843
81,229,475
81,230,898
81,232,704
81,233,992
81,234,494
81,236,799
81,237,637
81,239,872
81,240,488
81,241,946
81,243,749
81,244,1059
81,246,504
81,247,816
81,249,676
81,250,866
81,251,527
81,253,891
81,254,744
81,256,1020
81,257,537
81,259,804
81,260,654
81,261,925
81,263,543
81,264,886
81,266,733
81,267,984
81,268,537
81,270,817
81,271,660
81,273,861
81,274,542
81,276,793
81,277,704
81,278,880
81,280,529
81,281,743
81,283,622
81,284,866
81,286,502
81,287,781
81,288,653
81,290,834
81,291,507
81,293,696
81,294,601
81,295,749
81,297,494
81,298,690
81,300,580
81,301,719
81,303,464
81,304,564
81,305,507
81,307,689
81,308,388
81,310,568
81,311,498
81,313,584
81,314,394
81,315,521
81,317,445
81,318,540
81,320,353
81,321,490
81,322,389
81,324,450
81,325,357
81,327,371
81,328,310
81,330,420
81,331,307
81,332,387
81,334,305
81,335,383
81,337,246
81,338,289
81,339,236
81,341,351
81,342,227
81,344,245
81,345,203
81,347,228
81,348,177
81,349,196
81,351,169
81,352,222
81,354,148
81,355,163
81,357,161
81,358,158
81,359,69
81,361,93
81,362,86
81,364,95
81,365,44
81,366,75
81,367,147
82,10,8
82,11,9
82,13,12
82,14,25
82,16,18
82,17,15
82,18,13
82,20,15
82,21,20
82,23,27
82,24,14
82,26,34
82,27,30
82,28,43
82,30,27
82,31,46
82,33,40
82,34,61
82,36,38
82,37,59
82,38,63
82,40,54
82,41,51
82,43,73
82,44,90
82,45,95
82,47,76
82,48,96
82,50,87
82,51,122
82,53,79
82,54,122
82,55,124
82,57,144
82,58,121
82,60,171
82,61,126
82,63,167
82,64,119
82,65,162
82,67,169
82,68,203
82,70,138
82,71,232
82,72,176
82,74,235
82,75,182
82,77,256
82,78,208
82,80,275
82,81,192
82,82,311
82,84,244
82,85,292
82,87,196
82,88,312
82,89,280
82,91,327
82,92,255
82,94,382
82,95,293
82,97,406
82,98,255
82,99,324
82,101,305
82,102,394
82,104,251
82,105,412
82,107,350
82,108,460
82,109,286
82,111,401
82,112,357
82,114,515
82,115,304
82,116,454
82,118,410
82,119,584
82,121,289
82,122,437
82,124,387
82,125,607
82,126,326
82,128,553
82,129,437
82,131,693
82,132,324
82,134,466
82,135,439
82,136,656
82,138,382
82,139,544
82,141,466
82,142,773
82,143,405
82,145,486
82,146,408
82,148,732
82,149,387
82,151,576
82,152,487
82,153,797
82,155,445
82,156,570
82,158,528
82,159,723
82,161,425
82,162,629
82,163,561
82,165,908
82,166,429
82,168,528
82,169,508
82,170,816
82,172,517
82,173,613
82,175,616
82,176,942
82,178,508
82,179,611
82,180,578
82,182,833
82,183,500
82,185,709
82,186,685
82,188,958
82,189,532
82,190,606
82,192,598
82,193,987
82,195,551
82,196,714
82,197,712
82,199,1023
82,200,522
82,202,646
82,203,645
82,205,913
82,206,600
82,207,762
82,209,763
82,210,1065
82,212,552
82,213,679
82,214,707
82,216,935
82,217,586
82,219,744
82,220,767
82,222,1054
82,223,640
82,224,684
82,226,729
82,227,939
82,229,615
82,230,793
82,232,760
82,233,1023
82,234,632
82,236,724
82,237,730
82,239,951
82,240,634
82,241,837
82,243,749
82,244,1055
82,246,611
82,247,717
82,249,749
82,250,949
82,251,688
82,253,747
82,254,759
82,256,1015
82,257,672
82,259,732
82,260,704
82,261,950
82,263,666
82,264,777
82,266,749
82,267,998
82,268,630
82,270,734
82,271,707
82,273,922
82,274,686
82,276,744
82,277,612
82,278,892
82,280,674
82,281,703
82,283,666
82,284,868
82,286,675
82,287,739
82,288,583
82,290,767
82,291,558
82,293,659
82,294,544
82,295,710
82,297,554
82,298,663
82,300,476
82,301,718
82,303,551
82,304,583
82,305,473
82,307,655
82,308,514
82,310,587
82,311,414
82,313,583
82,314,442
82,315,512
82,317,403
82,318,578
82,320,412
82,321,474
82,322,334
82,324,418
82,325,320
82,327,390
82,328,279
82,330,398
82,331,295
82,332,381
82,334,248
82,335,339
82,337,261
82,338,305
82,339,211
82,341,344
82,342,220
82,344,264
82,345,169
82,347,208
82,348,171
82,349,209
82,351,139
82,352,216
82,354,136
82,355,171
82,357,78
82,358,134
82,359,75
82,361,82
82,362,58
82,364,94
82,365,36
82,366,52
82,367,76
84,10,27
84,11,20
84,13,29
84,14,26
84,16,39
84,17,22
84,18,32
84,20,26
84,21,57
84,23,36
84,24,37
84,26,41
84,27,62
84,28,49
84,30,76
84,31,48
84,33,87
84,34,55
84,36,70
84,37,72
84,38,111
84,40,72
84,41,116
84,43,93
84,44,154
84,45,92
84,47,124
84,48,103
84,50,169
84,51,117
84,53,146
84,54,146
84,55,178
84,57,148
84,58,186
84,60,155
84,61,235
84,63,197
84,64,205
84,65,183
84,67,308
84,68,211
84,70,213
84,71,238
84,72,341
84,74,271
84,75,257
84,77,248
84,78,398
84,80,337
84,81,289
84,82,298
84,84,387
84,85,336
84,87,309
84,88,320
84,89,434
84,91,407
84,92,341
84,94,340
84,95,444
84,97,466
84,98,379
84,99,377
84,101,495
84,102,480
84,104,379
84,105,424
84,107,548
84,108,573
84,109,424
84,111,431
84,112,545
84,114,634
84,115,427
84,116,521
84,118,572
84,119,708
84,121,423
84,122,496
84,124,627
84,125,730
84,126,443
84,128,562
84,129,644
84,131,824
84,132,501
84,134,568
84,135,651
84,136,820
84,138,502
84,139,588
84,141,644
84,142,965
84,143,507
84,145,579
84,146,650
84,148,855
84,149,509
84,151,682
84,152,662
84,153,944
84,155,533
84,156,655
84,158,708
84,159,868
84,161,514
84,162,769
84,163,741
84,165,1155
84,166,528
84,168,710
84,169,739
84,170,940
84,172,552
84,173,795
84,175,737
84,176,1064
84,178,553
84,179,759
84,180,752
84,182,970
84,183,572
84,185,844
84,186,836
84,188,1254
84,189,585
84,190,816
84,192,750
84,193,1029
84,195,649
84,196,893
84,197,844
84,199,1180
84,200,606
84,202,867
84,203,811
84,205,1055
84,206,631
84,207,903
84,209,850
84,210,1216
84,212,630
84,213,912
84,214,832
84,216,1063
84,217,663
84,219,922
84,220,847
84,222,1258
84,223,650
84,224,872
84,226,846
84,227,1078
84,229,637
84,230,919
84,232,948
84,233,1306
84,234,687
84,236,976
84,237,898
84,239,1188
84,240,699
84,241,1026
84,243,928
84,244,1329
84,246,696
84,247,946
84,249,951
84,250,1182
84,251,702
84,253,983
84,254,898
84,256,1322
84,257,727
84,259,922
84,260,935
84,261,1172
84,263,764
84,264,1028
84,266,957
84,267,1280
84,268,742
84,270,931
84,271,961
84,273,1207
84,274,738
84,276,940
84,277,869
84,278,1197
84,280,723
84,281,951
84,283,931
84,284,1130
84,286,762
84,287,893
84,288,826
84,290,1060
84,291,717
84,293,882
84,294,882
84,295,1036
84,297,675
84,298,884
84,300,833
84,301,994
84,303,649
84,304,768
84,305,744
84,307,899
84,308,623
84,310,783
84,311,696
84,313,787
84,314,562
84,315,762
84,317,637
84,318,825
84,320,501
84,321,605
84,322,608
84,324,631
84,325,422
84,327,547
84,328,502
84,330,634
84,331,413
84,332,477
84,334,433
84,335,481
84,337,339
84,338,421
84,339,397
84,341,391
84,342,296
84,344,373
84,345,343
84,347,380
84,348,249
84,349,300
84,351,295
84,352,312
84,354,201
84,355,210
84,357,209
84,358,205
84,359,110
84,361,117
84,362,141
84,364,135
84,365,49
84,366,81
84,367,182
85,10,39
85,11,37
85,13,22
85,14,38
85,16,34
85,17,37
85,18,31
85,20,53
85,21,60
85,23,67
85,24,47
85,26,69
85,27,85
85,28,94
85,30,83
85,31,91
85,33,129
85,34,102
85,36,92
85,37,130
85,38,137
85,40,136
85,41,129
85,43,140
85,44,204
85,45,192
85,47,143
85,48,179
85,50,201
85,51,238
85,53,222
85,54,258
85,55,289
85,57,323
85,58,193
85,60,281
85,61,316
85,63,322
85,64,245
85,65,305
85,67,394
85,68,399
85,70,268
85,71,387
85,72,433
85,74,410
85,75,317
85,77,390
85,78,507
85,80,533
85,81,357
85,82,439
85,84,477
85,85,535
85,87,377
85,88,491
85,89,617
85,91,656
85,92,373
85,94,500
85,95,607
85,97,595
85,98,407
85,99,502
85,101,637
85,102,755
85,104,446
85,105,533
85,107,556
85,108,723
85,109,422
85,111,566
85,112,646
85,114,872
85,115,420
85,116,636
85,118,588
85,119,872
85,121,474
85,122,629
85,124,722
85,125,833
85,126,466
85,128,684
85,129,621
85,131,882
85,132,466
85,134,634
85,135,716
85,136,908
85,138,528
85,139,675
85,141,647
85,142,920
85,143,541
85,145,740
85,146,807
85,148,935
85,149,525
85,151,740
85,152,678
85,153,1000
85,155,533
85,156,730
85,158,778
85,159,948
85,161,588
85,162,760
85,163,709
85,165,1032
85,166,543
85,168,721
85,169,821
85,170,1013
85,172,560
85,173,850
85,175,751
85,176,1010
85,178,601
85,179,783
85,180,804
85,182,934
85,183,574
85,185,825
85,186,759
85,188,1049
85,189,648
85,190,844
85,192,866
85,193,968
85,195,583
85,196,863
85,197,863
85,199,1024
85,200,654
85,202,870
85,203,959
85,205,933
85,206,648
85,207,885
85,209,839
85,210,1001
85,212,653
85,213,956
85,214,959
85,216,983
85,217,682
85,219,931
85,220,884
85,222,1104
85,223,741
85,224,910
85,226,979
85,227,1097
85,229,757
85,230,984
85,232,987
85,233,1129
85,234,750
85,236,986
85,237,1022
85,239,1112
85,240,774
85,241,995
85,243,1047
85,244,1069
85,246,807
85,247,982
85,249,1071
85,250,1161
85,251,772
85,253,993
85,254,998
85,256,1128
85,257,831
85,259,1044
85,260,1134
85,261,1214
85,263,813
85,264,1071
85,266,1053
85,267,1162
85,268,776
85,270,1143
85,271,1207
85,273,1244
85,274,783
85,276,1041
85,277,1059
85,278,1128
85,280,752
85,281,1044
85,283,1134
85,284,1256
85,286,728
85,287,1054
85,288,955
85,290,1181
85,291,798
85,293,1032
85,294,1047
85,295,1214
85,297,685
85,298,965
85,300,876
85,301,1009
85,303,634
85,304,969
85,305,929
85,307,1041
85,308,649
85,310,870
85,311,843
85,313,876
85,314,565
85,315,746
85,317,816
85,318,942
85,320,620
85,321,808
85,322,657
85,324,728
85,325,469
85,327,667
85,328,628
85,330,743
85,331,393
85,332,604
85,334,501
85,335,603
85,337,362
85,338,528
85,339,482
85,341,594
85,342,290
85,344,426
85,345,394
85,347,426
85,348,262
85,349,387
85,351,290
85,352,379
85,354,185
85,355,314
85,357,280
85,358,253
85,359,135
85,361,225
85,362,184
85,364,224
85,365,77
85,366,130
85,367,150
87,10,29
87,11,30
87,13,38
87,14,21
87,16,44
87,17,33
87,18,33
87,20,32
87,21,63
87,23,79
87,24,68
87,26,44
87,27,75
87,28,81
87,30,90
87,31,58
87,33,118
87,34,106
87,36,104
87,37,97
87,38,139
87,40,125
87,41,121
87,43,107
87,44,200
87,45,132
87,47,153
87,48,131
87,50,214
87,51,189
87,53,193
87,54,136
87,55,248
87,57,233
87,58,208
87,60,181
87,61,274
87,63,287
87,64,215
87,65,191
87,67,305
87,68,317
87,70,276
87,71,264
87,72,320
87,74,322
87,75,292
87,77,260
87,78,362
87,80,357
87,81,358
87,82,350
87,84,444
87,85,431
87,87,305
87,88,318
87,89,442
87,91,513
87,92,349
87,94,360
87,95,432
87,97,487
87,98,311
87,99,373
87,101,434
87,102,536
87,104,351
87,105,419
87,107,420
87,108,586
87,109,322
87,111,432
87,112,495
87,114,596
87,115,380
87,116,461
87,118,498
87,119,648
87,121,420
87,122,464
87,124,493
87,125,694
87,126,368
87,128,538
87,129,455
87,131,685
87,132,373
87,134,548
87,135,527
87,136,729
87,138,401
87,139,593
87,141,495
87,142,733
87,143,419
87,145,620
87,146,545
87,148,745
87,149,397
87,151,594
87,152,498
87,153,820
87,155,408
87,156,624
87,158,573
87,159,809
87,161,405
87,162,622
87,163,534
87,165,865
87,166,436
87,168,647
87,169,553
87,170,775
87,172,381
87,173,689
87,175,540
87,176,855
87,178,441
87,179,687
87,180,594
87,182,810
87,183,394
87,185,660
87,186,548
87,188,846
87,189,424
87,190,670
87,192,599
87,193,855
87,195,394
87,196,729
87,197,581
87,199,910
87,200,456
87,202,719
87,203,584
87,205,887
87,206,431
87,207,814
87,209,579
87,210,949
87,212,465
87,213,826
87,214,615
87,216,866
87,217,481
87,219,883
87,220,619
87,222,1026
87,223,478
87,224,815
87,226,664
87,227,850
87,229,454
87,230,803
87,232,671
87,233,956
87,234,518
87,236,875
87,237,641
87,239,913
87,240,508
87,241,921
87,243,656
87,244,922
87,246,513
87,247,853
87,249,743
87,250,981
87,251,574
87,253,905
87,254,683
87,256,993
87,257,579
87,259,929
87,260,661
87,261,1012
87,263,550
87,264,864
87,266,702
87,267,981
87,268,579
87,270,887
87,271,705
87,273,975
87,274,571
87,276,896
87,277,738
87,278,963
87,280,598
87,281,834
87,283,643
87,284,881
87,286,601
87,287,865
87,288,715
87,290,908
87,291,562
87,293,763
87,294,656
87,295,857
87,297,602
87,298,789
87,300,694
87,301,815
87,303,519
87,304,733
87,305,598
87,307,736
87,308,526
87,310,730
87,311,551
87,313,644
87,314,456
87,315,620
87,317,515
87,318,657
87,320,453
87,321,584
87,322,459
87,324,571
87,325,377
87,327,507
87,328,429
87,330,472
87,331,389
87,332,418
87,334,422
87,335,402
87,337,293
87,338,381
87,339,324
87,341,401
87,342,307
87,344,338
87,345,303
87,347,318
87,348,225
87,349,269
87,351,221
87,352,287
87,354,206
87,355,256
87,357,230
87,358,210
87,359,114
87,361,154
87,362,98
87,364,126
87,365,61
87,366,72
87,367,205
88,10,20
88,11,17
88,13,16
88,14,39
88,16,25
88,17,28
88,18,27
88,20,28
88,21,25
88,23,39
88,24,35
88,26,52
88,27,52
88,28,53
88,30,56
88,31,62
88,33,66
88,34,82
88,36,65
88,37,85
88,38,87
88,40,102
88,41,82
88,43,103
88,44,107
88,45,122
88,47,100
88,48,136
88,50,109
88,51,150
88,53,127
88,54,146
88,55,140
88,57,172
88,58,138
88,60,200
88,61,156
88,63,220
88,64,199
88,65,240
88,67,235
88,68,263
88,70,191
88,71,276
88,72,209
88,74,283
88,75,209
88,77,275
88,78,287
88,80,311
88,81,231
88,82,374
88,84,248
88,85,390
88,87,283
88,88,384
88,89,321
88,91,418
88,92,276
88,94,376
88,95,309
88,97,416
88,98,283
88,99,398
88,101,361
88,102,478
88,104,316
88,105,451
88,107,376
88,108,491
88,109,313
88,111,436
88,112,400
88,114,568
88,115,336
88,116,506
88,118,387
88,119,600
88,121,364
88,122,492
88,124,396
88,125,693
88,126,344
88,128,477
88,129,424
88,131,647
88,132,401
88,134,543
88,135,502
88,136,660
88,138,377
88,139,594
88,141,481
88,142,762
88,143,438
88,145,554
88,146,457
88,148,766
88,149,413
88,151,563
88,152,487
88,153,753
88,155,451
88,156,561
88,158,561
88,159,815
88,161,493
88,162,647
88,163,522
88,165,874
88,166,492
88,168,558
88,169,585
88,170,840
88,172,475
88,173,666
88,175,613
88,176,949
88,178,543
88,179,625
88,180,645
88,182,901
88,183,512
88,185,665
88,186,653
88,188,953
88,189,564
88,190,676
88,192,642
88,193,971
88,195,533
88,196,724
88,197,710
88,199,996
88,200,541
88,202,681
88,203,756
88,205,992
88,206,595
88,207,743
88,209,712
88,210,1090
88,212,622
88,213,773
88,214,773
88,216,981
88,217,642
88,219,752
88,220,739
88,222,1035
88,223,647
88,224,743
88,226,757
88,227,1007
88,229,625
88,230,784
88,232,747
88,233,1011
88,234,655
88,236,799
88,237,756
88,239,1005
88,240,672
88,241,775
88,243,739
88,244,1074
88,246,700
88,247,829
88,249,802
88,250,1024
88,251,686
88,253,780
88,254,797
88,256,995
88,257,722
88,259,749
88,260,790
88,261,1028
88,263,739
88,264,814
88,266,760
88,267,1047
88,268,759
88,270,814
88,271,816
88,273,1042
88,274,723
88,276,795
88,277,760
88,278,1023
88,280,690
88,281,849
88,283,690
88,284,915
88,286,738
88,287,793
88,288,677
88,290,948
88,291,691
88,293,817
88,294,672
88,295,882
88,297,676
88,298,788
88,300,652
88,301,809
88,303,598
88,304,690
88,305,531
88,307,756
88,308,600
88,310,638
88,311,548
88,313,654
88,314,553
88,315,642
88,317,505
88,318,655
88,320,546
88,321,566
88,322,414
88,324,530
88,325,409
88,327,528
88,328,385
88,330,506
88,331,374
88,332,453
88,334,331
88,335,405
88,337,378
88,338,401
88,339,261
88,341,409
88,342,319
88,344,389
88,345,237
88,347,289
88,348,246
88,349,259
88,351,165
88,352,241
88,354,199
88,355,248
88,357,143
88,358,168
88,359,116
88,361,140
88,362,70
88,364,122
88,365,53
88,366,75
88,367,130
89,10,41
89,11,23
89,13,43
89,14,36
89,16,49
89,17,37
89,18,45
89,20,31
89,21,96
89,23,46
89,24,68
89,26,56
89,27,125
89,28,74
89,30,84
89,31,70
89,33,120
89,34,90
89,36,114
89,37,112
89,38,175
89,40,110
89,41,160
89,43,107
89,44,215
89,45,141
89,47,179
89,48,168
89,50,242
89,51,184
89,53,187
89,54,188
89,55,272
89,57,196
89,58,243
89,60,216
89,61,330
89,63,264
89,64,296
89,65,261
89,67,365
89,68,288
89,70,340
89,71,326
89,72,399
89,74,308
89,75,330
89,77,309
89,78,409
89,80,391
89,81,368
89,82,375
89,84,464
89,85,429
89,87,406
89,88,401
89,89,513
89,91,480
89,92,406
89,94,450
89,95,548
89,97,547
89,98,437
89,99,451
89,101,533
89,102,591
89,104,390
89,105,488
89,107,586
89,108,678
89,109,443
89,111,495
89,112,636
89,114,698
89,115,457
89,116,574
89,118,622
89,119,792
89,121,522
89,122,501
89,124,610
89,125,772
89,126,456
89,128,614
89,129,679
89,131,807
89,132,520
89,134,564
89,135,676
89,136,882
89,138,511
89,139,687
89,141,704
89,142,917
89,143,538
89,145,648
89,146,690
89,148,870
89,149,527
89,151,689
89,152,675
89,153,915
89,155,562
89,156,661
89,158,719
89,159,943
89,161,504
89,162,787
89,163,734
89,165,1094
89,166,587
89,168,724
89,169,710
89,170,989
89,172,623
89,173,774
89,175,765
89,176,1074
89,178,613
89,179,829
89,180,807
89,182,1113
89,183,581
89,185,831
89,186,849
89,188,1081
89,189,654
89,190,864
89,192,791
89,193,1113
89,195,672
89,196,898
89,197,837
89,199,1131
89,200,655
89,202,920
89,203,771
89,205,1114
89,206,589
89,207,899
89,209,916
89,210,1200
89,212,659
89,213,957
89,214,807
89,216,1160
89,217,665
89,219,972
89,220,917
89,222,1334
89,223,722
89,224,1004
89,226,919
89,227,1198
89,229,694
89,230,982
89,232,943
89,233,1318
89,234,721
89,236,907
89,237,941
89,239,1200
89,240,730
89,241,1007
89,243,988
89,244,1249
89,246,773
89,247,972
89,249,969
89,250,1294
89,251,751
89,253,1114
89,254,1095
89,256,1317
89,257,833
89,259,1012
89,260,970
89,261,1283
89,263,804
89,264,1036
89,266,1026
89,267,1236
89,268,782
89,270,978
89,271,1010
89,273,1245
89,274,779
89,276,1035
89,277,1016
89,278,1308
89,280,842
89,281,964
89,283,935
89,284,1242
89,286,743
89,287,1035
89,288,975
89,290,1240
89,291,802
89,293,937
89,294,909
89,295,1127
89,297,779
89,298,998
89,300,884
89,301,1093
89,303,744
89,304,860
89,305,779
89,307,966
89,308,648
89,310,942
89,311,855
89,313,973
89,314,686
89,315,789
89,317,705
89,318,819
89,320,619
89,321,776
89,322,694
89,324,765
89,325,523
89,327,582
89,328,536
89,330,622
89,331,488
89,332,655
89,334,566
89,335,630
89,337,407
89,338,482
89,339,449
89,341,504
89,342,350
89,344,507
89,345,478
89,347,515
89,348,274
89,349,395
89,351,313
89,352,380
89,354,258
89,355,362
89,357,329
89,358,275
89,359,157
89,361,182
89,362,145
89,364,187
89,365,58
89,366,122
89,367,271
91,10,65
91,11,43
91,13,37
91,14,54
91,16,63
91,17,77
91,18,57
91,20,67
91,21,115
91,23,126
91,24,72
91,26,107
91,27,144
91,28,144
91,30,109
91,31,114
91,33,168
91,34,177
91,36,130
91,37,182
91,38,212
91,40,231
91,41,176
91,43,217
91,44,275
91,45,317
91,47,241
91,48,314
91,50,350
91,51,319
91,53,259
91,54,295
91,55,388
91,57,424
91,58,296
91,60,394
91,61,455
91,63,482
91,64,346
91,65,415
91,67,500
91,68,537
91,70,392
91,71,476
91,72,555
91,74,622
91,75,423
91,77,516
91,78,557
91,80,592
91,81,437
91,82,573
91,84,594
91,85,656
91,87,467
91,88,600
91,89,667
91,91,730
91,92,501
91,94,662
91,95,713
91,97,820
91,98,512
91,99,645
91,101,722
91,102,852
91,104,459
91,105,639
91,107,663
91,108,923
91,109,505
91,111,675
91,112,721
91,114,901
91,115,562
91,116,770
91,118,810
91,119,995
91,121,570
91,122,705
91,124,689
91,125,954
91,126,592
91,128,763
91,129,772
91,131,1016
91,132,602
91,134,735
91,135,759
91,136,1036
91,138,616
91,139,822
91,141,867
91,142,984
91,143,602
91,145,796
91,146,765
91,148,1003
91,149,611
91,151,803
91,152,894
91,153,1065
91,155,588
91,156,757
91,158,835
91,159,1038
91,161,614
91,162,910
91,163,912
91,165,1073
91,166,632
91,168,816
91,169,793
91,170,1021
91,172,636
91,173,888
91,175,911
91,176,1070
91,178,630
91,179,798
91,180,932
91,182,1031
91,183,729
91,185,933
91,186,957
91,188,1173
91,189,738
91,190,932
91,192,919
91,193,953
91,195,693
91,196,935
91,197,1039
91,199,1114
91,200,731
91,202,946
91,203,1032
91,205,1075
91,206,756
91,207,995
91,209,1025
91,210,1145
91,212,794
91,213,972
91,214,943
91,216,1113
91,217,788
91,219,1046
91,220,1066
91,222,1230
91,223,811
91,224,1058
91,226,1098
91,227,1052
91,229,810
91,230,1067
91,232,1094
91,233,1228
91,234,913
91,236,1076
91,237,1081
91,239,1214
91,240,876
91,241,1141
91,243,1156
91,244,1256
91,246,880
91,247,1178
91,249,1148
91,250,1198
91,251,850
91,253,1127
91,254,1204
91,256,1323
91,257,905
91,259,1137
91,260,1179
91,261,1261
91,263,877
91,264,1154
91,266,1274
91,267,1343
91,268,939
91,270,1143
91,271,1273
91,273,1276
91,274,865
91,276,1169
91,277,1238
91,278,1374
91,280,916
91,281,1252
91,283,1156
91,284,1314
91,286,883
91,287,1167
91,288,1217
91,290,1361
91,291,956
91,293,1062
91,294,1149
91,295,1298
91,297,777
91,298,1166
91,300,1129
91,301,1323
91,303,796
91,304,1096
91,305,1055
91,307,1267
91,308,726
91,310,1062
91,311,1068
91,313,1135
91,314,789
91,315,1008
91,317,942
91,318,1128
91,320,651
91,321,989
91,322,857
91,324,1051
91,325,621
91,327,858
91,328,766
91,330,904
91,331,538
91,332,790
91,334,681
91,335,814
91,337,449
91,338,695
91,339,589
91,341,804
91,342,396
91,344,609
91,345,483
91,347,685
91,348,371
91,349,496
91,351,417
91,352,572
91,354,271
91,355,425
91,357,366
91,358,465
91,359,192
91,361,330
91,362,222
91,364,348
91,365,79
91,366,228
91,367,302
92,10,57
92,11,44
92,13,64
92,14,43
92,16,62
92,17,64
92,18,60
92,20,39
92,21,106
92,23,78
92,24,118
92,26,82
92,27,115
92,28,120
92,30,139
92,31,81
92,33,158
92,34,154
92,36,193
92,37,129
92,38,177
92,40,166
92,41,192
92,43,120
92,44,227
92,45,221
92,47,263
92,48,202
92,50,292
92,51,257
92,53,286
92,54,182
92,55,314
92,57,335
92,58,344
92,60,267
92,61,351
92,63,336
92,64,359
92,65,279
92,67,391
92,68,382
92,70,356
92,71,351
92,72,405
92,74,428
92,75,358
92,77,355
92,78,436
92,80,483
92,81,432
92,82,445
92,84,481
92,85,450
92,87,428
92,88,453
92,89,520
92,91,534
92,92,441
92,94,497
92,95,519
92,97,588
92,98,402
92,99,450
92,101,548
92,102,572
92,104,363
92,105,524
92,107,535
92,108,697
92,109,420
92,111,508
92,112,494
92,114,665
92,115,474
92,116,609
92,118,554
92,119,795
92,121,455
92,122,543
92,124,502
92,125,703
92,126,475
92,128,641
92,129,589
92,131,814
92,132,457
92,134,625
92,135,582
92,136,715
92,138,434
92,139,683
92,141,645
92,142,832
92,143,491
92,145,596
92,146,573
92,148,798
92,149,466
92,151,715
92,152,647
92,153,879
92,155,447
92,156,644
92,158,572
92,159,760
92,161,459
92,162,768
92,163,637
92,165,977
92,166,453
92,168,746
92,169,604
92,170,834
92,172,437
92,173,816
92,175,678
92,176,1033
92,178,434
92,179,724
92,180,605
92,182,842
92,183,501
92,185,911
92,186,684
92,188,1039
92,189,448
92,190,813
92,192,606
92,193,901
92,195,486
92,196,877
92,197,763
92,199,1095
92,200,498
92,202,843
92,203,654
92,205,882
92,206,504
92,207,945
92,209,716
92,210,1093
92,212,478
92,213,861
92,214,644
92,216,936
92,217,577
92,219,914
92,220,754
92,222,1091
92,223,524
92,224,893
92,226,684
92,227,1022
92,229,540
92,230,957
92,232,751
92,233,1130
92,234,533
92,236,899
92,237,744
92,239,1039
92,240,556
92,241,983
92,243,713
92,244,1140
92,246,613
92,247,946
92,249,746
92,250,1027
92,251,538
92,253,1012
92,254,802
92,256,1157
92,257,594
92,259,913
92,260,717
92,261,1036
92,263,619
92,264,989
92,266,804
92,267,1092
92,268,672
92,270,958
92,271,762
92,273,1008
92,274,632
92,276,1009
92,277,789
92,278,1034
92,280,662
92,281,938
92,283,728
92,284,952
92,286,618
92,287,930
92,288,780
92,290,964
92,291,660
92,293,812
92,294,712
92,295,911
92,297,599
92,298,834
92,300,670
92,301,944
92,303,603
92,304,798
92,305,690
92,307,870
92,308,587
92,310,737
92,311,693
92,313,772
92,314,575
92,315,636
92,317,544
92,318,745
92,320,519
92,321,624
92,322,529
92,324,647
92,325,459
92,327,579
92,328,424
92,330,624
92,331,426
92,332,508
92,334,424
92,335,524
92,337,384
92,338,427
92,339,387
92,341,469
92,342,354
92,344,381
92,345,337
92,347,360
92,348,281
92,349,317
92,351,267
92,352,330
92,354,213
92,355,277
92,357,240
92,358,260
92,359,149
92,361,162
92,362,158
92,364,190
92,365,64
92,366,116
92,367,279
94,10,16
94,11,37
94,13,35
94,14,58
94,16,38
94,17,59
94,18,47
94,20,46
94,21,54
94,23,81
94,24,61
94,26,61
94,27,74
94,28,95
94,30,74
94,31,109
94,33,83
94,34,136
94,36,108
94,37,170
94,38,111
94,40,165
94,41,106
94,43,158
94,44,141
94,45,196
94,47,159
94,48,216
94,50,188
94,51,221
94,53,181
94,54,223
94,55,231
94,57,266
94,58,215
94,60,319
94,61,243
94,63,362
94,64,264
94,65,332
94,67,300
94,68,388
94,70,270
94,71,413
94,72,318
94,74,398
94,75,292
94,77,398
94,78,331
94,80,434
94,81,300
94,82,493
94,84,366
94,85,453
94,87,349
94,88,458
94,89,430
94,91,553
94,92,399
94,94,567
94,95,407
94,97,524
94,98,365
94,99,517
94,101,469
94,102,574
94,104,351
94,105,590
94,107,467
94,108,643
94,109,399
94,111,520
94,112,462
94,114,661
94,115,384
94,116,590
94,118,510
94,119,755
94,121,383
94,122,571
94,124,447
94,125,740
94,126,430
94,128,636
94,129,521
94,131,857
94,132,424
94,134,534
94,135,530
94,136,789
94,138,491
94,139,677
94,141,585
94,142,933
94,143,432
94,145,643
94,146,531
94,148,871
94,149,486
94,151,708
94,152,614
94,153,950
94,155,493
94,156,639
94,158,558
94,159,895
94,161,549
94,162,726
94,163,656
94,165,1041
94,166,532
94,168,654
94,169,633
94,170,968
94,172,558
94,173,808
94,175,734
94,176,1056
94,178,541
94,179,634
94,180,710
94,182,1021
94,183,622
94,185,774
94,186,801
94,188,1067
94,189,547
94,190,710
94,192,702
94,193,1049
94,195,599
94,196,893
94,197,777
94,199,1126
94,200,608
94,202,766
94,203,751
94,205,1103
94,206,644
94,207,876
94,209,880
94,210,1251
94,212,668
94,213,796
94,214,791
94,216,1123
94,217,697
94,219,862
94,220,852
94,222,1261
94,223,684
94,224,845
94,226,799
94,227,1064
94,229,695
94,230,909
94,232,888
94,233,1235
94,234,709
94,236,858
94,237,850
94,239,1106
94,240,798
94,241,914
94,243,875
94,244,1236
94,246,825
94,247,816
94,249,794
94,250,1111
94,251,792
94,253,908
94,254,841
94,256,1167
94,257,751
94,259,844
94,260,793
94,261,1137
94,263,846
94,264,985
94,266,899
94,267,1164
94,268,751
94,270,935
94,271,867
94,273,1139
94,274,839
94,276,892
94,277,834
94,278,1157
94,280,794
94,281,849
94,283,821
94,284,1068
94,286,862
94,287,821
94,288,775
94,290,973
94,291,800
94,293,857
94,294,764
94,295,1048
94,297,796
94,298,853
94,300,722
94,301,919
94,303,677
94,304,769
94,305,670
94,307,901
94,308,722
94,310,798
94,311,625
94,313,785
94,314,651
94,315,754
94,317,601
94,318,797
94,320,618
94,321,656
94,322,479
94,324,637
94,325,512
94,327,585
94,328,450
94,330,619
94,331,493
94,332,573
94,334,359
94,335,526
94,337,409
94,338,480
94,339,343
94,341,494
94,342,432
94,344,436
94,345,275
94,347,362
94,348,281
94,349,348
94,351,251
94,352,326
94,354,240
94,355,284
94,357,167
94,358,238
94,359,150
94,361,177
94,362,115
94,364,202
94,365,74
94,366,100
94,367,170
95,10,76
95,11,51
95,13,56
95,14,55
95,16,81
95,17,59
95,18,91
95,20,68
95,21,109
95,23,60
95,24,92
95,26,84
95,27,135
95,28,110
95,30,142
95,31,118
95,33,211
95,34,124
95,36,127
95,37,129
95,38,180
95,40,139
95,41,188
95,43,154
95,44,269
95,45,177
95,47,199
95,48,219
95,50,274
95,51,254
95,53,254
95,54,215
95,55,331
95,57,257
95,58,301
95,60,279
95,61,354
95,63,296
95,64,344
95,65,276
95,67,451
95,68,329
95,70,403
95,71,367
95,72,396
95,74,427
95,75,429
95,77,342
95,78,522
95,80,417
95,81,425
95,82,458
95,84,491
95,85,489
95,87,436
95,88,448
95,89,568
95,91,530
95,92,427
95,94,458
95,95,484
95,97,609
95,98,460
95,99,490
95,101,565
95,102,630
95,104,448
95,105,535
95,107,505
95,108,706
95,109,489
95,111,570
95,112,609
95,114,722
95,115,505
95,116,658
95,118,671
95,119,843
95,121,498
95,122,621
95,124,645
95,125,774
95,126,501
95,128,650
95,129,604
95,131,890
95,132,530
95,134,629
95,135,741
95,136,876
95,138,554
95,139,750
95,141,719
95,142,1001
95,143,570
95,145,710
95,146,675
95,148,921
95,149,608
95,151,804
95,152,755
95,153,1051
95,155,608
95,156,673
95,158,783
95,159,993
95,161,604
95,162,785
95,163,760
95,165,1119
95,166,572
95,168,773
95,169,741
95,170,1071
95,172,639
95,173,812
95,175,740
95,176,1198
95,178,606
95,179,900
95,180,823
95,182,1079
95,183,605
95,185,889
95,186,880
95,188,1226
95,189,689
95,190,901
95,192,847
95,193,1145
95,195,638
95,196,967
95,197,814
95,199,1300
95,200,699
95,202,918
95,203,874
95,205,1122
95,206,692
95,207,995
95,209,937
95,210,1314
95,212,659
95,213,964
95,214,894
95,216,1247
95,217,686
95,219,1077
95,220,856
95,222,1346
95,223,745
95,224,1030
95,226,877
95,227,1234
95,229,733
95,230,1055
95,232,895
95,233,1382
95,234,711
95,236,1005
95,237,925
95,239,1240
95,240,783
95,241,1083
95,243,916
95,244,1364
95,246,816
95,247,1014
95,249,1011
95,250,1321
95,251,798
95,253,1098
95,254,954
95,256,1443
95,257,833
95,259,1137
95,260,965
95,261,1443
95,263,858
95,264,1038
95,266,979
95,267,1344
95,268,873
95,270,1110
95,271,1098
95,273,1408
95,274,876
95,276,1087
95,277,979
95,278,1327
95,280,862
95,281,1098
95,283,990
95,284,1448
95,286,958
95,287,1043
95,288,960
95,290,1292
95,291,857
95,293,1016
95,294,1031
95,295,1263
95,297,834
95,298,999
95,300,917
95,301,1201
95,303,820
95,304,983
95,305,945
95,307,1147
95,308,829
95,310,937
95,311,817
95,313,960
95,314,678
95,315,947
95,317,831
95,318,1019
95,320,729
95,321,808
95,322,738
95,324,808
95,325,570
95,327,751
95,328,659
95,330,823
95,331,608
95,332,703
95,334,630
95,335,655
95,337,478
95,338,620
95,339,524
95,341,617
95,342,460
95,344,543
95,345,455
95,347,502
95,348,331
95,349,459
95,351,423
95,352,454
95,354,294
95,355,354
95,357,336
95,358,313
95,359,196
95,361,239
95,362,233
95,364,219
95,365,87
95,366,134
95,367,270
97,10,90
97,11,65
97,13,56
97,14,108
97,16,98
97,17,105
97,18,81
97,20,114
97,21,134
97,23,150
97,24,116
97,26,140
97,27,178
97,28,193
97,30,169
97,31,231
97,33,238
97,34,272
97,36,167
97,37,212
97,38,264
97,40,287
97,41,249
97,43,300
97,44,345
97,45,402
97,47,293
97,48,323
97,50,375
97,51,409
97,53,302
97,54,383
97,55,479
97,57,495
97,58,312
97,60,447
97,61,449
97,63,498
97,64,406
97,65,479
97,67,577
97,68,644
97,70,403
97,71,550
97,72,568
97,74,602
97,75,435
97,77,581
97,78,713
97,80,724
97,81,444
97,82,632
97,84,623
97,85,732
97,87,480
97,88,642
97,89,765
97,91,864
97,92,505
97,94,678
97,95,689
97,97,830
97,98,508
97,99,623
97,101,801
97,102,828
97,104,518
97,105,662
97,107,692
97,108,855
97,109,505
97,111,646
97,112,762
97,114,965
97,115,586
97,116,773
97,118,743
97,119,957
97,121,570
97,122,740
97,124,765
97,125,1005
97,126,543
97,128,790
97,129,678
97,131,992
97,132,621
97,134,762
97,135,855
97,136,1109
97,138,595
97,139,797
97,141,752
97,142,1041
97,143,590
97,145,769
97,146,820
97,148,1043
97,149,602
97,151,839
97,152,750
97,153,1080
97,155,626
97,156,834
97,158,955
97,159,1026
97,161,648
97,162,859
97,163,807
97,165,1111
97,166,648
97,168,849
97,169,876
97,170,1086
97,172,633
97,173,884
97,175,809
97,176,1115
97,178,663
97,179,876
97,180,958
97,182,1037
97,183,696
97,185,945
97,186,958
97,188,1129
97,189,705
97,190,978
97,192,968
97,193,1097
97,195,795
97,196,945
97,197,953
97,199,1074
97,200,729
97,202,1012
97,203,1050
97,205,1080
97,206,763
97,207,1023
97,209,977
97,210,1157
97,212,803
97,213,1049
97,214,1083
97,216,1114
97,217,802
97,219,1027
97,220,963
97,222,1139
97,223,833
97,224,1122
97,226,1149
97,227,1184
97,229,806
97,230,1124
97,232,1044
97,233,1219
97,234,885
97,236,1163
97,237,1171
97,239,1219
97,240,911
97,241,1122
97,243,1097
97,244,1206
97,246,900
97,247,1201
97,249,1244
97,250,1332
97,251,916
97,253,1140
97,254,1152
97,256,1310
97,257,954
97,259,1257
97,260,1195
97,261,1345
97,263,933
97,264,1144
97,266,1234
97,267,1327
97,268,925
97,270,1263
97,271,1304
97,273,1418
97,274,936
97,276,1238
97,277,1227
97,278,1271
97,280,954
97,281,1217
97,283,1304
97,284,1427
97,286,991
97,287,1152
97,288,1152
97,290,1298
97,291,953
97,293,1269
97,294,1222
97,295,1455
97,297,892
97,298,1229
97,300,1176
97,301,1279
97,303,847
97,304,1177
97,305,1132
97,307,1415
97,308,889
97,310,1157
97,311,996
97,313,1194
97,314,742
97,315,1116
97,317,1015
97,318,1276
97,320,763
97,321,970
97,322,964
97,324,969
97,325,706
97,327,970
97,328,866
97,330,1037
97,331,633
97,332,893
97,334,740
97,335,867
97,337,549
97,338,810
97,339,720
97,341,845
97,342,493
97,344,669
97,345,556
97,347,718
97,348,372
97,349,604
97,351,512
97,352,592
97,354,305
97,355,501
97,357,422
97,358,469
97,359,230
97,361,370
97,362,260
97,364,368
97,365,118
97,366,218
97,367,309
98,10,95
98,11,56
98,13,82
98,14,56
98,16,94
98,17,74
98,18,81
98,20,74
98,21,145
98,23,129
98,24,129
98,26,85
98,27,177
98,28,147
98,30,163
98,31,117
98,33,221
98,34,168
98,36,198
98,37,163
98,38,272
98,40,227
98,41,241
98,43,167
98,44,306
98,45,246
98,47,260
98,48,215
98,50,345
98,51,305
98,53,310
98,54,244
98,55,385
98,57,318
98,58,324
98,60,313
98,61,373
98,63,325
98,64,376
98,65,292
98,67,442
98,68,398
98,70,353
98,71,375
98,72,455
98,74,431
98,75,376
98,77,375
98,78,475
98,80,493
98,81,413
98,82,452
98,84,485
98,85,482
98,87,375
98,88,455
98,89,557
98,91,551
98,92,440
98,94,545
98,95,498
98,97,556
98,98,437
98,99,483
98,101,480
98,102,636
98,104,384
98,105,492
98,107,503
98,108,630
98,109,400
98,111,505
98,112,569
98,114,686
98,115,411
98,116,539
98,118,503
98,119,695
98,121,398
98,122,571
98,124,602
98,125,706
98,126,375
98,128,573
98,129,493
98,131,773
98,132,437
98,134,621
98,135,559
98,136,794
98,138,403
98,139,656
98,141,523
98,142,814
98,143,400
98,145,666
98,146,567
98,148,828
98,149,404
98,151,680
98,152,567
98,153,848
98,155,476
98,156,711
98,158,602
98,159,897
98,161,439
98,162,708
98,163,563
98,165,882
98,166,498
98,168,743
98,169,605
98,170,887
98,172,419
98,173,693
98,175,579
98,176,893
98,178,449
98,179,781
98,180,613
98,182,900
98,183,477
98,185,748
98,186,646
98,188,936
98,189,457
98,190,792
98,192,624
98,193,956
98,195,447
98,196,781
98,197,639
98,199,1040
98,200,480
98,202,772
98,203,670
98,205,934
98,206,473
98,207,849
98,209,626
98,210,1026
98,212,525
98,213,873
98,214,695
98,216,1001
98,217,479
98,219,920
98,220,597
98,222,1041
98,223,496
98,224,876
98,226,708
98,227,1047
98,229,514
98,230,910
98,232,663
98,233,1051
98,234,547
98,236,910
98,237,699
98,239,1026
98,240,521
98,241,947
98,243,733
98,244,1072
98,246,576
98,247,962
98,249,709
98,250,1005
98,251,579
98,253,1001
98,254,713
98,256,1039
98,257,592
98,259,934
98,260,752
98,261,1041
98,263,598
98,264,926
98,266,757
98,267,1079
98,268,622
98,270,994
98,271,772
98,273,1009
98,274,650
98,276,945
98,277,752
98,278,1010
98,280,622
98,281,944
98,283,791
98,284,1007
98,286,663
98,287,981
98,288,802
98,290,980
98,291,640
98,293,936
98,294,761
98,295,1055
98,297,657
98,298,926
98,300,765
98,301,913
98,303,652
98,304,864
98,305,726
98,307,886
98,308,659
98,310,801
98,311,698
98,313,864
98,314,621
98,315,733
98,317,647
98,318,817
98,320,560
98,321,811
98,322,650
98,324,705
98,325,518
98,327,641
98,328,551
98,330,661
98,331,535
98,332,641
98,334,519
98,335,643
98,337,440
98,338,567
98,339,406
98,341,528
98,342,402
98,344,461
98,345,441
98,347,406
98,348,324
98,349,413
98,351,304
98,352,415
98,354,302
98,355,371
98,357,337
98,358,310
98,359,194
98,361,223
98,362,213
98,364,176
98,365,86
98,366,148
98,367,342
99,10,32
99,11,42
99,13,34
99,14,60
99,16,49
99,17,66
99,18,53
99,20,73
99,21,73
99,23,98
99,24,77
99,26,114
99,27,88
99,28,117
99,30,102
99,31,126
99,33,107
99,34,138
99,36,121
99,37,169
99,38,142
99,40,176
99,41,138
99,43,227
99,44,178
99,45,226
99,47,182
99,48,270
99,50,192
99,51,263
99,53,195
99,54,279
99,55,234
99,57,309
99,58,213
99,60,278
99,61,258
99,63,368
99,64,269
99,65,333
99,67,261
99,68,388
99,70,247
99,71,384
99,72,317
99,74,426
99,75,313
99,77,436
99,78,343
99,80,454
99,81,322
99,82,440
99,84,346
99,85,453
99,87,342
99,88,434
99,89,389
99,91,562
99,92,364
99,94,529
99,95,398
99,97,548
99,98,344
99,99,473
99,101,415
99,102,571
99,104,357
99,105,543
99,107,409
99,108,544
99,109,384
99,111,487
99,112,427
99,114,655
99,115,383
99,116,555
99,118,431
99,119,632
99,121,376
99,122,544
99,124,492
99,125,741
99,126,425
99,128,609
99,129,460
99,131,784
99,132,398
99,134,546
99,135,489
99,136,801
99,138,466
99,139,599
99,141,493
99,142,844
99,143,462
99,145,684
99,146,506
99,148,852
99,149,489
99,151,692
99,152,541
99,153,874
99,155,528
99,156,634
99,158,625
99,159,897
99,161,486
99,162,694
99,163,602
99,165,964
99,166,526
99,168,663
99,169,619
99,170,981
99,172,521
99,173,689
99,175,633
99,176,1005
99,178,568
99,179,698
99,180,700
99,182,1028
99,183,639
99,185,736
99,186,699
99,188,1017
99,189,577
99,190,750
99,192,761
99,193,1064
99,195,623
99,196,777
99,197,760
99,199,1079
99,200,656
99,202,825
99,203,796
99,205,1071
99,206,687
99,207,844
99,209,758
99,210,1145
99,212,692
99,213,828
99,214,770
99,216,1122
99,217,703
99,219,782
99,220,802
99,222,1115
99,223,694
99,224,811
99,226,858
99,227,1074
99,229,715
99,230,853
99,232,852
99,233,1103
99,234,712
99,236,817
99,237,886
99,239,1202
99,240,727
99,241,860
99,243,896
99,244,1223
99,246,744
99,247,896
99,249,925
99,250,1170
99,251,813
99,253,846
99,254,855
99,256,1081
99,257,721
99,259,859
99,260,923
99,261,1199
99,263,841
99,264,952
99,266,827
99,267,1196
99,268,819
99,270,946
99,271,828
99,273,1119
99,274,839
99,276,908
99,277,848
99,278,1133
99,280,806
99,281,956
99,283,836
99,284,1086
99,286,816
99,287,976
99,288,819
99,290,1100
99,291,868
99,293,956
99,294,825
99,295,1061
99,297,786
99,298,950
99,300,791
99,301,962
99,303,802
99,304,791
99,305,733
99,307,1015
99,308,784
99,310,875
99,311,706
99,313,953
99,314,757
99,315,804
99,317,658
99,318,854
99,320,745
99,321,740
99,322,571
99,324,715
99,325,613
99,327,733
99,328,517
99,330,706
99,331,541
99,332,673
99,334,468
99,335,605
99,337,506
99,338,585
99,339,440
99,341,534
99,342,497
99,344,538
99,345,354
99,347,454
99,348,355
99,349,408
99,351,289
99,352,465
99,354,340
99,355,368
99,357,224
99,358,288
99,359,194
99,361,242
99,362,135
99,364,217
99,365,82
99,366,108
99,367,239
101,10,99
101,11,53
101,13,90
101,14,74
101,16,132
101,17,78
101,18,109
101,20,75
101,21,159
101,23,103
101,24,159
101,26,120
101,27,188
101,28,138
101,30,187
101,31,138
101,33,247
101,34,164
101,36,225
101,37,163
101,38,270
101,40,167
101,41,223
101,43,202
101,44,313
101,45,250
101,47,315
101,48,280
101,50,384
101,51,301
101,53,360
101,54,317
101,55,387
101,57,279
101,58,394
101,60,318
101,61,428
101,63,346
101,64,380
101,65,313
101,67,441
101,68,370
101,70,393
101,71,386
101,72,442
101,74,439
101,75,441
101,77,417
101,78,478
101,80,448
101,81,448
101,82,485
101,84,530
101,85,476
101,87,453
101,88,490
101,89,549
101,91,517
101,92,476
101,94,524
101,95,578
101,97,574
101,98,526
101,99,519
101,101,546
101,102,630
101,104,499
101,105,551
101,107,558
101,108,657
101,109,505
101,111,570
101,112,632
101,114,663
101,115,486
101,116,609
101,118,594
101,119,822
101,121,551
101,122,623
101,124,619
101,125,755
101,126,509
101,128,635
101,129,632
101,131,791
101,132,518
101,134,702
101,135,647
101,136,923
101,138,518
101,139,677
101,141,694
101,142,963
101,143,563
101,145,673
101,146,650
101,148,919
101,149,547
101,151,717
101,152,631
101,153,972
101,155,567
101,156,767
101,158,700
101,159,1050
101,161,598
101,162,821
101,163,694
101,165,1090
101,166,605
101,168,805
101,169,745
101,170,1132
101,172,587
101,173,890
101,175,796
101,176,1124
101,178,655
101,179,842
101,180,801
101,182,1086
101,183,611
101,185,915
101,186,806
101,188,1169
101,189,632
101,190,904
101,192,756
101,193,1157
101,195,631
101,196,890
101,197,892
101,199,1206
101,200,662
101,202,902
101,203,809
101,205,1169
101,206,620
101,207,957
101,209,860
101,210,1187
101,212,753
101,213,971
101,214,830
101,216,1223
101,217,711
101,219,1025
101,220,797
101,222,1254
101,223,728
101,224,934
101,226,836
101,227,1225
101,229,662
101,230,999
101,232,967
101,233,1294
101,234,752
101,236,1056
101,237,907
101,239,1340
101,240,717
101,241,1084
101,243,896
101,244,1259
101,246,783
101,247,1023
101,249,872
101,250,1243
101,251,720
101,253,1077
101,254,888
101,256,1369
101,257,763
101,259,1023
101,260,949
101,261,1340
101,263,825
101,264,1089
101,266,964
101,267,1365
101,268,872
101,270,1096
101,271,925
101,273,1312
101,274,789
101,276,1097
101,277,974
101,278,1241
101,280,884
101,281,1041
101,283,955
101,284,1314
101,286,866
101,287,1080
101,288,950
101,290,1260
101,291,888
101,293,1086
101,294,945
101,295,1260
101,297,796
101,298,1096
101,300,966
101,301,1206
101,303,870
101,304,999
101,305,913
101,307,1079
101,308,772
101,310,990
101,311,887
101,313,1066
101,314,808
101,315,864
101,317,812
101,318,948
101,320,753
101,321,951
101,322,816
101,324,977
101,325,731
101,327,843
101,328,630
101,330,821
101,331,624
101,332,869
101,334,709
101,335,769
101,337,580
101,338,738
101,339,563
101,341,642
101,342,559
101,344,647
101,345,596
101,347,610
101,348,408
101,349,537
101,351,461
101,352,503
101,354,354
101,355,472
101,357,409
101,358,418
101,359,214
101,361,276
101,362,195
101,364,255
101,365,82
101,366,209
101,367,350
102,10,126
102,11,100
102,13,83
102,14,162
102,16,114
102,17,166
102,18,107
102,20,150
102,21,203
102,23,192
102,24,170
102,26,209
102,27,263
102,28,223
102,30,189
102,31,229
102,33,298
102,34,318
102,36,241
102,37,339
102,38,330
102,40,328
102,41,305
102,43,352
102,44,390
102,45,445
102,47,356
102,48,476
102,50,492
102,51,541
102,53,368
102,54,469
102,55,584
102,57,579
102,58,397
102,60,530
102,61,547
102,63,593
102,64,462
102,65,549
102,67,617
102,68,680
102,70,482
102,71,639
102,72,678
102,74,723
102,75,520
102,77,635
102,78,679
102,80,753
102,81,526
102,82,714
102,84,733
102,85,747
102,87,512
102,88,665
102,89,737
102,91,826
102,92,494
102,94,728
102,95,774
102,97,817
102,98,553
102,99,777
102,101,711
102,102,923
102,104,519
102,105,681
102,107,710
102,108,914
102,109,559
102,111,750
102,112,753
102,114,957
102,115,533
102,116,734
102,118,779
102,119,1045
102,121,583
102,122,719
102,124,835
102,125,1036
102,126,566
102,128,808
102,129,740
102,131,972
102,132,576
102,134,757
102,135,770
102,136,979
102,138,613
102,139,819
102,141,792
102,142,1060
102,143,604
102,145,835
102,146,791
102,148,1088
102,149,638
102,151,781
102,152,847
102,153,1047
102,155,601
102,156,798
102,158,841
102,159,1055
102,161,643
102,162,912
102,163,892
102,165,1083
102,166,649
102,168,844
102,169,832
102,170,1060
102,172,637
102,173,909
102,175,933
102,176,1085
102,178,663
102,179,829
102,180,892
102,182,1059
102,183,660
102,185,988
102,186,928
102,188,1171
102,189,723
102,190,988
102,192,927
102,193,1067
102,195,735
102,196,942
102,197,1039
102,199,1067
102,200,744
102,202,976
102,203,959
102,205,1027
102,206,805
102,207,1105
102,209,1095
102,210,1155
102,212,778
102,213,1046
102,214,1022
102,216,1225
102,217,798
102,219,1125
102,220,1075
102,222,1208
102,223,836
102,224,1168
102,226,1139
102,227,1183
102,229,818
102,230,1163
102,232,1166
102,233,1241
102,234,937
102,236,1059
102,237,1114
102,239,1195
102,240,862
102,241,1136
102,243,1173
102,244,1306
102,246,899
102,247,1195
102,249,1227
102,250,1310
102,251,896
102,253,1196
102,254,1160
102,256,1327
102,257,901
102,259,1215
102,260,1191
102,261,1378
102,263,956
102,264,1176
102,266,1247
102,267,1427
102,268,1004
102,270,1217
102,271,1234
102,273,1438
102,274,933
102,276,1214
102,277,1206
102,278,1378
102,280,1002
102,281,1275
102,283,1260
102,284,1383
102,286,855
102,287,1228
102,288,1292
102,290,1401
102,291,982
102,293,1277
102,294,1306
102,295,1466
102,297,919
102,298,1268
102,300,1256
102,301,1347
102,303,922
102,304,1192
102,305,1156
102,307,1311
102,308,807
102,310,1183
102,311,1156
102,313,1331
102,314,847
102,315,1167
102,317,1066
102,318,1326
102,320,781
102,321,1114
102,322,1008
102,324,1247
102,325,730
102,327,1081
102,328,908
102,330,1125
102,331,638
102,332,979
102,334,862
102,335,1029
102,337,628
102,338,971
102,339,766
102,341,923
102,342,522
102,344,781
102,345,685
102,347,862
102,348,491
102,349,701
102,351,590
102,352,758
102,354,394
102,355,616
102,357,518
102,358,615
102,359,298
102,361,501
102,362,329
102,364,487
102,365,155
102,366,340
102,367,552
104,10,113
104,11,70
104,13,114
104,14,78
104,16,117
104,17,131
104,18,160
104,20,91
104,21,159
104,23,149
104,24,171
104,26,146
104,27,230
104,28,173
104,30,228
104,31,152
104,33,258
104,34,214
104,36,254
104,37,199
104,38,268
104,40,228
104,41,284
104,43,195
104,44,357
104,45,331
104,47,357
104,48,325
104,50,388
104,51,310
104,53,340
104,54,276
104,55,408
104,57,380
104,58,388
104,60,342
104,61,436
104,63,401
104,64,429
104,65,348
104,67,477
104,68,460
104,70,430
104,71,403
104,72,531
104,74,467
104,75,419
104,77,430
104,78,564
104,80,474
104,81,472
104,82,488
104,84,564
104,85,588
104,87,416
104,88,449
104,89,560
104,91,539
104,92,429
104,94,545
104,95,550
104,97,609
104,98,479
104,99,521
104,101,559
104,102,611
104,104,450
104,105,554
104,107,550
104,108,657
104,109,436
104,111,544
104,112,557
104,114,681
104,115,454
104,116,553
104,118,578
104,119,774
104,121,471
104,122,548
104,124,550
104,125,738
104,126,403
104,128,621
104,129,602
104,131,831
104,132,466
104,134,599
104,135,543
104,136,832
104,138,460
104,139,720
104,141,559
104,142,860
104,143,453
104,145,677
104,146,582
104,148,811
104,149,468
104,151,718
104,152,596
104,153,908
104,155,457
104,156,682
104,158,615
104,159,862
104,161,428
104,162,855
104,163,670
104,165,977
104,166,463
104,168,733
104,169,613
104,170,963
104,172,464
104,173,862
104,175,683
104,176,999
104,178,475
104,179,790
104,180,616
104,182,893
104,183,503
104,185,847
104,186,689
104,188,1014
104,189,441
104,190,808
104,192,621
104,193,1008
104,195,515
104,196,918
104,197,750
104,199,1056
104,200,557
104,202,772
104,203,694
104,205,978
104,206,495
104,207,1005
104,209,729
104,210,1092
104,212,508
104,213,951
104,214,702
104,216,1024
104,217,527
104,219,1049
104,220,760
104,222,1128
104,223,522
104,224,938
104,226,695
104,227,1053
104,229,537
104,230,967
104,232,738
104,233,1152
104,234,539
104,236,920
104,237,708
104,239,981
104,240,549
104,241,1069
104,243,773
104,244,1106
104,246,624
104,247,995
104,249,758
104,250,1051
104,251,581
104,253,1023
104,254,760
104,256,1071
104,257,621
104,259,942
104,260,777
104,261,1083
104,263,654
104,264,1050
104,266,779
104,267,1051
104,268,694
104,270,1012
104,271,799
104,273,1050
104,274,671
104,276,1005
104,277,782
104,278,1005
104,280,660
104,281,989
104,283,716
104,284,1063
104,286,688
104,287,985
104,288,825
104,290,1011
104,291,712
104,293,989
104,294,743
104,295,990
104,297,657
104,298,955
104,300,749
104,301,948
104,303,661
104,304,847
104,305,739
104,307,935
104,308,628
104,310,889
104,311,710
104,313,851
104,314,654
104,315,855
104,317,649
104,318,837
104,320,568
104,321,777
104,322,613
104,324,788
104,325,567
104,327,638
104,328,513
104,330,709
104,331,548
104,332,577
104,334,520
104,335,628
104,337,471
104,338,635
104,339,444
104,341,623
104,342,413
104,344,491
104,345,441
104,347,515
104,348,321
104,349,428
104,351,344
104,352,430
104,354,301
104,355,358
104,357,304
104,358,348
104,359,216
104,361,275
104,362,183
104,364,262
104,365,102
104,366,184
104,367,400
105,10,38
105,11,70
105,13,84
105,14,118
105,16,60
105,17,94
105,18,92
105,20,85
105,21,103
105,23,127
105,24,99
105,26,145
105,27,135
105,28,196
105,30,128
105,31,157
105,33,145
105,34,215
105,36,162
105,37,240
105,38,192
105,40,234
105,41,175
105,43,267
105,44,237
105,45,319
105,47,211
105,48,319
105,50,244
105,51,407
105,53,267
105,54,347
105,55,282
105,57,402
105,58,269
105,60,403
105,61,317
105,63,414
105,64,302
105,65,397
105,67,362
105,68,431
105,70,344
105,71,501
105,72,360
105,74,459
105,75,344
105,77,474
105,78,416
105,80,500
105,81,366
105,82,516
105,84,401
105,85,521
105,87,414
105,88,521
105,89,424
105,91,581
105,92,320
105,94,577
105,95,435
105,97,570
105,98,366
105,99,561
105,101,447
105,102,650
105,104,393
105,105,576
105,107,487
105,108,673
105,109,404
105,111,521
105,112,444
105,114,675
105,115,377
105,116,637
105,118,519
105,119,752
105,121,367
105,122,567
105,124,451
105,125,729
105,126,433
105,128,633
105,129,513
105,131,787
105,132,404
105,134,634
105,135,503
105,136,894
105,138,448
105,139,706
105,141,545
105,142,843
105,143,460
105,145,649
105,146,528
105,148,855
105,149,458
105,151,717
105,152,628
105,153,959
105,155,504
105,156,645
105,158,573
105,159,911
105,161,516
105,162,793
105,163,675
105,165,1065
105,166,520
105,168,706
105,169,676
105,170,981
105,172,566
105,173,855
105,175,743
105,176,1083
105,178,582
105,179,704
105,180,699
105,182,1018
105,183,615
105,185,868
105,186,722
105,188,1228
105,189,580
105,190,795
105,192,728
105,193,1093
105,195,641
105,196,854
105,197,813
105,199,1220
105,200,662
105,202,821
105,203,802
105,205,1063
105,206,719
105,207,896
105,209,864
105,210,1252
105,212,648
105,213,811
105,214,849
105,216,1064
105,217,737
105,219,967
105,220,906
105,222,1228
105,223,695
105,224,810
105,226,848
105,227,1139
105,229,742
105,230,989
105,232,912
105,233,1244
105,234,719
105,236,883
105,237,893
105,239,1156
105,240,808
105,241,914
105,243,932
105,244,1290
105,246,806
105,247,913
105,249,888
105,250,1197
105,251,778
105,253,958
105,254,860
105,256,1211
105,257,782
105,259,906
105,260,915
105,261,1199
105,263,859
105,264,980
105,266,939
105,267,1284
105,268,851
105,270,911
105,271,888
105,273,1160
105,274,900
105,276,991
105,277,807
105,278,1170
105,280,862
105,281,951
105,283,908
105,284,1247
105,286,835
105,287,900
105,288,811
105,290,1109
105,291,850
105,293,861
105,294,854
105,295,1128
105,297,853
105,298,926
105,300,774
105,301,1039
105,303,791
105,304,922
105,305,781
105,307,1026
105,308,800
105,310,895
105,311,714
105,313,887
105,314,749
105,315,835
105,317,676
105,318,965
105,320,733
105,321,783
105,322,635
105,324,822
105,325,679
105,327,702
105,328,547
105,330,784
105,331,621
105,332,671
105,334,469
105,335,671
105,337,562
105,338,658
105,339,433
105,341,669
105,342,499
105,344,590
105,345,295
105,347,501
105,348,397
105,349,472
105,351,344
105,352,500
105,354,358
105,355,388
105,357,251
105,358,310
105,359,232
105,361,281
105,362,178
105,364,282
105,365,117
105,366,145
105,367,245
107,10,124
107,11,66
107,13,119
107,14,109
107,16,139
107,17,103
107,18,152
107,20,115
107,21,186
107,23,128
107,24,195
107,26,132
107,27,226
107,28,152
107,30,195
107,31,153
107,33,276
107,34,206
107,36,254
107,37,215
107,38,265
107,40,190
107,41,271
107,43,233
107,44,375
107,45,244
107,47,356
107,48,293
107,50,369
107,51,291
107,53,427
107,54,293
107,55,399
107,57,343
107,58,437
107,60,342
107,61,396
107,63,340
107,64,442
107,65,382
107,67,486
107,68,397
107,70,453
107,71,449
107,72,420
107,74,429
107,75,463
107,77,450
107,78,516
107,80,482
107,81,477
107,82,489
107,84,503
107,85,508
107,87,500
107,88,495
107,89,626
107,91,591
107,92,452
107,94,509
107,95,513
107,97,566
107,98,483
107,99,554
107,101,563
107,102,646
107,104,485
107,105,595
107,107,531
107,108,674
107,109,493
107,111,560
107,112,604
107,114,712
107,115,524
107,116,619
107,118,599
107,119,828
107,121,524
107,122,621
107,124,651
107,125,784
107,126,566
107,128,687
107,129,587
107,131,902
107,132,562
107,134,668
107,135,646
107,136,851
107,138,535
107,139,749
107,141,694
107,142,958
107,143,567
107,145,711
107,146,658
107,148,913
107,149,585
107,151,799
107,152,660
107,153,1001
107,155,601
107,156,813
107,158,703
107,159,944
107,161,616
107,162,861
107,163,771
107,165,1139
107,166,593
107,168,842
107,169,711
107,170,1034
107,172,605
107,173,952
107,175,734
107,176,1130
107,178,597
107,179,944
107,180,790
107,182,1235
107,183,622
107,185,996
107,186,770
107,188,1308
107,189,680
107,190,1019
107,192,832
107,193,1188
107,195,630
107,196,994
107,197,776
107,199,1263
107,200,678
107,202,1018
107,203,822
107,205,1126
107,206,699
107,207,1021
107,209,839
107,210,1300
107,212,709
107,213,1046
107,214,841
107,216,1222
107,217,696
107,219,1058
107,220,840
107,222,1275
107,223,701
107,224,1031
107,226,846
107,227,1275
107,229,720
107,230,1062
107,232,884
107,233,1357
107,234,723
107,236,1078
107,237,911
107,239,1346
107,240,804
107,241,1059
107,243,887
107,244,1409
107,246,761
107,247,1072
107,249,875
107,250,1371
107,251,764
107,253,1108
107,254,894
107,256,1433
107,257,821
107,259,1108
107,260,975
107,261,1386
107,263,796
107,264,1117
107,266,918
107,267,1397
107,268,832
107,270,1098
107,271,1015
107,273,1423
107,274,826
107,276,1146
107,277,904
107,278,1368
107,280,862
107,281,1076
107,283,1027
107,284,1362
107,286,899
107,287,1035
107,288,957
107,290,1238
107,291,899
107,293,1134
107,294,965
107,295,1320
107,297,850
107,298,1055
107,300,914
107,301,1190
107,303,817
107,304,1056
107,305,926
107,307,1206
107,308,813
107,310,1018
107,311,850
107,313,1091
107,314,776
107,315,980
107,317,849
107,318,1022
107,320,767
107,321,905
107,322,848
107,324,984
107,325,668
107,327,857
107,328,747
107,330,958
107,331,649
107,332,781
107,334,742
107,335,803
107,337,533
107,338,729
107,339,643
107,341,757
107,342,560
107,344,637
107,345,574
107,347,609
107,348,483
107,349,555
107,351,487
107,352,580
107,354,382
107,355,456
107,357,435
107,358,426
107,359,272
107,361,303
107,362,278
107,364,298
107,365,133
107,366,182
107,367,384
108,10,166
108,11,122
108,13,133
108,14,162
108,16,166
108,17,186
108,18,148
108,20,182
108,21,256
108,23,261
108,24,161
108,26,255
108,27,289
108,28,268
108,30,224
108,31,278
108,33,371
108,34,381
108,36,254
108,37,336
108,38,378
108,40,367
108,41,344
108,43,422
108,44,508
108,45,502
108,47,352
108,48,463
108,50,509
108,51,523
108,53,402
108,54,510
108,55,653
108,57,663
108,58,411
108,60,542
108,61,570
108,63,612
108,64,448
108,65,604
108,67,728
108,68,721
108,70,479
108,71,715
108,72,606
108,74,737
108,75,539
108,77,652
108,78,766
108,80,797
108,81,548
108,82,751
108,84,711
108,85,825
108,87,534
108,88,697
108,89,808
108,91,853
108,92,494
108,94,763
108,95,727
108,97,845
108,98,526
108,99,765
108,101,828
108,102,971
108,104,490
108,105,797
108,107,727
108,108,913
108,109,536
108,111,744
108,112,805
108,114,963
108,115,568
108,116,720
108,118,740
108,119,1019
108,121,585
108,122,817
108,124,837
108,125,1027
108,126,606
108,128,810
108,129,790
108,131,1028
108,132,581
108,134,783
108,135,902
108,136,1072
108,138,650
108,139,895
108,141,753
108,142,1117
108,143,635
108,145,931
108,146,863
108,148,1093
108,149,629
108,151,897
108,152,826
108,153,1119
108,155,614
108,156,874
108,158,953
108,159,1092
108,161,674
108,162,896
108,163,927
108,165,1185
108,166,696
108,168,966
108,169,910
108,170,1148
108,172,637
108,173,974
108,175,898
108,176,1111
108,178,696
108,179,1043
108,180,1024
108,182,1132
108,183,688
108,185,1031
108,186,962
108,188,1123
108,189,746
108,190,1036
108,192,1017
108,193,1149
108,195,771
108,196,1058
108,197,1031
108,199,1101
108,200,748
108,202,1023
108,203,1081
108,205,1177
108,206,769
108,207,1122
108,209,1011
108,210,1181
108,212,828
108,213,1078
108,214,1121
108,216,1164
108,217,791
108,219,1201
108,220,1043
108,222,1213
108,223,838
108,224,1227
108,226,1213
108,227,1211
108,229,828
108,230,1185
108,232,1054
108,233,1273
108,234,823
108,236,1172
108,237,1185
108,239,1242
108,240,896
108,241,1225
108,243,1167
108,244,1245
108,246,904
108,247,1216
108,249,1286
108,250,1312
108,251,907
108,253,1221
108,254,1180
108,256,1337
108,257,887
108,259,1289
108,260,1287
108,261,1328
108,263,911
108,264,1278
108,266,1278
108,267,1307
108,268,928
108,270,1250
108,271,1368
108,273,1341
108,274,947
108,276,1242
108,277,1213
108,278,1320
108,280,870
108,281,1240
108,283,1315
108,284,1409
108,286,937
108,287,1278
108,288,1246
108,290,1338
108,291,940
108,293,1328
108,294,1286
108,295,1471
108,297,931
108,298,1224
108,300,1171
108,301,1321
108,303,902
108,304,1248
108,305,1226
108,307,1310
108,308,868
108,310,1212
108,311,1125
108,313,1272
108,314,879
108,315,1209
108,317,1184
108,318,1300
108,320,818
108,321,1131
108,322,1031
108,324,1140
108,325,789
108,327,1097
108,328,1029
108,330,1156
108,331,754
108,332,1010
108,334,894
108,335,1036
108,337,676
108,338,963
108,339,839
108,341,983
108,342,612
108,344,905
108,345,724
108,347,830
108,348,506
108,349,761
108,351,669
108,352,765
108,354,409
108,355,621
108,357,543
108,358,567
108,359,318
108,361,486
108,362,371
108,364,530
108,365,178
108,366,303
108,367,527
109,10,130
109,11,97
109,13,128
109,14,106
109,16,155
109,17,171
109,18,164
109,20,115
109,21,217
109,23,178
109,24,213
109,26,190
109,27,251
109,28,198
109,30,257
109,31,213
109,33,346
109,34,241
109,36,281
109,37,220
109,38,332
109,40,277
109,41,305
109,43,261
109,44,374
109,45,344
109,47,388
109,48,315
109,50,392
109,51,329
109,53,389
109,54,338
109,55,451
109,57,393
109,58,380
109,60,343
109,61,475
109,63,395
109,64,399
109,65,395
109,67,471
109,68,419
109,70,427
109,71,412
109,72,494
109,74,446
109,75,446
109,77,428
109,78,555
109,80,506
109,81,509
109,82,515
109,84,569
109,85,516
109,87,478
109,88,472
109,89,524
109,91,579
109,92,432
109,94,534
109,95,539
109,97,536
109,98,468
109,99,513
109,101,580
109,102,625
109,104,451
109,105,531
109,107,525
109,108,704
109,109,485
109,111,557
109,112,590
109,114,735
109,115,465
109,116,627
109,118,573
109,119,765
109,121,501
109,122,627
109,124,574
109,125,777
109,126,434
109,128,590
109,129,604
109,131,835
109,132,454
109,134,613
109,135,598
109,136,842
109,138,474
109,139,702
109,141,536
109,142,835
109,143,522
109,145,723
109,146,598
109,148,874
109,149,471
109,151,758
109,152,562
109,153,918
109,155,468
109,156,738
109,158,608
109,159,920
109,161,464
109,162,765
109,163,541
109,165,987
109,166,464
109,168,789
109,169,658
109,170,900
109,172,493
109,173,805
109,175,601
109,176,940
109,178,501
109,179,837
109,180,662
109,182,937
109,183,487
109,185,851
109,186,622
109,188,983
109,189,492
109,190,911
109,192,688
109,193,962
109,195,520
109,196,852
109,197,662
109,199,1001
109,200,490
109,202,888
109,203,656
109,205,1021
109,206,479
109,207,974
109,209,646
109,210,1071
109,212,530
109,213,977
109,214,709
109,216,1050
109,217,479
109,219,948
109,220,679
109,222,1058
109,223,539
109,224,960
109,226,791
109,227,1080
109,229,529
109,230,957
109,232,739
109,233,1144
109,234,594
109,236,989
109,237,699
109,239,1121
109,240,603
109,241,991
109,243,737
109,244,1101
109,246,603
109,247,959
109,249,755
109,250,1092
109,251,607
109,253,998
109,254,740
109,256,1091
109,257,649
109,259,1021
109,260,771
109,261,1085
109,263,610
109,264,1024
109,266,752
109,267,1075
109,268,661
109,270,996
109,271,788
109,273,1058
109,274,686
109,276,940
109,277,773
109,278,1051
109,280,652
109,281,957
109,283,735
109,284,1038
109,286,733
109,287,1002
109,288,770
109,290,948
109,291,680
109,293,1014
109,294,798
109,295,988
109,297,698
109,298,936
109,300,800
109,301,950
109,303,687
109,304,903
109,305,801
109,307,910
109,308,707
109,310,854
109,311,716
109,313,862
109,314,618
109,315,817
109,317,774
109,318,892
109,320,643
109,321,846
109,322,676
109,324,798
109,325,548
109,327,738
109,328,615
109,330,704
109,331,595
109,332,703
109,334,586
109,335,664
109,337,508
109,338,647
109,339,555
109,341,614
109,342,504
109,344,579
109,345,530
109,347,528
109,348,397
109,349,513
109,351,425
109,352,491
109,354,362
109,355,438
109,357,365
109,358,394
109,359,224
109,361,267
109,362,227
109,364,300
109,365,130
109,366,214
109,367,501
111,10,62
111,11,79
111,13,99
111,14,127
111,16,94
111,17,118
111,18,104
111,20,126
111,21,113
111,23,186
111,24,129
111,26,204
111,27,154
111,28,206
111,30,149
111,31,217
111,33,175
111,34,216
111,36,211
111,37,246
111,38,229
111,40,271
111,41,245
111,43,315
111,44,221
111,45,325
111,47,266
111,48,354
111,50,298
111,51,342
111,53,267
111,54,387
111,55,306
111,57,426
111,58,293
111,60,423
111,61,370
111,63,432
111,64,315
111,65,485
111,67,369
111,68,464
111,70,367
111,71,440
111,72,366
111,74,512
111,75,384
111,77,495
111,78,411
111,80,529
111,81,404
111,82,587
111,84,385
111,85,530
111,87,384
111,88,560
111,89,449
111,91,568
111,92,410
111,94,573
111,95,416
111,97,616
111,98,362
111,99,577
111,101,489
111,102,642
111,104,399
111,105,613
111,107,441
111,108,708
111,109,409
111,111,564
111,112,476
111,114,719
111,115,413
111,116,604
111,118,477
111,119,798
111,121,430
111,122,671
111,124,576
111,125,839
111,126,453
111,128,682
111,129,509
111,131,823
111,132,523
111,134,649
111,135,552
111,136,854
111,138,450
111,139,684
111,141,551
111,142,944
111,143,484
111,145,698
111,146,629
111,148,935
111,149,523
111,151,713
111,152,600
111,153,949
111,155,527
111,156,695
111,158,657
111,159,940
111,161,560
111,162,732
111,163,617
111,165,1015
111,166,613
111,168,745
111,169,673
111,170,992
111,172,604
111,173,753
111,175,677
111,176,1089
111,178,606
111,179,784
111,180,786
111,182,1047
111,183,620
111,185,784
111,186,742
111,188,1045
111,189,639
111,190,850
111,192,815
111,193,1089
111,195,681
111,196,752
111,197,754
111,199,1185
111,200,705
111,202,844
111,203,869
111,205,1188
111,206,715
111,207,873
111,209,857
111,210,1185
111,212,724
111,213,933
111,214,853
111,216,1172
111,217,706
111,219,905
111,220,880
111,222,1210
111,223,737
111,224,943
111,226,965
111,227,1200
111,229,740
111,230,992
111,232,887
111,233,1205
111,234,798
111,236,956
111,237,957
111,239,1282
111,240,843
111,241,894
111,243,978
111,244,1259
111,246,817
111,247,955
111,249,982
111,250,1207
111,251,785
111,253,955
111,254,919
111,256,1264
111,257,808
111,259,952
111,260,872
111,261,1222
111,263,889
111,264,981
111,266,890
111,267,1202
111,268,871
111,270,981
111,271,953
111,273,1249
111,274,866
111,276,1049
111,277,978
111,278,1178
111,280,878
111,281,1025
111,283,890
111,284,1221
111,286,902
111,287,970
111,288,848
111,290,1159
111,291,908
111,293,1030
111,294,907
111,295,1202
111,297,896
111,298,998
111,300,911
111,301,1082
111,303,903
111,304,986
111,305,825
111,307,1096
111,308,893
111,310,949
111,311,782
111,313,1029
111,314,905
111,315,958
111,317,738
111,318,1007
111,320,800
111,321,885
111,322,686
111,324,901
111,325,766
111,327,825
111,328,609
111,330,856
111,331,668
111,332,740
111,334,598
111,335,785
111,337,647
111,338,728
111,339,498
111,341,699
111,342,543
111,344,639
111,345,433
111,347,613
111,348,451
111,349,573
111,351,355
111,352,580
111,354,423
111,355,499
111,357,306
111,358,429
111,359,243
111,361,331
111,362,176
111,364,293
111,365,131
111,366,212
111,367,344
112,10,133
112,11,71
112,13,153
112,14,159
112,16,209
112,17,143
112,18,187
112,20,136
112,21,229
112,23,155
112,24,253
112,26,180
112,27,280
112,28,191
112,30,282
112,31,198
112,33,336
112,34,197
112,36,376
112,37,255
112,38,346
112,40,233
112,41,323
112,43,291
112,44,403
112,45,318
112,47,414
112,48,318
112,50,397
112,51,307
112,53,452
112,54,375
112,55,396
112,57,365
112,58,446
112,60,361
112,61,492
112,63,387
112,64,467
112,65,424
112,67,502
112,68,422
112,70,504
112,71,474
112,72,533
112,74,434
112,75,520
112,77,467
112,78,539
112,80,467
112,81,547
112,82,508
112,84,552
112,85,533
112,87,564
112,88,531
112,89,589
112,91,545
112,92,550
112,94,572
112,95,606
112,97,553
112,98,501
112,99,559
112,101,553
112,102,641
112,104,523
112,105,578
112,107,633
112,108,631
112,109,535
112,111,643
112,112,648
112,114,706
112,115,525
112,116,654
112,118,616
112,119,788
112,121,599
112,122,636
112,124,628
112,125,847
112,126,531
112,128,641
112,129,644
112,131,887
112,132,637
112,134,682
112,135,660
112,136,891
112,138,608
112,139,707
112,141,682
112,142,955
112,143,608
112,145,766
112,146,681
112,148,927
112,149,565
112,151,821
112,152,703
112,153,1028
112,155,658
112,156,874
112,158,767
112,159,1031
112,161,592
112,162,886
112,163,787
112,165,1118
112,166,646
112,168,865
112,169,761
112,170,1118
112,172,634
112,173,942
112,175,803
112,176,1109
112,178,639
112,179,980
112,180,757
112,182,1160
112,183,609
112,185,992
112,186,821
112,188,1196
112,189,694
112,190,971
112,192,796
112,193,1212
112,195,630
112,196,959
112,197,792
112,199,1223
112,200,693
112,202,980
112,203,856
112,205,1259
112,206,729
112,207,1059
112,209,873
112,210,1258
112,212,718
112,213,1080
112,214,826
112,216,1199
112,217,717
112,219,1062
112,220,857
112,222,1320
112,223,743
112,224,1075
112,226,858
112,227,1297
112,229,715
112,230,1114
112,232,946
112,233,1320
112,234,782
112,236,1114
112,237,902
112,239,1342
112,240,727
112,241,1100
112,243,943
112,244,1295
112,246,843
112,247,1089
112,249,938
112,250,1303
112,251,789
112,253,1107
112,254,1011
112,256,1372
112,257,844
112,259,1078
112,260,930
112,261,1320
112,263,818
112,264,1099
112,266,1007
112,267,1419
112,268,826
112,270,1106
112,271,1001
112,273,1384
112,274,858
112,276,1102
112,277,926
112,278,1371
112,280,881
112,281,1122
112,283,927
112,284,1306
112,286,844
112,287,1088
112,288,954
112,290,1397
112,291,887
112,293,1160
112,294,915
112,295,1319
112,297,890
112,298,1122
112,300,911
112,301,1265
112,303,902
112,304,1074
112,305,934
112,307,1200
112,308,849
112,310,1151
112,311,897
112,313,1162
112,314,790
112,315,942
112,317,849
112,318,1098
112,320,806
112,321,1079
112,322,845
112,324,1055
112,325,778
112,327,909
112,328,753
112,330,918
112,331,717
112,332,902
112,334,756
112,335,882
112,337,645
112,338,797
112,339,645
112,341,766
112,342,599
112,344,834
112,345,663
112,347,759
112,348,572
112,349,593
112,351,503
112,352,617
112,354,461
112,355,621
112,357,529
112,358,496
112,359,322
112,361,377
112,362,306
112,364,341
112,365,138
112,366,244
112,367,494
114,10,173
114,11,192
114,13,156
114,14,269
114,16,220
114,17,247
114,18,190
114,20,245
114,21,288
114,23,359
114,24,249
114,26,356
114,27,375
114,28,369
114,30,325
114,31,340
114,33,443
114,34,440
114,36,352
114,37,495
114,38,481
114,40,524
114,41,370
114,43,494
114,44,592
114,45,591
114,47,405
114,48,571
114,50,618
114,51,587
114,53,492
114,54,612
114,55,639
114,57,699
114,58,495
114,60,690
114,61,756
114,63,733
114,64,508
114,65,706
114,67,754
114,68,778
114,70,567
114,71,752
114,72,777
114,74,821
114,75,600
114,77,760
114,78,816
114,80,848
114,81,604
114,82,819
114,84,758
114,85,862
114,87,639
114,88,811
114,89,857
114,91,940
114,92,566
114,94,843
114,95,835
114,97,875
114,98,612
114,99,775
114,101,825
114,102,981
114,104,585
114,105,777
114,107,785
114,108,985
114,109,610
114,111,844
114,112,877
114,114,1025
114,115,667
114,116,873
114,118,866
114,119,1118
114,121,631
114,122,898
114,124,845
114,125,1051
114,126,631
114,128,854
114,129,823
114,131,1122
114,132,665
114,134,852
114,135,827
114,136,1097
114,138,637
114,139,914
114,141,901
114,142,1100
114,143,634
114,145,895
114,146,850
114,148,1108
114,149,689
114,151,941
114,152,938
114,153,1116
114,155,666
114,156,1016
114,158,911
114,159,1131
114,161,714
114,162,1012
114,163,1028
114,165,1205
114,166,738
114,168,1055
114,169,891
114,170,1125
114,172,748
114,173,1060
114,175,981
114,176,1191
114,178,729
114,179,986
114,180,999
114,182,1113
114,183,794
114,185,1024
114,186,1076
114,188,1241
114,189,806
114,190,1119
114,192,992
114,193,1189
114,195,790
114,196,1199
114,197,1108
114,199,1201
114,200,752
114,202,1143
114,203,1040
114,205,1122
114,206,797
114,207,1108
114,209,1184
114,210,1266
114,212,851
114,213,1194
114,214,1122
114,216,1256
114,217,893
114,219,1172
114,220,1198
114,222,1269
114,223,887
114,224,1251
114,226,1190
114,227,1226
114,229,830
114,230,1204
114,232,1245
114,233,1301
114,234,918
114,236,1253
114,237,1236
114,239,1370
114,240,887
114,241,1298
114,243,1301
114,244,1388
114,246,913
114,247,1306
114,249,1234
114,250,1243
114,251,874
114,253,1260
114,254,1240
114,256,1373
114,257,887
114,259,1260
114,260,1216
114,261,1399
114,263,918
114,264,1265
114,266,1309
114,267,1387
114,268,938
114,270,1367
114,271,1290
114,273,1472
114,274,935
114,276,1259
114,277,1303
114,278,1443
114,280,978
114,281,1381
114,283,1296
114,284,1419
114,286,968
114,287,1275
114,288,1269
114,290,1494
114,291,1001
114,293,1397
114,294,1304
114,295,1473
114,297,925
114,298,1311
114,300,1286
114,301,1433
114,303,966
114,304,1268
114,305,1158
114,307,1351
114,308,886
114,310,1332
114,311,1238
114,313,1371
114,314,942
114,315,1322
114,317,1124
114,318,1409
114,320,827
114,321,1254
114,322,1060
114,324,1315
114,325,791
114,327,1268
114,328,1001
114,330,1303
114,331,755
114,332,1108
114,334,975
114,335,1193
114,337,768
114,338,1108
114,339,836
114,341,1161
114,342,715
114,344,1026
114,345,814
114,347,1063
114,348,609
114,349,840
114,351,708
114,352,976
114,354,493
114,355,769
114,357,664
114,358,792
114,359,366
114,361,663
114,362,411
114,364,687
114,365,196
114,366,506
114,367,769
115,10,173
115,11,125
115,13,206
115,14,144
115,16,189
115,17,157
115,18,213
115,20,165
115,21,248
115,23,208
115,24,304
115,26,199
115,27,276
115,28,244
115,30,327
115,31,228
115,33,374
115,34,304
115,36,365
115,37,309
115,38,403
115,40,330
115,41,400
115,43,307
115,44,456
115,45,388
115,47,485
115,48,365
115,50,450
115,51,383
115,53,450
115,54,338
115,55,529
115,57,461
115,58,446
115,60,472
115,61,505
115,63,468
115,64,448
115,65,405
115,67,556
115,68,484
115,70,521
115,71,530
115,72,595
115,74,504
115,75,480
115,77,489
115,78,593
115,80,559
115,81,518
115,82,549
115,84,587
115,85,594
115,87,523
115,88,555
115,89,619
115,91,622
115,92,494
115,94,607
115,95,588
115,97,640
115,98,488
115,99,566
115,101,604
115,102,664
115,104,488
115,105,647
115,107,626
115,108,702
115,109,507
115,111,646
115,112,593
115,114,746
115,115,529
115,116,703
115,118,665
115,119,822
115,121,553
115,122,637
115,124,615
115,125,846
115,126,523
115,128,709
115,129,644
115,131,905
115,132,509
115,134,702
115,135,629
115,136,898
115,138,568
115,139,785
115,141,675
115,142,972
115,143,534
115,145,769
115,146,609
115,148,892
115,149,512
115,151,783
115,152,676
115,153,1048
115,155,559
115,156,813
115,158,650
115,159,933
115,161,535
115,162,930
115,163,735
115,165,1069
115,166,521
115,168,862
115,169,663
115,170,1001
115,172,537
115,173,993
115,175,719
115,176,1112
115,178,580
115,179,826
115,180,667
115,182,1020
115,183,622
115,185,963
115,186,783
115,188,1155
115,189,549
115,190,877
115,192,704
115,193,986
115,195,569
115,196,1036
115,197,763
115,199,1174
115,200,555
115,202,953
115,203,681
115,205,1049
115,206,559
115,207,1074
115,209,776
115,210,1135
115,212,562
115,213,983
115,214,722
115,216,1083
115,217,614
115,219,1040
115,220,743
115,222,1215
115,223,621
115,224,945
115,226,784
115,227,1056
115,229,576
115,230,1052
115,232,823
115,233,1183
115,234,619
115,236,1024
115,237,764
115,239,1092
115,240,661
115,241,1010
115,243,813
115,244,1141
115,246,646
115,247,973
115,249,797
115,250,1051
115,251,610
115,253,1044
115,254,789
115,256,1192
115,257,620
115,259,1025
115,260,748
115,261,1104
115,263,650
115,264,991
115,266,808
115,267,1054
115,268,699
115,270,1050
115,271,834
115,273,1075
115,274,633
115,276,1020
115,277,801
115,278,1047
115,280,771
115,281,994
115,283,773
115,284,1032
115,286,701
115,287,942
115,288,831
115,290,1046
115,291,749
115,293,990
115,294,819
115,295,1025
115,297,677
115,298,988
115,300,773
115,301,970
115,303,721
115,304,931
115,305,746
115,307,959
115,308,688
115,310,890
115,311,719
115,313,869
115,314,681
115,315,844
115,317,713
115,318,908
115,320,637
115,321,795
115,322,670
115,324,811
115,325,640
115,327,751
115,328,599
115,330,764
115,331,582
115,332,718
115,334,602
115,335,704
115,337,572
115,338,700
115,339,541
115,341,617
115,342,464
115,344,592
115,345,496
115,347,567
115,348,434
115,349,509
115,351,405
115,352,496
115,354,364
115,355,429
115,357,389
115,358,396
115,359,258
115,361,339
115,362,276
115,364,345
115,365,129
115,366,210
115,367,568
116,10,126
116,11,140
116,13,151
116,14,214
116,16,124
116,17,182
116,18,149
116,20,181
116,21,150
116,23,221
116,24,196
116,26,271
116,27,220
116,28,272
116,30,247
116,31,302
116,33,219
116,34,329
116,36,257
116,37,360
116,38,272
116,40,367
116,41,264
116,43,424
116,44,319
116,45,496
116,47,334
116,48,473
116,50,356
116,51,430
116,53,353
116,54,484
116,55,385
116,57,486
116,58,371
116,60,536
116,61,394
116,63,524
116,64,393
116,65,548
116,67,443
116,68,556
116,70,422
116,71,602
116,72,449
116,74,547
116,75,412
116,77,558
116,78,482
116,80,625
116,81,454
116,82,689
116,84,484
116,85,612
116,87,417
116,88,649
116,89,503
116,91,731
116,92,490
116,94,693
116,95,500
116,97,664
116,98,479
116,99,664
116,101,532
116,102,712
116,104,419
116,105,660
116,107,518
116,108,754
116,109,479
116,111,676
116,112,571
116,114,823
116,115,497
116,116,707
116,118,546
116,119,876
116,121,536
116,122,641
116,124,543
116,125,874
116,126,484
116,128,754
116,129,632
116,131,878
116,132,531
116,134,651
116,135,600
116,136,858
116,138,537
116,139,788
116,141,654
116,142,1005
116,143,538
116,145,732
116,146,605
116,148,937
116,149,543
116,151,756
116,152,681
116,153,1091
116,155,519
116,156,764
116,158,703
116,159,1060
116,161,628
116,162,925
116,163,746
116,165,1067
116,166,583
116,168,805
116,169,752
116,170,1057
116,172,674
116,173,909
116,175,788
116,176,1247
116,178,671
116,179,803
116,180,819
116,182,1162
116,183,716
116,185,957
116,186,949
116,188,1281
116,189,696
116,190,852
116,192,861
116,193,1171
116,195,753
116,196,1024
116,197,929
116,199,1324
116,200,749
116,202,858
116,203,913
116,205,1268
116,206,750
116,207,1056
116,209,982
116,210,1282
116,212,730
116,213,922
116,214,906
116,216,1267
116,217,844
116,219,1061
116,220,979
116,222,1328
116,223,784
116,224,922
116,226,949
116,227,1321
116,229,817
116,230,990
116,232,1044
116,233,1318
116,234,779
116,236,942
116,237,932
116,239,1274
116,240,830
116,241,1043
116,243,1021
116,244,1281
116,246,900
116,247,1020
116,249,944
116,250,1254
116,251,864
116,253,1065
116,254,965
116,256,1342
116,257,886
116,259,977
116,260,933
116,261,1289
116,263,844
116,264,1067
116,266,955
116,267,1247
116,268,842
116,270,1012
116,271,1015
116,273,1301
116,274,904
116,276,1079
116,277,924
116,278,1236
116,280,886
116,281,991
116,283,917
116,284,1280
116,286,947
116,287,991
116,288,882
116,290,1245
116,291,908
116,293,1024
116,294,945
116,295,1217
116,297,920
116,298,991
116,300,869
116,301,1177
116,303,876
116,304,990
116,305,875
116,307,1125
116,308,947
116,310,963
116,311,745
116,313,1057
116,314,855
116,315,951
116,317,760
116,318,1031
116,320,887
116,321,917
116,322,693
116,324,993
116,325,785
116,327,925
116,328,675
116,330,897
116,331,725
116,332,807
116,334,574
116,335,798
116,337,673
116,338,777
116,339,527
116,341,774
116,342,626
116,344,666
116,345,467
116,347,636
116,348,512
116,349,593
116,351,404
116,352,614
116,354,465
116,355,530
116,357,311
116,358,491
116,359,314
116,361,340
116,362,220
116,364,402
116,365,132
116,366,189
116,367,427
118,10,211
118,11,100
118,13,219
118,14,177
118,16,227
118,17,161
118,18,223
118,20,195
118,21,282
118,23,193
118,24,271
118,26,217
118,27,288
118,28,249
118,30,372
118,31,253
118,33,404
118,34,278
118,36,352
118,37,291
118,38,375
118,40,246
118,41,438
118,43,344
118,44,435
118,45,370
118,47,483
118,48,375
118,50,471
118,51,341
118,53,518
118,54,403
118,55,497
118,57,429
118,58,458
118,60,446
118,61,477
118,63,451
118,64,527
118,65,451
118,67,559
118,68,553
118,70,499
118,71,525
118,72,511
118,74,496
118,75,553
118,77,502
118,78,557
118,80,530
118,81,521
118,82,542
118,84,526
118,85,538
118,87,561
118,88,611
118,89,597
118,91,594
118,92,546
118,94,614
118,95,602
118,97,704
118,98,568
118,99,597
118,101,679
118,102,713
118,104,506
118,105,624
118,107,605
118,108,736
118,109,582
118,111,588
118,112,647
118,114,818
118,115,569
118,116,750
118,118,706
118,119,829
118,121,581
118,122,721
118,124,714
118,125,863
118,126,611
118,128,780
118,129,672
118,131,960
118,132,638
118,134,765
118,135,726
118,136,1000
118,138,597
118,139,853
118,141,795
118,142,1065
118,143,673
118,145,804
118,146,750
118,148,1088
118,149,655
118,151,918
118,152,766
118,153,1085
118,155,703
118,156,875
118,158,806
118,159,1066
118,161,662
118,162,1032
118,163,824
118,165,1214
118,166,638
118,168,999
118,169,908
118,170,1155
118,172,683
118,173,1058
118,175,855
118,176,1269
118,178,689
118,179,1009
118,180,910
118,182,1271
118,183,792
118,185,1065
118,186,926
118,188,1320
118,189,692
118,190,1066
118,192,930
118,193,1266
118,195,772
118,196,1105
118,197,868
118,199,1329
118,200,792
118,202,1134
118,203,898
118,205,1347
118,206,734
118,207,1166
118,209,961
118,210,1427
118,212,746
118,213,1226
118,214,989
118,216,1329
118,217,748
118,219,1172
118,220,905
118,222,1473
118,223,782
118,224,1106
118,226,1008
118,227,1374
118,229,764
118,230,1158
118,232,976
118,233,1440
118,234,790
118,236,1143
118,237,967
118,239,1394
118,240,811
118,241,1163
118,243,966
118,244,1455
118,246,827
118,247,1174
118,249,1027
118,250,1380
118,251,829
118,253,1189
118,254,1038
118,256,1463
118,257,902
118,259,1160
118,260,986
118,261,1414
118,263,882
118,264,1087
118,266,982
118,267,1341
118,268,844
118,270,1158
118,271,966
118,273,1417
118,274,873
118,276,1166
118,277,909
118,278,1372
118,280,907
118,281,1183
118,283,929
118,284,1450
118,286,944
118,287,1045
118,288,943
118,290,1298
118,291,910
118,293,1086
118,294,995
118,295,1356
118,297,923
118,298,1145
118,300,957
118,301,1252
118,303,919
118,304,1033
118,305,1037
118,307,1293
118,308,894
118,310,1052
118,311,861
118,313,1135
118,314,828
118,315,1098
118,317,825
118,318,1230
118,320,855
118,321,1004
118,322,775
118,324,1078
118,325,762
118,327,926
118,328,795
118,330,983
118,331,811
118,332,843
118,334,754
118,335,830
118,337,715
118,338,865
118,339,711
118,341,855
118,342,681
118,344,722
118,345,622
118,347,691
118,348,554
118,349,618
118,351,660
118,352,699
118,354,472
118,355,554
118,357,484
118,358,501
118,359,329
118,361,442
118,362,351
118,364,380
118,365,159
118,366,240
118,367,540
119,10,258
119,11,209
119,13,192
119,14,300
119,16,261
119,17,292
119,18,239
119,20,297
119,21,376
119,23,398
119,24,285
119,26,390
119,27,405
119,28,451
119,30,368
119,31,437
119,33,537
119,34,503
119,36,399
119,37,474
119,38,493
119,40,494
119,41,408
119,43,575
119,44,639
119,45,669
119,47,457
119,48,635
119,50,599
119,51,661
119,53,522
119,54,703
119,55,718
119,57,721
119,58,515
119,60,709
119,61,658
119,63,751
119,64,559
119,65,762
119,67,806
119,68,823
119,70,535
119,71,794
119,72,726
119,74,862
119,75,551
119,77,775
119,78,869
119,80,933
119,81,558
119,82,842
119,84,747
119,85,869
119,87,598
119,88,842
119,89,938
119,91,1053
119,92,584
119,94,861
119,95,784
119,97,945
119,98,608
119,99,847
119,101,895
119,102,989
119,104,584
119,105,842
119,107,731
119,108,897
119,109,659
119,111,897
119,112,949
119,114,1103
119,115,606
119,116,938
119,118,862
119,119,1047
119,121,699
119,122,878
119,124,865
119,125,1112
119,126,650
119,128,944
119,129,838
119,131,1180
119,132,723
119,134,910
119,135,997
119,136,1121
119,138,702
119,139,1011
119,141,836
119,142,1269
119,143,674
119,145,1008
119,146,1006
119,148,1202
119,149,711
119,151,986
119,152,943
119,153,1226
119,155,695
119,156,1023
119,158,1054
119,159,1188
119,161,747
119,162,1119
119,163,964
119,165,1312
119,166,794
119,168,1049
119,169,1111
119,170,1167
119,172,818
119,173,1110
119,175,1013
119,176,1283
119,178,818
119,179,1096
119,180,1164
119,182,1267
119,183,829
119,185,1193
119,186,1184
119,188,1346
119,189,883
119,190,1152
119,192,1140
119,193,1270
119,195,836
119,196,1217
119,197,1221
119,199,1259
119,200,794
119,202,1250
119,203,1283
119,205,1251
119,206,876
119,207,1283
119,209,1182
119,210,1283
119,212,868
119,213,1212
119,214,1243
119,216,1329
119,217,941
119,219,1273
119,220,1193
119,222,1293
119,223,897
119,224,1303
119,226,1330
119,227,1384
119,229,965
119,230,1327
119,232,1176
119,233,1360
119,234,990
119,236,1350
119,237,1311
119,239,1372
119,240,931
119,241,1299
119,243,1282
119,244,1409
119,246,999
119,247,1366
119,249,1412
119,250,1495
119,251,918
119,253,1317
119,254,1335
119,256,1413
119,257,981
119,259,1283
119,260,1438
119,261,1506
119,263,999
119,264,1315
119,266,1305
119,267,1361
119,268,1017
119,270,1354
119,271,1387
119,273,1491
119,274,1055
119,276,1320
119,277,1372
119,278,1375
119,280,1003
119,281,1383
119,283,1388
119,284,1480
119,286,1005
119,287,1301
119,288,1264
119,290,1388
119,291,946
119,293,1367
119,294,1405
119,295,1460
119,297,990
119,298,1295
119,300,1245
119,301,1412
119,303,989
119,304,1339
119,305,1291
119,307,1501
119,308,925
119,310,1284
119,311,1169
119,313,1334
119,314,954
119,315,1375
119,317,1266
119,318,1439
119,320,949
119,321,1252
119,322,1125
119,324,1238
119,325,876
119,327,1283
119,328,1120
119,330,1264
119,331,845
119,332,1069
119,334,978
119,335,1124
119,337,745
119,338,1124
119,339,994
119,341,1174
119,342,705
119,344,937
119,345,863
119,347,944
119,348,620
119,349,936
119,351,721
119,352,1008
119,354,536
119,355,818
119,357,604
119,358,702
119,359,400
119,361,695
119,362,476
119,364,690
119,365,228
119,366,408
119,367,743
121,10,227
121,11,141
121,13,223
121,14,175
121,16,237
121,17,207
121,18,245
121,20,196
121,21,309
121,23,243
121,24,311
121,26,296
121,27,354
121,28,291
121,30,355
121,31,319
121,33,435
121,34,298
121,36,418
121,37,304
121,38,410
121,40,334
121,41,394
121,43,355
121,44,474
121,45,406
121,47,459
121,48,386
121,50,500
121,51,356
121,53,479
121,54,458
121,55,600
121,57,470
121,58,475
121,60,415
121,61,527
121,63,393
121,64,486
121,65,467
121,67,622
121,68,512
121,70,510
121,71,496
121,72,563
121,74,468
121,75,471
121,77,490
121,78,578
121,80,529
121,81,517
121,82,574
121,84,551
121,85,533
121,87,501
121,88,573
121,89,610
121,91,639
121,92,512
121,94,604
121,95,599
121,97,662
121,98,539
121,99,571
121,101,619
121,102,753
121,104,487
121,105,597
121,107,632
121,108,692
121,109,525
121,111,626
121,112,643
121,114,832
121,115,460
121,116,660
121,118,698
121,119,832
121,121,583
121,122,684
121,124,667
121,125,847
121,126,525
121,128,706
121,129,592
121,131,873
121,132,548
121,134,693
121,135,658
121,136,973
121,138,535
121,139,758
121,141,615
121,142,928
121,143,596
121,145,767
121,146,682
121,148,935
121,149,533
121,151,826
121,152,657
121,153,983
121,155,539
121,156,845
121,158,715
121,159,992
121,161,493
121,162,865
121,163,678
121,165,1024
121,166,606
121,168,924
121,169,729
121,170,1083
121,172,511
121,173,920
121,175,680
121,176,1007
121,178,541
121,179,947
121,180,728
121,182,1015
121,183,527
121,185,986
121,186,719
121,188,1103
121,189,569
121,190,983
121,192,779
121,193,1058
121,195,572
121,196,955
121,197,744
121,199,1135
121,200,576
121,202,954
121,203,732
121,205,1132
121,206,585
121,207,994
121,209,730
121,210,1183
121,212,594
121,213,1007
121,214,725
121,216,1089
121,217,582
121,219,985
121,220,722
121,222,1194
121,223,586
121,224,988
121,226,787
121,227,1112
121,229,606
121,230,999
121,232,757
121,233,1137
121,234,611
121,236,1056
121,237,735
121,239,1189
121,240,616
121,241,1048
121,243,735
121,244,1135
121,246,676
121,247,1018
121,249,811
121,250,1117
121,251,652
121,253,1034
121,254,800
121,256,1093
121,257,677
121,259,1048
121,260,757
121,261,1250
121,263,672
121,264,999
121,266,792
121,267,1128
121,268,659
121,270,1011
121,271,881
121,273,1099
121,274,744
121,276,907
121,277,809
121,278,1121
121,280,696
121,281,1020
121,283,822
121,284,988
121,286,724
121,287,987
121,288,892
121,290,1025
121,291,764
121,293,994
121,294,803
121,295,1031
121,297,720
121,298,957
121,300,798
121,301,980
121,303,690
121,304,929
121,305,805
121,307,942
121,308,748
121,310,953
121,311,852
121,313,910
121,314,697
121,315,921
121,317,777
121,318,883
121,320,692
121,321,847
121,322,764
121,324,857
121,325,654
121,327,815
121,328,676
121,330,736
121,331,651
121,332,798
121,334,632
121,335,721
121,337,648
121,338,687
121,339,590
121,341,674
121,342,512
121,344,671
121,345,566
121,347,599
121,348,540
121,349,569
121,351,505
121,352,585
121,354,446
121,355,561
121,357,462
121,358,486
121,359,298
121,361,430
121,362,301
121,364,365
121,365,157
121,366,289
121,367,612
122,10,126
122,11,165
122,13,157
122,14,240
122,16,155
122,17,207
122,18,174
122,20,215
122,21,185
122,23,248
122,24,195
122,26,303
122,27,207
122,28,290
122,30,231
122,31,355
122,33,255
122,34,323
122,36,284
122,37,415
122,38,272
122,40,376
122,41,295
122,43,391
122,44,321
122,45,463
122,47,336
122,48,427
122,50,331
122,51,470
122,53,390
122,54,510
122,55,388
122,57,519
122,58,371
122,60,525
122,61,376
122,63,534
122,64,358
122,65,562
122,67,430
122,68,511
122,70,380
122,71,603
122,72,449
122,74,587
122,75,460
122,77,600
122,78,499
122,80,596
122,81,453
122,82,628
122,84,463
122,85,636
122,87,441
122,88,674
122,89,516
122,91,672
122,92,482
122,94,678
122,95,437
122,97,680
122,98,482
122,99,637
122,101,525
122,102,715
122,104,490
122,105,614
122,107,414
122,108,726
122,109,480
122,111,586
122,112,565
122,114,807
122,115,489
122,116,664
122,118,550
122,119,809
122,121,477
122,122,713
122,124,537
122,125,918
122,126,519
122,128,688
122,129,572
122,131,856
122,132,534
122,134,738
122,135,590
122,136,918
122,138,533
122,139,706
122,141,639
122,142,966
122,143,554
122,145,764
122,146,620
122,148,963
122,149,606
122,151,756
122,152,646
122,153,979
122,155,570
122,156,817
122,158,778
122,159,1057
122,161,621
122,162,840
122,163,699
122,165,1097
122,166,630
122,168,813
122,169,759
122,170,1118
122,172,640
122,173,833
122,175,682
122,176,1097
122,178,661
122,179,897
122,180,846
122,182,1173
122,183,686
122,185,884
122,186,860
122,188,1187
122,189,701
122,190,893
122,192,870
122,193,1166
122,195,691
122,196,961
122,197,817
122,199,1249
122,200,751
122,202,937
122,203,951
122,205,1220
122,206,798
122,207,933
122,209,822
122,210,1306
122,212,762
122,213,949
122,214,970
122,216,1286
122,217,763
122,219,1033
122,220,985
122,222,1233
122,223,806
122,224,982
122,226,968
122,227,1269
122,229,818
122,230,1005
122,232,1017
122,233,1283
122,234,844
122,236,1018
122,237,996
122,239,1292
122,240,864
122,241,1028
122,243,957
122,244,1322
122,246,894
122,247,1035
122,249,1042
122,250,1354
122,251,832
122,253,1021
122,254,967
122,256,1278
122,257,940
122,259,978
122,260,1004
122,261,1390
122,263,983
122,264,1034
122,266,1013
122,267,1325
122,268,919
122,270,1068
122,271,987
122,273,1282
122,274,908
122,276,1004
122,277,1022
122,278,1220
122,280,911
122,281,1033
122,283,944
122,284,1225
122,286,947
122,287,1061
122,288,911
122,290,1231
122,291,975
122,293,1062
122,294,926
122,295,1343
122,297,934
122,298,1021
122,300,917
122,301,1227
122,303,898
122,304,1042
122,305,841
122,307,1156
122,308,962
122,310,977
122,311,855
122,313,1117
122,314,916
122,315,991
122,317,839
122,318,1119
122,320,951
122,321,1020
122,322,775
122,324,991
122,325,847
122,327,995
122,328,739
122,330,975
122,331,821
122,332,915
122,334,681
122,335,922
122,337,787
122,338,907
122,339,624
122,341,838
122,342,695
122,344,746
122,345,505
122,347,710
122,348,570
122,349,704
122,351,450
122,352,678
122,354,553
122,355,602
122,357,404
122,358,536
122,359,345
122,361,454
122,362,236
122,364,406
122,365,183
122,366,247
122,367,492
124,10,198
124,11,125
124,13,296
124,14,213
124,16,281
124,17,185
124,18,298
124,20,224
124,21,330
124,23,250
124,24,316
124,26,276
124,27,385
124,28,263
124,30,406
124,31,332
124,33,414
124,34,308
124,36,426
124,37,327
124,38,380
124,40,289
124,41,459
124,43,383
124,44,468
124,45,372
124,47,517
124,48,417
124,50,489
124,51,392
124,53,526
124,54,434
124,55,526
124,57,454
124,58,558
124,60,464
124,61,529
124,63,431
124,64,651
124,65,491
124,67,576
124,68,500
124,70,597
124,71,521
124,72,560
124,74,530
124,75,630
124,77,580
124,78,587
124,80,563
124,81,560
124,82,530
124,84,620
124,85,533
124,87,634
124,88,603
124,89,638
124,91,578
124,92,558
124,94,621
124,95,653
124,97,661
124,98,629
124,99,630
124,101,596
124,102,740
124,104,591
124,105,591
124,107,607
124,108,690
124,109,626
124,111,679
124,112,695
124,114,788
124,115,593
124,116,712
124,118,668
124,119,796
124,121,657
124,122,723
124,124,723
124,125,856
124,126,623
124,128,751
124,129,675
124,131,891
124,132,636
124,134,727
124,135,722
124,136,919
124,138,610
124,139,831
124,141,769
124,142,1019
124,143,669
124,145,825
124,146,763
124,148,1009
124,149,606
124,151,855
124,152,738
124,153,1046
124,155,673
124,156,953
124,158,775
124,159,1063
124,161,667
124,162,924
124,163,805
124,165,1254
124,166,660
124,168,1036
124,169,833
124,170,1138
124,172,666
124,173,1021
124,175,835
124,176,1152
124,178,725
124,179,1046
124,180,813
124,182,1239
124,183,690
124,185,1101
124,186,919
124,188,1192
124,189,742
124,190,1170
124,192,926
124,193,1286
124,195,757
124,196,1125
124,197,911
124,199,1285
124,200,715
124,202,1144
124,203,904
124,205,1275
124,206,800
124,207,1132
124,209,906
124,210,1382
124,212,766
124,213,1233
124,214,956
124,216,1340
124,217,753
124,219,1126
124,220,885
124,222,1315
124,223,817
124,224,1205
124,226,965
124,227,1348
124,229,738
124,230,1127
124,232,981
124,233,1363
124,234,810
124,236,1207
124,237,947
124,239,1435
124,240,769
124,241,1133
124,243,962
124,244,1343
124,246,854
124,247,1162
124,249,961
124,250,1322
124,251,815
124,253,1110
124,254,986
124,256,1436
124,257,843
124,259,1152
124,260,906
124,261,1316
124,263,846
124,264,1096
124,266,953
124,267,1400
124,268,898
124,270,1120
124,271,932
124,273,1382
124,274,893
124,276,1083
124,277,938
124,278,1342
124,280,891
124,281,1155
124,283,935
124,284,1343
124,286,855
124,287,1153
124,288,998
124,290,1312
124,291,930
124,293,1228
124,294,888
124,295,1332
124,297,877
124,298,1127
124,300,957
124,301,1234
124,303,942
124,304,1121
124,305,911
124,307,1206
124,308,887
124,310,1092
124,311,958
124,313,1224
124,314,884
124,315,1095
124,317,814
124,318,1120
124,320,879
124,321,1032
124,322,902
124,324,1113
124,325,805
124,327,938
124,328,746
124,330,1031
124,331,832
124,332,966
124,334,763
124,335,896
124,337,750
124,338,856
124,339,691
124,341,853
124,342,697
124,344,836
124,345,680
124,347,825
124,348,608
124,349,683
124,351,595
124,352,667
124,354,495
124,355,683
124,357,577
124,358,582
124,359,394
124,361,435
124,362,350
124,364,420
124,365,181
124,366,288
124,367,589
125,10,296
125,11,289
125,13,236
125,14,409
125,16,338
125,17,337
125,18,287
125,20,346
125,21,392
125,23,491
125,24,354
125,26,486
125,27,489
125,28,509
125,30,403
125,31,549
125,33,505
125,34,556
125,36,410
125,37,572
125,38,605
125,40,559
125,41,468
125,43,617
125,44,606
125,45,725
125,47,542
125,48,740
125,50,652
125,51,693
125,53,515
125,54,722
125,55,757
125,57,760
125,58,567
125,60,780
125,61,701
125,63,820
125,64,604
125,65,783
125,67,766
125,68,834
125,70,594
125,71,785
125,72,816
125,74,908
125,75,624
125,77,839
125,78,838
125,80,862
125,81,593
125,82,814
125,84,833
125,85,941
125,87,612
125,88,900
125,89,869
125,91,991
125,92,592
125,94,886
125,95,844
125,97,1035
125,98,681
125,99,866
125,101,841
125,102,979
125,104,603
125,105,884
125,107,835
125,108,924
125,109,645
125,111,875
125,112,831
125,114,1059
125,115,652
125,116,898
125,118,871
125,119,1105
125,121,665
125,122,954
125,124,808
125,125,1117
125,126,658
125,128,952
125,129,879
125,131,1209
125,132,658
125,134,912
125,135,875
125,136,1146
125,138,694
125,139,958
125,141,924
125,142,1208
125,143,715
125,145,1019
125,146,911
125,148,1235
125,149,727
125,151,1021
125,152,920
125,153,1138
125,155,714
125,156,979
125,158,1019
125,159,1199
125,161,755
125,162,1078
125,163,1008
125,165,1249
125,166,800
125,168,1139
125,169,1026
125,170,1228
125,172,799
125,173,1109
125,175,1105
125,176,1289
125,178,786
125,179,1076
125,180,1045
125,182,1260
125,183,781
125,185,1173
125,186,1099
125,188,1281
125,189,852
125,190,1165
125,192,1158
125,193,1284
125,195,883
125,196,1232
125,197,1243
125,199,1270
125,200,865
125,202,1214
125,203,1222
125,205,1253
125,206,811
125,207,1266
125,209,1220
125,210,1332
125,212,841
125,213,1294
125,214,1244
125,216,1343
125,217,859
125,219,1276
125,220,1193
125,222,1311
125,223,907
125,224,1347
125,226,1171
125,227,1376
125,229,918
125,230,1285
125,232,1289
125,233,1447
125,234,959
125,236,1323
125,237,1289
125,239,1349
125,240,941
125,241,1325
125,243,1280
125,244,1460
125,246,994
125,247,1277
125,249,1282
125,250,1420
125,251,908
125,253,1293
125,254,1311
125,256,1383
125,257,958
125,259,1392
125,260,1285
125,261,1444
125,263,938
125,264,1285
125,266,1383
125,267,1436
125,268,988
125,270,1359
125,271,1409
125,273,1341
125,274,969
125,276,1293
125,277,1335
125,278,1470
125,280,998
125,281,1386
125,283,1362
125,284,1458
125,286,979
125,287,1358
125,288,1292
125,290,1442
125,291,941
125,293,1377
125,294,1263
125,295,1433
125,297,1008
125,298,1329
125,300,1364
125,301,1433
125,303,929
125,304,1361
125,305,1286
125,307,1406
125,308,939
125,310,1325
125,311,1198
125,313,1421
125,314,941
125,315,1437
125,317,1270
125,318,1432
125,320,954
125,321,1274
125,322,1221
125,324,1384
125,325,886
125,327,1231
125,328,1132
125,330,1354
125,331,789
125,332,1259
125,334,1094
125,335,1340
125,337,852
125,338,1255
125,339,1003
125,341,1258
125,342,703
125,344,1073
125,345,915
125,347,1148
125,348,669
125,349,1068
125,351,773
125,352,1142
125,354,592
125,355,1029
125,357,718
125,358,924
125,359,442
125,361,809
125,362,528
125,364,919
125,365,255
125,366,552
125,367,1035
126,10,236
126,11,173
126,13,273
126,14,242
126,16,240
126,17,231
126,18,290
126,20,201
126,21,299
126,23,247
126,24,357
126,26,273
126,27,341
126,28,264
126,30,377
126,31,292
126,33,423
126,34,315
126,36,426
126,37,351
126,38,428
126,40,327
126,41,435
126,43,381
126,44,467
126,45,390
126,47,497
126,48,400
126,50,508
126,51,364
126,53,480
126,54,419
126,55,533
126,57,436
126,58,441
126,60,450
126,61,530
126,63,505
126,64,507
126,65,496
126,67,590
126,68,484
126,70,538
126,71,508
126,72,572
126,74,484
126,75,529
126,77,552
126,78,546
126,80,512
126,81,534
126,82,542
126,84,591
126,85,529
126,87,535
126,88,603
126,89,599
126,91,655
126,92,552
126,94,604
126,95,628
126,97,608
126,98,538
126,99,628
126,101,606
126,102,659
126,104,525
126,105,634
126,107,633
126,108,683
126,109,530
126,111,645
126,112,634
126,114,777
126,115,539
126,116,669
126,118,658
126,119,828
126,121,547
126,122,681
126,124,620
126,125,840
126,126,572
126,128,729
126,129,654
126,131,866
126,132,569
126,134,735
126,135,652
126,136,902
126,138,553
126,139,827
126,141,672
126,142,1000
126,143,589
126,145,842
126,146,695
126,148,971
126,149,543
126,151,914
126,152,694
126,153,969
126,155,542
126,156,821
126,158,699
126,159,923
126,161,554
126,162,1013
126,163,749
126,165,1080
126,166,604
126,168,945
126,169,745
126,170,1012
126,172,595
126,173,1002
126,175,771
126,176,1101
126,178,564
126,179,938
126,180,732
126,182,1070
126,183,621
126,185,1075
126,186,753
126,188,1086
126,189,620
126,190,1018
126,192,766
126,193,1106
126,195,577
126,196,1027
126,197,828
126,199,1149
126,200,592
126,202,1013
126,203,722
126,205,1109
126,206,588
126,207,1098
126,209,812
126,210,1147
126,212,624
126,213,1097
126,214,745
126,216,1108
126,217,625
126,219,1137
126,220,812
126,222,1196
126,223,606
126,224,1059
126,226,775
126,227,1120
126,229,609
126,230,1092
126,232,867
126,233,1169
126,234,671
126,236,1072
126,237,796
126,239,1141
126,240,634
126,241,1081
126,243,827
126,244,1159
126,246,640
126,247,1120
126,249,775
126,250,1141
126,251,678
126,253,1078
126,254,821
126,256,1174
126,257,649
126,259,1027
126,260,832
126,261,1116
126,263,609
126,264,1096
126,266,798
126,267,1077
126,268,711
126,270,1027
126,271,792
126,273,1086
126,274,673
126,276,1009
126,277,809
126,278,1045
126,280,709
126,281,1058
126,283,854
126,284,1093
126,286,719
126,287,948
126,288,810
126,290,989
126,291,749
126,293,983
126,294,859
126,295,1006
126,297,704
126,298,971
126,300,786
126,301,995
126,303,706
126,304,956
126,305,786
126,307,975
126,308,667
126,310,897
126,311,797
126,313,956
126,314,687
126,315,885
126,317,742
126,318,911
126,320,686
126,321,868
126,322,708
126,324,828
126,325,635
126,327,847
126,328,670
126,330,817
126,331,622
126,332,742
126,334,671
126,335,773
126,337,622
126,338,749
126,339,601
126,341,691
126,342,521
126,344,677
126,345,549
126,347,617
126,348,512
126,349,582
126,351,498
126,352,545
126,354,406
126,355,501
126,357,396
126,358,492
126,359,302
126,361,410
126,362,316
126,364,425
126,365,163
126,366,292
126,367,707
128,10,158
128,11,185
128,13,218
128,14,338
128,16,202
128,17,288
128,18,218
128,20,273
128,21,237
128,23,288
128,24,237
128,26,349
128,27,264
128,28,336
128,30,278
128,31,337
128,33,312
128,34,346
128,36,326
128,37,477
128,38,294
128,40,416
128,41,354
128,43,490
128,44,359
128,45,491
128,47,380
128,48,561
128,50,406
128,51,547
128,53,369
128,54,568
128,55,433
128,57,533
128,58,375
128,60,598
128,61,444
128,63,582
128,64,444
128,65,546
128,67,444
128,68,584
128,70,469
128,71,673
128,72,471
128,74,579
128,75,449
128,77,619
128,78,469
128,80,691
128,81,491
128,82,670
128,84,495
128,85,631
128,87,450
128,88,661
128,89,503
128,91,765
128,92,476
128,94,712
128,95,543
128,97,704
128,98,492
128,99,757
128,101,510
128,102,801
128,104,511
128,105,728
128,107,536
128,108,665
128,109,491
128,111,725
128,112,530
128,114,893
128,115,549
128,116,810
128,118,597
128,119,922
128,121,538
128,122,722
128,124,593
128,125,973
128,126,519
128,128,765
128,129,662
128,131,989
128,132,490
128,134,753
128,135,599
128,136,960
128,138,615
128,139,845
128,141,675
128,142,1048
128,143,614
128,145,798
128,146,700
128,148,1016
128,149,584
128,151,865
128,152,748
128,153,1099
128,155,570
128,156,810
128,158,770
128,159,1116
128,161,655
128,162,930
128,163,845
128,165,1184
128,166,618
128,168,948
128,169,802
128,170,1202
128,172,754
128,173,1043
128,175,841
128,176,1268
128,178,703
128,179,934
128,180,926
128,182,1213
128,183,762
128,185,1066
128,186,919
128,188,1324
128,189,756
128,190,963
128,192,928
128,193,1268
128,195,759
128,196,1018
128,197,987
128,199,1357
128,200,763
128,202,981
128,203,910
128,205,1292
128,206,750
128,207,1109
128,209,999
128,210,1320
128,212,805
128,213,1001
128,214,1010
128,216,1350
128,217,830
128,219,1116
128,220,1039
128,222,1352
128,223,832
128,224,1017
128,226,1012
128,227,1329
128,229,891
128,230,1123
128,232,1069
128,233,1394
128,234,851
128,236,995
128,237,1045
128,239,1364
128,240,911
128,241,1138
128,243,1055
128,244,1296
128,246,874
128,247,1133
128,249,1046
128,250,1327
128,251,827
128,253,1096
128,254,1050
128,256,1311
128,257,936
128,259,1056
128,260,1040
128,261,1342
128,263,997
128,264,1094
128,266,1059
128,267,1296
128,268,942
128,270,1124
128,271,1016
128,273,1328
128,274,965
128,276,1026
128,277,966
128,278,1265
128,280,997
128,281,1072
128,283,959
128,284,1303
128,286,930
128,287,1021
128,288,979
128,290,1287
128,291,979
128,293,1133
128,294,973
128,295,1249
128,297,969
128,298,1035
128,300,851
128,301,1186
128,303,887
128,304,1054
128,305,899
128,307,1254
128,308,976
128,310,1008
128,311,818
128,313,1143
128,314,876
128,315,1086
128,317,858
128,318,1208
128,320,941
128,321,1040
128,322,774
128,324,1051
128,325,826
128,327,992
128,328,709
128,330,997
128,331,816
128,332,895
128,334,661
128,335,937
128,337,738
128,338,891
128,339,629
128,341,917
128,342,634
128,344,776
128,345,503
128,347,740
128,348,623
128,349,753
128,351,488
128,352,770
128,354,519
128,355,600
128,357,355
128,358,545
128,359,374
128,361,445
128,362,296
128,364,505
128,365,183
128,366,274
128,367,498
129,10,223
129,11,135
129,13,290
129,14,269
129,16,276
129,17,221
129,18,295
129,20,232
129,21,321
129,23,255
129,24,400
129,26,259
129,27,348
129,28,260
129,30,454
129,31,322
129,33,411
129,34,331
129,36,459
129,37,385
129,38,369
129,40,323
129,41,479
129,43,371
129,44,453
129,45,353
129,47,482
129,48,417
129,50,454
129,51,419
129,53,544
129,54,442
129,55,573
129,57,483
129,58,557
129,60,448
129,61,507
129,63,461
129,64,540
129,65,531
129,67,549
129,68,507
129,70,569
129,71,588
129,72,553
129,74,491
129,75,593
129,77,536
129,78,563
129,80,599
129,81,588
129,82,583
129,84,572
129,85,565
129,87,582
129,88,590
129,89,678
129,91,642
129,92,567
129,94,574
129,95,627
129,97,606
129,98,602
129,99,564
129,101,696
129,102,719
129,104,558
129,105,683
129,107,637
129,108,667
129,109,620
129,111,662
129,112,716
129,114,749
129,115,588
129,116,776
129,118,677
129,119,835
129,121,589
129,122,739
129,124,751
129,125,907
129,126,616
129,128,780
129,129,721
129,131,945
129,132,635
129,134,792
129,135,741
129,136,948
129,138,652
129,139,901
129,141,742
129,142,996
129,143,752
129,145,839
129,146,779
129,148,1032
129,149,697
129,151,961
129,152,766
129,153,1055
129,155,680
129,156,931
129,158,832
129,159,1065
129,161,704
129,162,979
129,163,871
129,165,1302
129,166,688
129,168,1059
129,169,855
129,170,1164
129,172,753
129,173,1135
129,175,886
129,176,1300
129,178,729
129,179,1110
129,180,881
129,182,1252
129,183,772
129,185,1145
129,186,840
129,188,1322
129,189,803
129,190,1138
129,192,981
129,193,1291
129,195,832
129,196,1206
129,197,971
129,199,1405
129,200,741
129,202,1185
129,203,948
129,205,1357
129,206,773
129,207,1235
129,209,982
129,210,1479
129,212,779
129,213,1190
129,214,997
129,216,1382
129,217,779
129,219,1342
129,220,996
129,222,1419
129,223,825
129,224,1240
129,226,1010
129,227,1373
129,229,745
129,230,1264
129,232,956
129,233,1444
129,234,782
129,236,1267
129,237,963
129,239,1394
129,240,832
129,241,1213
129,243,1012
129,244,1495
129,246,819
129,247,1249
129,249,1007
129,250,1419
129,251,872
129,253,1164
129,254,996
129,256,1474
129,257,801
129,259,1153
129,260,1029
129,261,1441
129,263,850
129,264,1203
129,266,1004
129,267,1363
129,268,866
129,270,1165
129,271,1029
129,273,1347
129,274,859
129,276,1162
129,277,866
129,278,1392
129,280,905
129,281,1142
129,283,983
129,284,1418
129,286,865
129,287,1170
129,288,951
129,290,1320
129,291,827
129,293,1096
129,294,982
129,295,1425
129,297,939
129,298,1024
129,300,883
129,301,1260
129,303,927
129,304,1119
129,305,949
129,307,1255
129,308,900
129,310,1084
129,311,857
129,313,1235
129,314,859
129,315,1104
129,317,903
129,318,1135
129,320,901
129,321,1033
129,322,823
129,324,1068
129,325,802
129,327,1004
129,328,831
129,330,1065
129,331,818
129,332,942
129,334,702
129,335,885
129,337,772
129,338,946
129,339,713
129,341,930
129,342,687
129,344,774
129,345,635
129,347,738
129,348,581
129,349,724
129,351,578
129,352,748
129,354,509
129,355,600
129,357,571
129,358,602
129,359,366
129,361,476
129,362,388
129,364,442
129,365,208
129,366,276
129,367,634
131,10,326
131,11,275
131,13,279
131,14,444
131,16,371
131,17,334
131,18,277
131,20,403
131,21,430
131,23,438
131,24,359
131,26,442
131,27,446
131,28,477
131,30,443
131,31,590
131,33,569
131,34,578
131,36,474
131,37,587
131,38,551
131,40,527
131,41,489
131,43,651
131,44,616
131,45,708
131,47,491
131,48,685
131,50,623
131,51,623
131,53,548
131,54,778
131,55,744
131,57,749
131,58,532
131,60,777
131,61,713
131,63,726
131,64,629
131,65,805
131,67,830
131,68,864
131,70,596
131,71,819
131,72,740
131,74,758
131,75,581
131,77,830
131,78,890
131,80,951
131,81,604
131,82,890
131,84,782
131,85,831
131,87,635
131,88,875
131,89,904
131,91,1030
131,92,626
131,94,885
131,95,842
131,97,916
131,98,646
131,99,941
131,101,932
131,102,1016
131,104,658
131,105,937
131,107,810
131,108,1048
131,109,618
131,111,891
131,112,907
131,114,1107
131,115,665
131,116,931
131,118,827
131,119,1141
131,121,623
131,122,969
131,124,926
131,125,1168
131,126,673
131,128,946
131,129,810
131,131,1112
131,132,732
131,134,1023
131,135,972
131,136,1188
131,138,756
131,139,1029
131,141,971
131,142,1221
131,143,717
131,145,1117
131,146,1049
131,148,1251
131,149,762
131,151,1066
131,152,995
131,153,1268
131,155,808
131,156,1077
131,158,1101
131,159,1352
131,161,773
131,162,1144
131,163,1062
131,165,1304
131,166,731
131,168,1218
131,169,1120
131,170,1221
131,172,847
131,173,1201
131,175,1103
131,176,1362
131,178,837
131,179,1239
131,180,1253
131,182,1282
131,183,859
131,185,1266
131,186,1174
131,188,1245
131,189,910
131,190,1327
131,192,1328
131,193,1394
131,195,836
131,196,1355
131,197,1175
131,199,1387
131,200,908
131,202,1295
131,203,1365
131,205,1417
131,206,907
131,207,1359
131,209,1210
131,210,1380
131,212,977
131,213,1372
131,214,1393
131,216,1390
131,217,961
131,219,1405
131,220,1302
131,222,1436
131,223,987
131,224,1432
131,226,1406
131,227,1479
131,229,964
131,230,1372
131,232,1333
131,233,1405
131,234,992
131,236,1448
131,237,1391
131,239,1397
131,240,990
131,241,1347
131,243,1416
131,244,1511
131,246,1024
131,247,1464
131,249,1499
131,250,1507
131,251,1003
131,253,1371
131,254,1305
131,256,1455
131,257,1002
131,259,1417
131,260,1430
131,261,1413
131,263,1051
131,264,1438
131,266,1340
131,267,1438
131,268,945
131,270,1418
131,271,1519
131,273,1578
131,274,954
131,276,1338
131,277,1327
131,278,1454
131,280,979
131,281,1373
131,283,1353
131,284,1507
131,286,967
131,287,1333
131,288,1339
131,290,1390
131,291,1018
131,293,1349
131,294,1398
131,295,1507
131,297,950
131,298,1296
131,300,1299
131,301,1391
131,303,978
131,304,1378
131,305,1304
131,307,1498
131,308,980
131,310,1318
131,311,1266
131,313,1366
131,314,960
131,315,1332
131,317,1331
131,318,1461
131,320,952
131,321,1317
131,322,1118
131,324,1292
131,325,878
131,327,1342
131,328,1126
131,330,1342
131,331,818
131,332,1165
131,334,1059
131,335,1244
131,337,860
131,338,1253
131,339,1059
131,341,1172
131,342,756
131,344,1108
131,345,856
131,347,1118
131,348,702
131,349,1115
131,351,832
131,352,987
131,354,586
131,355,976
131,357,759
131,358,884
131,359,435
131,361,774
131,362,562
131,364,800
131,365,287
131,366,519
131,367,864
132,10,272
132,11,190
132,13,309
132,14,254
132,16,271
132,17,253
132,18,312
132,20,264
132,21,331
132,23,314
132,24,389
132,26,314
132,27,396
132,28,284
132,30,427
132,31,391
132,33,434
132,34,375
132,36,446
132,37,374
132,38,457
132,40,360
132,41,419
132,43,408
132,44,479
132,45,395
132,47,449
132,48,429
132,50,506
132,51,372
132,53,451
132,54,454
132,55,578
132,57,446
132,58,480
132,60,476
132,61,546
132,63,441
132,64,524
132,65,522
132,67,570
132,68,530
132,70,522
132,71,512
132,72,549
132,74,490
132,75,522
132,77,580
132,78,612
132,80,585
132,81,529
132,82,561
132,84,633
132,85,564
132,87,559
132,88,598
132,89,656
132,91,612
132,92,552
132,94,610
132,95,575
132,97,630
132,98,561
132,99,589
132,101,667
132,102,742
132,104,537
132,105,624
132,107,602
132,108,684
132,109,507
132,111,636
132,112,670
132,114,815
132,115,545
132,116,688
132,118,625
132,119,787
132,121,589
132,122,747
132,124,647
132,125,896
132,126,555
132,128,726
132,129,647
132,131,899
132,132,550
132,134,781
132,135,693
132,136,889
132,138,562
132,139,814
132,141,658
132,142,976
132,143,610
132,145,811
132,146,701
132,148,970
132,149,601
132,151,859
132,152,707
132,153,1000
132,155,627
132,156,936
132,158,723
132,159,978
132,161,592
132,162,946
132,163,731
132,165,1100
132,166,645
132,168,1009
132,169,750
132,170,1112
132,172,640
132,173,962
132,175,741
132,176,1117
132,178,616
132,179,1000
132,180,756
132,182,1087
132,183,596
132,185,1024
132,186,760
132,188,1128
132,189,631
132,190,1061
132,192,739
132,193,1100
132,195,615
132,196,1111
132,197,729
132,199,1144
132,200,621
132,202,1081
132,203,794
132,205,1118
132,206,629
132,207,1093
132,209,727
132,210,1144
132,212,686
132,213,1053
132,214,792
132,216,1154
132,217,634
132,219,1144
132,220,819
132,222,1202
132,223,637
132,224,1028
132,226,888
132,227,1171
132,229,672
132,230,1124
132,232,849
132,233,1170
132,234,694
132,236,1131
132,237,817
132,239,1210
132,240,651
132,241,1164
132,243,875
132,244,1233
132,246,699
132,247,1133
132,249,852
132,250,1176
132,251,653
132,253,1113
132,254,796
132,256,1191
132,257,694
132,259,1066
132,260,830
132,261,1203
132,263,675
132,264,1027
132,266,864
132,267,1025
132,268,721
132,270,1048
132,271,862
132,273,1050
132,274,718
132,276,1007
132,277,821
132,278,1097
132,280,681
132,281,1057
132,283,860
132,284,1077
132,286,728
132,287,934
132,288,777
132,290,1031
132,291,743
132,293,1002
132,294,857
132,295,1078
132,297,727
132,298,951
132,300,792
132,301,954
132,303,711
132,304,911
132,305,794
132,307,976
132,308,733
132,310,935
132,311,778
132,313,962
132,314,708
132,315,951
132,317,754
132,318,915
132,320,700
132,321,871
132,322,724
132,324,849
132,325,672
132,327,914
132,328,737
132,330,827
132,331,662
132,332,786
132,334,661
132,335,763
132,337,671
132,338,760
132,339,646
132,341,779
132,342,589
132,344,714
132,345,570
132,347,683
132,348,548
132,349,633
132,351,539
132,352,599
132,354,481
132,355,547
132,357,475
132,358,503
132,359,354
132,361,443
132,362,390
132,364,441
132,365,182
132,366,301
132,367,777
134,10,166
134,11,241
134,13,232
134,14,343
134,16,198
134,17,288
134,18,235
134,20,326
134,21,232
134,23,318
134,24,264
134,26,408
134,27,290
134,28,379
134,30,284
134,31,378
134,33,319
134,34,427
134,36,365
134,37,502
134,38,307
134,40,409
134,41,342
134,43,482
134,44,412
134,45,492
134,47,380
134,48,556
134,50,414
134,51,490
134,53,388
134,54,636
134,55,464
134,57,541
134,58,433
134,60,629
134,61,422
134,63,615
134,64,397
134,65,623
134,67,479
134,68,556
134,70,467
134,71,659
134,72,468
134,74,626
134,75,467
134,77,729
134,78,565
134,80,692
134,81,483
134,82,687
134,84,484
134,85,719
134,87,497
134,88,726
134,89,520
134,91,729
134,92,481
134,94,722
134,95,505
134,97,744
134,98,514
134,99,748
134,101,554
134,102,809
134,104,523
134,105,699
134,107,531
134,108,768
134,109,523
134,111,738
134,112,630
134,114,900
134,115,547
134,116,794
134,118,594
134,119,899
134,121,620
134,122,814
134,124,651
134,125,921
134,126,571
134,128,815
134,129,632
134,131,933
134,132,590
134,134,780
134,135,656
134,136,1016
134,138,587
134,139,821
134,141,672
134,142,1031
134,143,630
134,145,872
134,146,782
134,148,1098
134,149,625
134,151,855
134,152,699
134,153,1107
134,155,668
134,156,888
134,158,750
134,159,1161
134,161,677
134,162,924
134,163,788
134,165,1153
134,166,672
134,168,916
134,169,847
134,170,1151
134,172,687
134,173,962
134,175,832
134,176,1238
134,178,728
134,179,1018
134,180,914
134,182,1303
134,183,743
134,185,972
134,186,881
134,188,1281
134,189,782
134,190,986
134,192,993
134,193,1362
134,195,788
134,196,1025
134,197,927
134,199,1351
134,200,822
134,202,1030
134,203,1037
134,205,1427
134,206,857
134,207,1099
134,209,998
134,210,1341
134,212,806
134,213,1075
134,214,1019
134,216,1422
134,217,799
134,219,1085
134,220,1074
134,222,1415
134,223,900
134,224,1102
134,226,1136
134,227,1391
134,229,872
134,230,1099
134,232,1047
134,233,1327
134,234,937
134,236,1120
134,237,1019
134,239,1420
134,240,847
134,241,1086
134,243,993
134,244,1343
134,246,959
134,247,1153
134,249,1074
134,250,1366
134,251,962
134,253,1083
134,254,1079
134,256,1322
134,257,912
134,259,1082
134,260,1120
134,261,1345
134,263,1002
134,264,1066
134,266,1038
134,267,1419
134,268,983
134,270,1119
134,271,1104
134,273,1462
134,274,987
134,276,1149
134,277,1005
134,278,1383
134,280,957
134,281,1142
134,283,1011
134,284,1299
134,286,934
134,287,1062
134,288,1001
134,290,1318
134,291,1026
134,293,1125
134,294,937
134,295,1306
134,297,974
134,298,1075
134,300,962
134,301,1251
134,303,1063
134,304,1040
134,305,883
134,307,1241
134,308,982
134,310,1097
134,311,847
134,313,1199
134,314,945
134,315,1086
134,317,862
134,318,1207
134,320,963
134,321,1060
134,322,834
134,324,1125
134,325,895
134,327,1033
134,328,668
134,330,1050
134,331,859
134,332,913
134,334,679
134,335,971
134,337,848
134,338,958
134,339,696
134,341,935
134,342,732
134,344,876
134,345,566
134,347,805
134,348,638
134,349,838
134,351,502
134,352,780
134,354,592
134,355,707
134,357,449
134,358,601
134,359,439
134,361,528
134,362,323
134,364,515
134,365,220
134,366,305
134,367,611
135,10,252
135,11,171
135,13,339
135,14,261
135,16,326
135,17,288
135,18,309
135,20,256
135,21,352
135,23,261
135,24,446
135,26,287
135,27,380
135,28,295
135,30,489
135,31,359
135,33,426
135,34,331
135,36,522
135,37,388
135,38,420
135,40,354
135,41,491
135,43,418
135,44,494
135,45,448
135,47,557
135,48,457
135,50,529
135,51,442
135,53,540
135,54,470
135,55,558
135,57,451
135,58,566
135,60,467
135,61,548
135,63,462
135,64,606
135,65,510
135,67,562
135,68,535
135,70,623
135,71,547
135,72,558
135,74,538
135,75,635
135,77,569
135,78,588
135,80,583
135,81,624
135,82,630
135,84,634
135,85,566
135,87,640
135,88,622
135,89,644
135,91,668
135,92,589
135,94,676
135,95,645
135,97,681
135,98,640
135,99,710
135,101,644
135,102,679
135,104,559
135,105,676
135,107,670
135,108,709
135,109,606
135,111,704
135,112,677
135,114,777
135,115,669
135,116,747
135,118,735
135,119,855
135,121,656
135,122,819
135,124,716
135,125,881
135,126,699
135,128,800
135,129,748
135,131,885
135,132,686
135,134,860
135,135,768
135,136,950
135,138,703
135,139,906
135,141,770
135,142,1013
135,143,706
135,145,934
135,146,821
135,148,1074
135,149,713
135,151,975
135,152,810
135,153,1114
135,155,698
135,156,981
135,158,808
135,159,1113
135,161,741
135,162,1023
135,163,853
135,165,1154
135,166,744
135,168,1040
135,169,836
135,170,1189
135,172,739
135,173,1169
135,175,927
135,176,1225
135,178,780
135,179,1149
135,180,904
135,182,1243
135,183,754
135,185,1198
135,186,921
135,188,1343
135,189,780
135,190,1121
135,192,953
135,193,1291
135,195,763
135,196,1202
135,197,995
135,199,1364
135,200,814
135,202,1263
135,203,1017
135,205,1379
135,206,787
135,207,1231
135,209,962
135,210,1348
135,212,795
135,213,1272
135,214,937
135,216,1369
135,217,864
135,219,1236
135,220,936
135,222,1416
135,223,846
135,224,1283
135,226,972
135,227,1420
135,229,825
135,230,1285
135,232,1009
135,233,1378
135,234,822
135,236,1235
135,237,1012
135,239,1390
135,240,855
135,241,1277
135,243,963
135,244,1446
135,246,856
135,247,1203
135,249,919
135,250,1414
135,251,808
135,253,1179
135,254,960
135,256,1425
135,257,845
135,259,1197
135,260,973
135,261,1392
135,263,808
135,264,1147
135,266,1002
135,267,1391
135,268,916
135,270,1198
135,271,933
135,273,1336
135,274,879
135,276,1153
135,277,959
135,278,1387
135,280,888
135,281,1162
135,283,947
135,284,1338
135,286,911
135,287,1180
135,288,982
135,290,1371
135,291,948
135,293,1132
135,294,884
135,295,1318
135,297,871
135,298,1155
135,300,995
135,301,1295
135,303,918
135,304,1094
135,305,858
135,307,1224
135,308,875
135,310,1093
135,311,881
135,313,1245
135,314,925
135,315,1074
135,317,835
135,318,1188
135,320,915
135,321,1065
135,322,901
135,324,1088
135,325,898
135,327,972
135,328,794
135,330,1004
135,331,816
135,332,981
135,334,815
135,335,941
135,337,781
135,338,956
135,339,721
135,341,907
135,342,742
135,344,875
135,345,756
135,347,842
135,348,669
135,349,739
135,351,590
135,352,741
135,354,601
135,355,672
135,357,624
135,358,616
135,359,401
135,361,486
135,362,422
135,364,456
135,365,229
135,366,349
135,367,765
136,10,392
136,11,332
136,13,282
136,14,551
136,16,425
136,17,437
136,18,358
136,20,460
136,21,508
136,23,552
136,24,418
136,26,577
136,27,552
136,28,545
136,30,446
136,31,612
136,33,644
136,34,656
136,36,504
136,37,718
136,38,582
136,40,606
136,41,527
136,43,745
136,44,663
136,45,763
136,47,570
136,48,792
136,50,753
136,51,718
136,53,536
136,54,798
136,55,738
136,57,836
136,58,567
136,60,886
136,61,751
136,63,795
136,64,586
136,65,868
136,67,862
136,68,918
136,70,646
136,71,886
136,72,885
136,74,905
136,75,638
136,77,922
136,78,895
136,80,927
136,81,636
136,82,915
136,84,908
136,85,981
136,87,640
136,88,996
136,89,939
136,91,1060
136,92,684
136,94,950
136,95,868
136,97,986
136,98,727
136,99,1006
136,101,847
136,102,1078
136,104,632
136,105,1023
136,107,856
136,108,1003
136,109,667
136,111,1001
136,112,885
136,114,1164
136,115,682
136,116,996
136,118,949
136,119,1218
136,121,727
136,122,1051
136,124,947
136,125,1154
136,126,707
136,128,1032
136,129,979
136,131,1144
136,132,760
136,134,1040
136,135,949
136,136,1253
136,138,817
136,139,1112
136,141,1031
136,142,1318
136,143,831
136,145,1149
136,146,1033
136,148,1300
136,149,814
136,151,1154
136,152,995
136,153,1238
136,155,819
136,156,1259
136,158,1073
136,159,1276
136,161,884
136,162,1264
136,163,1148
136,165,1418
136,166,834
136,168,1193
136,169,1170
136,170,1331
136,172,912
136,173,1330
136,175,1191
136,176,1385
136,178,904
136,179,1322
136,180,1220
136,182,1380
136,183,918
136,185,1346
136,186,1233
136,188,1424
136,189,934
136,190,1359
136,192,1211
136,193,1361
136,195,913
136,196,1389
136,197,1235
136,199,1437
136,200,944
136,202,1345
136,203,1291
136,205,1400
136,206,991
136,207,1432
136,209,1339
136,210,1470
136,212,989
136,213,1442
136,214,1386
136,216,1441
136,217,946
136,219,1496
136,220,1364
136,222,1488
136,223,1010
136,224,1424
136,226,1334
136,227,1406
136,229,1001
136,230,1378
136,232,1356
136,233,1417
136,234,1070
136,236,1390
136,237,1337
136,239,1432
136,240,984
136,241,1378
136,243,1399
136,244,1574
136,246,1060
136,247,1455
136,249,1393
136,250,1525
136,251,1015
136,253,1369
136,254,1372
136,256,1410
136,257,1029
136,259,1404
136,260,1337
136,261,1441
136,263,995
136,264,1406
136,266,1363
136,267,1495
136,268,1053
136,270,1383
136,271,1364
136,273,1503
136,274,1005
136,276,1403
136,277,1356
136,278,1481
136,280,1018
136,281,1397
136,283,1364
136,284,1491
136,286,934
136,287,1353
136,288,1437
136,290,1552
136,291,1054
136,293,1436
136,294,1368
136,295,1506
136,297,941
136,298,1365
136,300,1313
136,301,1582
136,303,1031
136,304,1374
136,305,1314
136,307,1499
136,308,977
136,310,1355
136,311,1279
136,313,1445
136,314,1008
136,315,1424
136,317,1292
136,318,1410
136,320,935
136,321,1362
136,322,1204
136,324,1422
136,325,952
136,327,1338
136,328,1165
136,330,1392
136,331,886
136,332,1271
136,334,1067
136,335,1414
136,337,826
136,338,1345
136,339,1025
136,341,1374
136,342,798
136,344,1129
136,345,977
136,347,1275
136,348,732
136,349,1193
136,351,829
136,352,1156
136,354,655
136,355,1052
136,357,798
136,358,1004
136,359,497
136,361,912
136,362,665
136,364,958
136,365,322
136,366,719
136,367,1197
138,10,300
138,11,172
138,13,336
138,14,288
138,16,319
138,17,285
138,18,356
138,20,257
138,21,362
138,23,311
138,24,401
138,26,347
138,27,415
138,28,303
138,30,453
138,31,393
138,33,437
138,34,371
138,36,470
138,37,376
138,38,504
138,40,361
138,41,436
138,43,385
138,44,551
138,45,422
138,47,510
138,48,496
138,50,486
138,51,428
138,53,524
138,54,459
138,55,578
138,57,500
138,58,536
138,60,567
138,61,604
138,63,447
138,64,519
138,65,518
138,67,653
138,68,534
138,70,582
138,71,625
138,72,649
138,74,548
138,75,554
138,77,576
138,78,602
138,80,566
138,81,575
138,82,677
138,84,635
138,85,565
138,87,615
138,88,604
138,89,658
138,91,707
138,92,513
138,94,704
138,95,621
138,97,683
138,98,595
138,99,645
138,101,686
138,102,742
138,104,562
138,105,681
138,107,703
138,108,758
138,109,622
138,111,684
138,112,664
138,114,858
138,115,653
138,116,789
138,118,678
138,119,883
138,121,671
138,122,759
138,124,680
138,125,922
138,126,576
138,128,845
138,129,717
138,131,959
138,132,626
138,134,852
138,135,716
138,136,953
138,138,644
138,139,907
138,141,772
138,142,1030
138,143,685
138,145,964
138,146,736
138,148,1048
138,149,670
138,151,984
138,152,756
138,153,1128
138,155,687
138,156,983
138,158,784
138,159,1132
138,161,663
138,162,1025
138,163,813
138,165,1162
138,166,716
138,168,983
138,169,782
138,170,1138
138,172,651
138,173,1130
138,175,772
138,176,1239
138,178,685
138,179,1063
138,180,872
138,182,1102
138,183,681
138,185,1264
138,186,872
138,188,1236
138,189,721
138,190,1068
138,192,804
138,193,1197
138,195,687
138,196,1154
138,197,816
138,199,1270
138,200,666
138,202,1168
138,203,802
138,205,1196
138,206,727
138,207,1249
138,209,914
138,210,1318
138,212,696
138,213,1163
138,214,869
138,216,1194
138,217,657
138,219,1237
138,220,868
138,222,1263
138,223,665
138,224,1200
138,226,869
138,227,1195
138,229,708
138,230,1228
138,232,886
138,233,1264
138,234,725
138,236,1145
138,237,886
138,239,1192
138,240,686
138,241,1203
138,243,904
138,244,1214
138,246,760
138,247,1098
138,249,912
138,250,1158
138,251,700
138,253,1094
138,254,912
138,256,1245
138,257,698
138,259,1108
138,260,810
138,261,1110
138,263,690
138,264,1045
138,266,888
138,267,1174
138,268,703
138,270,1090
138,271,877
138,273,1086
138,274,674
138,276,959
138,277,820
138,278,1157
138,280,718
138,281,1066
138,283,838
138,284,1047
138,286,710
138,287,987
138,288,828
138,290,1133
138,291,697
138,293,1009
138,294,835
138,295,1066
138,297,753
138,298,998
138,300,794
138,301,968
138,303,761
138,304,932
138,305,703
138,307,1022
138,308,703
138,310,884
138,311,765
138,313,938
138,314,757
138,315,905
138,317,736
138,318,893
138,320,701
138,321,852
138,322,747
138,324,810
138,325,680
138,327,834
138,328,692
138,330,827
138,331,636
138,332,779
138,334,658
138,335,774
138,337,670
138,338,796
138,339,645
138,341,748
138,342,575
138,344,682
138,345,617
138,347,601
138,348,591
138,349,630
138,351,454
138,352,576
138,354,490
138,355,556
138,357,493
138,358,523
138,359,351
138,361,470
138,362,378
138,364,455
138,365,199
138,366,296
138,367,816
139,10,186
139,11,250
139,13,257
139,14,507
139,16,262
139,17,364
139,18,247
139,20,354
139,21,297
139,23,359
139,24,297
139,26,450
139,27,314
139,28,412
139,30,359
139,31,505
139,33,328
139,34,484
139,36,370
139,37,526
139,38,365
139,40,478
139,41,383
139,43,597
139,44,419
139,45,590
139,47,439
139,48,632
139,50,395
139,51,598
139,53,469
139,54,705
139,55,466
139,57,646
139,58,514
139,60,710
139,61,498
139,63,641
139,64,476
139,65,646
139,67,552
139,68,682
139,70,513
139,71,731
139,72,555
139,74,690
139,75,539
139,77,747
139,78,551
139,80,709
139,81,530
139,82,783
139,84,529
139,85,714
139,87,532
139,88,781
139,89,598
139,91,798
139,92,545
139,94,766
139,95,602
139,97,810
139,98,574
139,99,778
139,101,575
139,102,797
139,104,556
139,105,825
139,107,568
139,108,795
139,109,565
139,111,780
139,112,605
139,114,1024
139,115,571
139,116,839
139,118,651
139,119,989
139,121,623
139,122,862
139,124,691
139,125,1047
139,126,599
139,128,884
139,129,702
139,131,1047
139,132,632
139,134,847
139,135,705
139,136,1062
139,138,718
139,139,962
139,141,760
139,142,1152
139,143,707
139,145,914
139,146,758
139,148,1126
139,149,699
139,151,969
139,152,815
139,153,1210
139,155,668
139,156,994
139,158,873
139,159,1295
139,161,769
139,162,1061
139,163,962
139,165,1330
139,166,773
139,168,984
139,169,882
139,170,1275
139,172,789
139,173,1115
139,175,959
139,176,1359
139,178,781
139,179,1048
139,180,951
139,182,1337
139,183,807
139,185,1147
139,186,1105
139,188,1444
139,189,830
139,190,1075
139,192,1009
139,193,1457
139,195,854
139,196,1183
139,197,1083
139,199,1411
139,200,914
139,202,1155
139,203,1053
139,205,1386
139,206,925
139,207,1241
139,209,1181
139,210,1445
139,212,848
139,213,1185
139,214,1157
139,216,1358
139,217,899
139,219,1221
139,220,1183
139,222,1488
139,223,919
139,224,1181
139,226,1070
139,227,1433
139,229,899
139,230,1303
139,232,1165
139,233,1464
139,234,947
139,236,1116
139,237,1073
139,239,1477
139,240,952
139,241,1136
139,243,1099
139,244,1456
139,246,927
139,247,1090
139,249,1131
139,250,1346
139,251,941
139,253,1123
139,254,1136
139,256,1360
139,257,918
139,259,1187
139,260,1112
139,261,1392
139,263,995
139,264,1138
139,266,1089
139,267,1448
139,268,982
139,270,1142
139,271,1094
139,273,1400
139,274,969
139,276,1101
139,277,1090
139,278,1370
139,280,962
139,281,1201
139,283,1058
139,284,1329
139,286,999
139,287,1113
139,288,1038
139,290,1348
139,291,953
139,293,1098
139,294,1041
139,295,1326
139,297,973
139,298,1115
139,300,920
139,301,1263
139,303,918
139,304,1101
139,305,895
139,307,1267
139,308,935
139,310,1062
139,311,848
139,313,1213
139,314,972
139,315,1107
139,317,911
139,318,1215
139,320,929
139,321,1132
139,322,772
139,324,1155
139,325,878
139,327,1076
139,328,727
139,330,1065
139,331,825
139,332,968
139,334,687
139,335,986
139,337,798
139,338,988
139,339,721
139,341,964
139,342,749
139,344,863
139,345,576
139,347,787
139,348,604
139,349,791
139,351,548
139,352,826
139,354,626
139,355,720
139,357,464
139,358,659
139,359,382
139,361,506
139,362,295
139,364,564
139,365,194
139,366,338
139,367,632
141,10,282
141,11,173
141,13,350
141,14,323
141,16,300
141,17,240
141,18,388
141,20,288
141,21,368
141,23,308
141,24,421
141,26,315
141,27,384
141,28,345
141,30,511
141,31,396
141,33,464
141,34,361
141,36,499
141,37,376
141,38,369
141,40,355
141,41,533
141,43,411
141,44,511
141,45,428
141,47,550
141,48,494
141,50,495
141,51,435
141,53,606
141,54,568
141,55,545
141,57,505
141,58,607
141,60,526
141,61,554
141,63,483
141,64,634
141,65,548
141,67,599
141,68,578
141,70,585
141,71,596
141,72,599
141,74,548
141,75,684
141,77,632
141,78,644
141,80,631
141,81,643
141,82,623
141,84,608
141,85,602
141,87,628
141,88,679
141,89,672
141,91,707
141,92,662
141,94,685
141,95,714
141,97,678
141,98,646
141,99,730
141,101,649
141,102,744
141,104,641
141,105,720
141,107,685
141,108,773
141,109,706
141,111,752
141,112,740
141,114,827
141,115,700
141,116,792
141,118,774
141,119,901
141,121,679
141,122,772
141,124,763
141,125,930
141,126,709
141,128,816
141,129,786
141,131,931
141,132,704
141,134,927
141,135,862
141,136,1033
141,138,748
141,139,967
141,141,852
141,142,1086
141,143,736
141,145,960
141,146,855
141,148,1097
141,149,735
141,151,1019
141,152,881
141,153,1143
141,155,826
141,156,1102
141,158,915
141,159,1250
141,161,769
141,162,1202
141,163,956
141,165,1312
141,166,878
141,168,1185
141,169,1007
141,170,1267
141,172,832
141,173,1182
141,175,1006
141,176,1324
141,178,851
141,179,1212
141,180,1046
141,182,1372
141,183,855
141,185,1310
141,186,1050
141,188,1355
141,189,895
141,190,1249
141,192,1057
141,193,1414
141,195,885
141,196,1317
141,197,1027
141,199,1511
141,200,857
141,202,1317
141,203,1059
141,205,1442
141,206,842
141,207,1357
141,209,1051
141,210,1493
141,212,884
141,213,1343
141,214,1043
141,216,1467
141,217,873
141,219,1339
141,220,1034
141,222,1507
141,223,936
141,224,1323
141,226,1000
141,227,1496
141,229,905
141,230,1313
141,232,1075
141,233,1515
141,234,933
141,236,1301
141,237,1060
141,239,1487
141,240,877
141,241,1314
141,243,1021
141,244,1534
141,246,872
141,247,1337
141,249,1086
141,250,1485
141,251,964
141,253,1269
141,254,1064
141,256,1413
141,257,936
141,259,1184
141,260,1031
141,261,1524
141,263,860
141,264,1270
141,266,1067
141,267,1423
141,268,946
141,270,1232
141,271,1122
141,273,1506
141,274,928
141,276,1240
141,277,982
141,278,1367
141,280,923
141,281,1218
141,283,1031
141,284,1382
141,286,980
141,287,1136
141,288,949
141,290,1375
141,291,902
141,293,1214
141,294,1059
141,295,1416
141,297,948
141,298,1083
141,300,908
141,301,1356
141,303,913
141,304,1156
141,305,947
141,307,1270
141,308,897
141,310,1078
141,311,852
141,313,1204
141,314,877
141,315,1129
141,317,953
141,318,1216
141,320,877
141,321,1097
141,322,838
141,324,1034
141,325,828
141,327,1032
141,328,876
141,330,1128
141,331,857
141,332,965
141,334,782
141,335,1018
141,337,786
141,338,974
141,339,728
141,341,966
141,342,731
141,344,850
141,345,708
141,347,804
141,348,651
141,349,807
141,351,676
141,352,812
141,354,601
141,355,657
141,357,585
141,358,579
141,359,448
141,361,514
141,362,425
141,364,484
141,365,211
141,366,314
141,367,753
142,10,410
142,11,313
142,13,314
142,14,528
142,16,426
142,17,403
142,18,370
142,20,497
142,21,538
142,23,497
142,24,432
142,26,558
142,27,548
142,28,542
142,30,487
142,31,692
142,33,620
142,34,614
142,36,468
142,37,699
142,38,576
142,40,589
142,41,550
142,43,719
142,44,748
142,45,762
142,47,630
142,48,757
142,50,666
142,51,699
142,53,581
142,54,852
142,55,841
142,57,872
142,58,610
142,60,783
142,61,768
142,63,792
142,64,638
142,65,885
142,67,812
142,68,950
142,70,668
142,71,879
142,72,799
142,74,927
142,75,655
142,77,944
142,78,922
142,80,1008
142,81,685
142,82,912
142,84,778
142,85,851
142,87,671
142,88,1004
142,89,876
142,91,1087
142,92,677
142,94,934
142,95,902
142,97,999
142,98,710
142,99,989
142,101,1005
142,102,1134
142,104,676
142,105,1022
142,107,847
142,108,1041
142,109,705
142,111,1024
142,112,1009
142,114,1225
142,115,726
142,116,1064
142,118,866
142,119,1172
142,121,782
142,122,1077
142,124,1035
142,125,1215
142,126,788
142,128,1146
142,129,943
142,131,1208
142,132,785
142,134,1147
142,135,1093
142,136,1346
142,138,831
142,139,1198
142,141,1075
142,142,1341
142,143,921
142,145,1237
142,146,1121
142,148,1350
142,149,838
142,151,1298
142,152,1044
142,153,1312
142,155,898
142,156,1237
142,158,1187
142,159,1428
142,161,884
142,162,1342
142,163,1193
142,165,1380
142,166,972
142,168,1314
142,169,1306
142,170,1400
142,172,983
142,173,1348
142,175,1189
142,176,1413
142,178,971
142,179,1408
142,180,1394
142,182,1489
142,183,1011
142,185,1364
142,186,1288
142,188,1501
142,189,1016
142,190,1475
142,192,1383
142,193,1536
142,195,992
142,196,1484
142,197,1356
142,199,1517
142,200,993
142,202,1498
142,203,1475
142,205,1547
142,206,1051
142,207,1546
142,209,1350
142,210,1560
142,212,1043
142,213,1613
142,214,1512
142,216,1562
142,217,1019
142,219,1518
142,220,1427
142,222,1493
142,223,1039
142,224,1527
142,226,1510
142,227,1552
142,229,1048
142,230,1533
142,232,1441
142,233,1587
142,234,1022
142,236,1510
142,237,1545
142,239,1616
142,240,1076
142,241,1511
142,243,1447
142,244,1551
142,246,1047
142,247,1519
142,249,1539
142,250,1590
142,251,1076
142,253,1392
142,254,1454
142,256,1563
142,257,1123
142,259,1544
142,260,1508
142,261,1566
142,263,1054
142,264,1408
142,266,1476
142,267,1477
142,268,1038
142,270,1498
142,271,1572
142,273,1561
142,274,1047
142,276,1432
142,277,1445
142,278,1518
142,280,990
142,281,1374
142,283,1434
142,284,1644
142,286,1011
142,287,1361
142,288,1406
142,290,1492
142,291,1027
142,293,1450
142,294,1481
142,295,1576
142,297,982
142,298,1408
142,300,1304
142,301,1527
142,303,1011
142,304,1426
142,305,1407
142,307,1528
142,308,977
142,310,1384
142,311,1196
142,313,1406
142,314,975
142,315,1459
142,317,1321
142,318,1587
142,320,1035
142,321,1356
142,322,1111
142,324,1375
142,325,898
142,327,1448
142,328,1185
142,330,1355
142,331,907
142,332,1315
142,334,1106
142,335,1319
142,337,908
142,338,1417
142,339,1089
142,341,1274
142,342,794
142,344,1103
142,345,951
142,347,1146
142,348,767
142,349,1235
142,351,897
142,352,1059
142,354,640
142,355,1011
142,357,852
142,358,995
142,359,565
142,361,877
142,362,632
142,364,832
142,365,360
142,366,576
142,367,1120
143,10,331
143,11,191
143,13,335
143,14,309
143,16,354
143,17,237
143,18,405
143,20,338
143,21,445
143,23,338
143,24,398
143,26,385
143,27,480
143,28,321
143,30,476
143,31,426
143,33,475
143,34,431
143,36,504
143,37,443
143,38,462
143,40,350
143,41,471
143,43,481
143,44,564
143,45,434
143,47,541
143,48,479
143,50,582
143,51,402
143,53,556
143,54,590
143,55,594
143,57,498
143,58,504
143,60,540
143,61,540
143,63,421
143,64,556
143,65,610
143,67,633
143,68,513
143,70,547
143,71,575
143,72,599
143,74,527
143,75,555
143,77,644
143,78,672
143,80,627
143,81,594
143,82,607
143,84,614
143,85,545
143,87,565
143,88,670
143,89,663
143,91,708
143,92,558
143,94,701
143,95,676
143,97,673
143,98,597
143,99,683
143,101,744
143,102,746
143,104,570
143,105,684
143,107,611
143,108,699
143,109,614
143,111,739
143,112,698
143,114,840
143,115,639
143,116,794
143,118,660
143,119,787
143,121,657
143,122,798
143,124,746
143,125,891
143,126,671
143,128,814
143,129,676
143,131,927
143,132,684
143,134,861
143,135,731
143,136,995
143,138,686
143,139,939
143,141,708
143,142,1030
143,143,689
143,145,927
143,146,761
143,148,1042
143,149,626
143,151,994
143,152,756
143,153,1049
143,155,681
143,156,989
143,158,810
143,159,1156
143,161,691
143,162,1029
143,163,788
143,165,1164
143,166,712
143,168,1047
143,169,827
143,170,1111
143,172,723
143,173,1062
143,175,790
143,176,1112
143,178,780
143,179,1159
143,180,870
143,182,1256
143,183,724
143,185,1142
143,186,848
143,188,1254
143,189,717
143,190,1152
143,192,868
143,193,1265
143,195,718
143,196,1142
143,197,805
143,199,1240
143,200,794
143,202,1187
143,203,872
143,205,1328
143,206,768
143,207,1243
143,209,902
143,210,1295
143,212,737
143,213,1126
143,214,898
143,216,1306
143,217,772
143,219,1190
143,220,807
143,222,1252
143,223,769
143,224,1181
143,226,964
143,227,1225
143,229,737
143,230,1225
143,232,846
143,233,1260
143,234,738
143,236,1198
143,237,900
143,239,1248
143,240,734
143,241,1107
143,243,911
143,244,1250
143,246,702
143,247,1144
143,249,954
143,250,1227
143,251,745
143,253,1088
143,254,852
143,256,1204
143,257,724
143,259,1104
143,260,876
143,261,1204
143,263,743
143,264,1106
143,266,793
143,267,1168
143,268,756
143,270,1089
143,271,906
143,273,1205
143,274,752
143,276,1096
143,277,881
143,278,1121
143,280,734
143,281,1097
143,283,879
143,284,1199
143,286,794
143,287,1040
143,288,844
143,290,1049
143,291,754
143,293,1072
143,294,900
143,295,1026
143,297,788
143,298,954
143,300,795
143,301,1033
143,303,748
143,304,1035
143,305,837
143,307,962
143,308,810
143,310,978
143,311,775
143,313,968
143,314,757
143,315,960
143,317,787
143,318,892
143,320,799
143,321,964
143,322,751
143,324,863
143,325,693
143,327,923
143,328,725
143,330,851
143,331,728
143,332,861
143,334,677
143,335,835
143,337,692
143,338,827
143,339,692
143,341,807
143,342,680
143,344,753
143,345,640
143,347,647
143,348,576
143,349,717
143,351,534
143,352,678
143,354,550
143,355,618
143,357,533
143,358,549
143,359,420
143,361,504
143,362,419
143,364,455
143,365,235
143,366,338
143,367,826
145,10,247
145,11,290
145,13,297
145,14,465
145,16,285
145,17,384
145,18,292
145,20,407
145,21,310
145,23,422
145,24,365
145,26,464
145,27,315
145,28,395
145,30,403
145,31,514
145,33,360
145,34,499
145,36,464
145,37,587
145,38,369
145,40,474
145,41,404
145,43,616
145,44,460
145,45,585
145,47,463
145,48,616
145,50,436
145,51,581
145,53,470
145,54,693
145,55,501
145,57,617
145,58,522
145,60,726
145,61,491
145,63,605
145,64,528
145,65,702
145,67,551
145,68,736
145,70,526
145,71,769
145,72,552
145,74,718
145,75,529
145,77,777
145,78,566
145,80,742
145,81,571
145,82,770
145,84,580
145,85,701
145,87,609
145,88,769
145,89,588
145,91,837
145,92,547
145,94,831
145,95,584
145,97,764
145,98,567
145,99,820
145,101,642
145,102,907
145,104,573
145,105,805
145,107,628
145,108,925
145,109,557
145,111,813
145,112,638
145,114,999
145,115,603
145,116,861
145,118,658
145,119,1020
145,121,668
145,122,840
145,124,678
145,125,1024
145,126,682
145,128,914
145,129,678
145,131,1111
145,132,696
145,134,897
145,135,791
145,136,1166
145,138,720
145,139,898
145,141,776
145,142,1148
145,143,732
145,145,988
145,146,829
145,148,1258
145,149,746
145,151,958
145,152,865
145,153,1192
145,155,771
145,156,1047
145,158,929
145,159,1275
145,161,784
145,162,1132
145,163,905
145,165,1399
145,166,810
145,168,1128
145,169,1030
145,170,1323
145,172,821
145,173,1098
145,175,938
145,176,1402
145,178,820
145,179,1212
145,180,1062
145,182,1415
145,183,903
145,185,1172
145,186,1016
145,188,1387
145,189,930
145,190,1216
145,192,1129
145,193,1437
145,195,910
145,196,1161
145,197,1082
145,199,1410
145,200,919
145,202,1257
145,203,1167
145,205,1464
145,206,919
145,207,1180
145,209,1125
145,210,1499
145,212,927
145,213,1221
145,214,1168
145,216,1506
145,217,959
145,219,1212
145,220,1138
145,222,1432
145,223,930
145,224,1273
145,226,1215
145,227,1587
145,229,1016
145,230,1222
145,232,1187
145,233,1560
145,234,1006
145,236,1215
145,237,1151
145,239,1452
145,240,967
145,241,1179
145,243,1159
145,244,1474
145,246,936
145,247,1258
145,249,1127
145,250,1503
145,251,982
145,253,1176
145,254,1076
145,256,1390
145,257,974
145,259,1267
145,260,1139
145,261,1513
145,263,972
145,264,1197
145,266,1139
145,267,1375
145,268,1007
145,270,1206
145,271,1106
145,273,1459
145,274,982
145,276,1151
145,277,1088
145,278,1391
145,280,1003
145,281,1150
145,283,1054
145,284,1381
145,286,1030
145,287,1115
145,288,1055
145,290,1438
145,291,1002
145,293,1154
145,294,1062
145,295,1392
145,297,1015
145,298,1081
145,300,958
145,301,1332
145,303,974
145,304,1179
145,305,1016
145,307,1298
145,308,1033
145,310,1066
145,311,950
145,313,1254
145,314,946
145,315,1214
145,317,882
145,318,1309
145,320,961
145,321,1126
145,322,835
145,324,1181
145,325,926
145,327,1096
145,328,830
145,330,1166
145,331,950
145,332,1057
145,334,790
145,335,1044
145,337,900
145,338,1112
145,339,706
145,341,977
145,342,831
145,344,976
145,345,681
145,347,875
145,348,726
145,349,901
145,351,572
145,352,900
145,354,651
145,355,791
145,357,523
145,358,665
145,359,464
145,361,596
145,362,356
145,364,572
145,365,281
145,366,375
145,367,717
146,10,261
146,11,168
146,13,407
146,14,363
146,16,332
146,17,309
146,18,399
146,20,315
146,21,373
146,23,344
146,24,458
146,26,374
146,27,448
146,28,345
146,30,542
146,31,419
146,33,440
146,34,379
146,36,559
146,37,442
146,38,466
146,40,385
146,41,574
146,43,479
146,44,532
146,45,474
146,47,576
146,48,507
146,50,600
146,51,446
146,53,607
146,54,535
146,55,590
146,57,548
146,58,584
146,60,537
146,61,539
146,63,522
146,64,681
146,65,570
146,67,584
146,68,594
146,70,693
146,71,630
146,72,657
146,74,573
146,75,677
146,77,653
146,78,595
146,80,668
146,81,668
146,82,691
146,84,640
146,85,620
146,87,706
146,88,692
146,89,639
146,91,732
146,92,677
146,94,661
146,95,653
146,97,687
146,98,665
146,99,721
146,101,701
146,102,830
146,104,687
146,105,699
146,107,628
146,108,709
146,109,700
146,111,742
146,112,733
146,114,858
146,115,669
146,116,791
146,118,690
146,119,928
146,121,694
146,122,834
146,124,775
146,125,974
146,126,749
146,128,867
146,129,783
146,131,959
146,132,771
146,134,906
146,135,778
146,136,1079
146,138,780
146,139,977
146,141,838
146,142,1078
146,143,794
146,145,1019
146,146,865
146,148,1132
146,149,859
146,151,1062
146,152,862
146,153,1147
146,155,805
146,156,1068
146,158,872
146,159,1281
146,161,852
146,162,1164
146,163,905
146,165,1230
146,166,858
146,168,1199
146,169,940
146,170,1295
146,172,820
146,173,1194
146,175,951
146,176,1319
146,178,840
146,179,1251
146,180,1076
146,182,1367
146,183,855
146,185,1265
146,186,1029
146,188,1438
146,189,850
146,190,1373
146,192,1053
146,193,1375
146,195,868
146,196,1306
146,197,1014
146,199,1405
146,200,855
146,202,1374
146,203,1074
146,205,1450
146,206,857
146,207,1353
146,209,1031
146,210,1490
146,212,868
146,213,1451
146,214,1092
146,216,1515
146,217,899
146,219,1342
146,220,958
146,222,1513
146,223,890
146,224,1309
146,226,1041
146,227,1505
146,229,858
146,230,1316
146,232,1039
146,233,1400
146,234,890
146,236,1351
146,237,1045
146,239,1436
146,240,868
146,241,1270
146,243,1064
146,244,1504
146,246,863
146,247,1287
146,249,940
146,250,1401
146,251,897
146,253,1283
146,254,976
146,256,1478
146,257,904
146,259,1232
146,260,962
146,261,1481
146,263,904
146,264,1221
146,266,1066
146,267,1384
146,268,921
146,270,1266
146,271,969
146,273,1443
146,274,912
146,276,1196
146,277,965
146,278,1374
146,280,969
146,281,1304
146,283,968
146,284,1375
146,286,941
146,287,1131
146,288,957
146,290,1310
146,291,982
146,293,1186
146,294,919
146,295,1315
146,297,905
146,298,1161
146,300,945
146,301,1212
146,303,953
146,304,1112
146,305,947
146,307,1249
146,308,899
146,310,1177
146,311,898
146,313,1237
146,314,939
146,315,1058
146,317,876
146,318,1156
146,320,901
146,321,1076
146,322,842
146,324,1119
146,325,859
146,327,1077
146,328,760
146,330,1066
146,331,831
146,332,1045
146,334,798
146,335,1034
146,337,815
146,338,974
146,339,705
146,341,921
146,342,742
146,344,906
146,345,767
146,347,841
146,348,772
146,349,809
146,351,622
146,352,752
146,354,538
146,355,781
146,357,600
146,358,652
146,359,458
146,361,543
146,362,438
146,364,520
146,365,229
146,366,335
146,367,872
148,10,444
148,11,345
148,13,388
148,14,654
148,16,488
148,17,478
148,18,389
148,20,593
148,21,554
148,23,643
148,24,481
148,26,719
148,27,605
148,28,596
148,30,513
148,31,722
148,33,625
148,34,653
148,36,570
148,37,759
148,38,655
148,40,641
148,41,583
148,43,827
148,44,688
148,45,751
148,47,637
148,48,837
148,50,703
148,51,777
148,53,621
148,54,939
148,55,763
148,57,918
148,58,692
148,60,878
148,61,749
148,63,842
148,64,689
148,65,927
148,67,776
148,68,920
148,70,656
148,71,940
148,72,849
148,74,873
148,75,703
148,77,908
148,78,887
148,80,956
148,81,719
148,82,980
148,84,821
148,85,932
148,87,728
148,88,987
148,89,900
148,91,1030
148,92,677
148,94,1009
148,95,914
148,97,1076
148,98,749
148,99,1001
148,101,945
148,102,1138
148,104,774
148,105,979
148,107,879
148,108,1054
148,109,707
148,111,1091
148,112,966
148,114,1163
148,115,758
148,116,1120
148,118,977
148,119,1215
148,121,815
148,122,1155
148,124,1042
148,125,1317
148,126,819
148,128,1195
148,129,974
148,131,1293
148,132,819
148,134,1185
148,135,1037
148,136,1314
148,138,872
148,139,1275
148,141,1059
148,142,1298
148,143,858
148,145,1300
148,146,1100
148,148,1373
148,149,905
148,151,1284
148,152,1122
148,153,1429
148,155,924
148,156,1315
148,158,1183
148,159,1426
148,161,852
148,162,1434
148,163,1285
148,165,1478
148,166,1043
148,168,1468
148,169,1246
148,170,1476
148,172,954
148,173,1481
148,175,1369
148,176,1519
148,178,1013
148,179,1539
148,180,1320
148,182,1589
148,183,1020
148,185,1465
148,186,1352
148,188,1554
148,189,1059
148,190,1490
148,192,1411
148,193,1487
148,195,1030
148,196,1564
148,197,1382
148,199,1522
148,200,1035
148,202,1585
148,203,1395
148,205,1570
148,206,1087
148,207,1536
148,209,1470
148,210,1592
148,212,1052
148,213,1595
148,214,1404
148,216,1520
148,217,1002
148,219,1612
148,220,1405
148,222,1513
148,223,1036
148,224,1572
148,226,1476
148,227,1518
148,229,1041
148,230,1532
148,232,1590
148,233,1572
148,234,1067
148,236,1516
148,237,1451
148,239,1571
148,240,1099
148,241,1563
148,243,1467
148,244,1592
148,246,1091
148,247,1523
148,249,1428
148,250,1546
148,251,1019
148,253,1440
148,254,1430
148,256,1571
148,257,1046
148,259,1527
148,260,1425
148,261,1501
148,263,1020
148,264,1488
148,266,1466
148,267,1629
148,268,1046
148,270,1496
148,271,1489
148,273,1589
148,274,1013
148,276,1399
148,277,1387
148,278,1534
148,280,1034
148,281,1487
148,283,1425
148,284,1561
148,286,1017
148,287,1387
148,288,1452
148,290,1543
148,291,1023
148,293,1471
148,294,1344
148,295,1676
148,297,963
148,298,1454
148,300,1356
148,301,1624
148,303,1048
148,304,1395
148,305,1338
148,307,1531
148,308,987
148,310,1446
148,311,1250
148,313,1620
148,314,1026
148,315,1404
148,317,1216
148,318,1559
148,320,1023
148,321,1436
148,322,1222
148,324,1530
148,325,972
148,327,1486
148,328,1229
148,330,1488
148,331,895
148,332,1328
148,334,1083
148,335,1420
148,337,893
148,338,1445
148,339,1128
148,341,1319
148,342,809
148,344,1356
148,345,1015
148,347,1270
148,348,778
148,349,1196
148,351,953
148,352,1211
148,354,685
148,355,1108
148,357,800
148,358,1121
148,359,546
148,361,1018
148,362,672
148,364,1089
148,365,342
148,366,752
148,367,1430
149,10,365
149,11,211
149,13,336
149,14,405
149,16,377
149,17,271
149,18,396
149,20,347
149,21,389
149,23,332
149,24,427
149,26,423
149,27,454
149,28,329
149,30,460
149,31,447
149,33,452
149,34,375
149,36,455
149,37,515
149,38,484
149,40,354
149,41,504
149,43,505
149,44,524
149,45,422
149,47,547
149,48,525
149,50,471
149,51,446
149,53,511
149,54,545
149,55,591
149,57,472
149,58,583
149,60,569
149,61,565
149,63,487
149,64,588
149,65,598
149,67,615
149,68,520
149,70,560
149,71,618
149,72,628
149,74,533
149,75,555
149,77,633
149,78,669
149,80,576
149,81,618
149,82,714
149,84,642
149,85,585
149,87,575
149,88,669
149,89,597
149,91,726
149,92,618
149,94,676
149,95,617
149,97,617
149,98,599
149,99,700
149,101,635
149,102,719
149,104,616
149,105,742
149,107,616
149,108,691
149,109,676
149,111,707
149,112,671
149,114,802
149,115,641
149,116,799
149,118,688
149,119,886
149,121,686
149,122,791
149,124,704
149,125,928
149,126,648
149,128,876
149,129,726
149,131,910
149,132,669
149,134,936
149,135,706
149,136,1008
149,138,688
149,139,1002
149,141,804
149,142,1031
149,143,720
149,145,977
149,146,768
149,148,1054
149,149,723
149,151,996
149,152,793
149,153,1116
149,155,780
149,156,1048
149,158,811
149,159,1142
149,161,768
149,162,1093
149,163,846
149,165,1217
149,166,739
149,168,1144
149,169,841
149,170,1200
149,172,758
149,173,1205
149,175,910
149,176,1210
149,178,728
149,179,1194
149,180,874
149,182,1249
149,183,738
149,185,1270
149,186,878
149,188,1265
149,189,746
149,190,1233
149,192,958
149,193,1300
149,195,768
149,196,1271
149,197,931
149,199,1319
149,200,751
149,202,1259
149,203,912
149,205,1222
149,206,791
149,207,1326
149,209,911
149,210,1360
149,212,733
149,213,1263
149,214,917
149,216,1299
149,217,775
149,219,1313
149,220,959
149,222,1283
149,223,785
149,224,1262
149,226,932
149,227,1259
149,229,740
149,230,1201
149,232,884
149,233,1303
149,234,700
149,236,1230
149,237,925
149,239,1181
149,240,751
149,241,1214
149,243,906
149,244,1206
149,246,729
149,247,1163
149,249,860
149,250,1197
149,251,705
149,253,1056
149,254,847
149,256,1215
149,257,783
149,259,1118
149,260,842
149,261,1253
149,263,758
149,264,1125
149,266,875
149,267,1152
149,268,735
149,270,1114
149,271,854
149,273,1140
149,274,730
149,276,1060
149,277,825
149,278,1107
149,280,722
149,281,1055
149,283,854
149,284,1059
149,286,747
149,287,996
149,288,831
149,290,1087
149,291,749
149,293,999
149,294,821
149,295,1061
149,297,710
149,298,1029
149,300,772
149,301,1026
149,303,716
149,304,965
149,305,839
149,307,997
149,308,761
149,310,894
149,311,752
149,313,989
149,314,746
149,315,935
149,317,787
149,318,965
149,320,727
149,321,847
149,322,736
149,324,908
149,325,712
149,327,882
149,328,726
149,330,903
149,331,693
149,332,800
149,334,628
149,335,726
149,337,646
149,338,815
149,339,603
149,341,772
149,342,614
149,344,667
149,345,578
149,347,702
149,348,588
149,349,661
149,351,526
149,352,643
149,354,482
149,355,601
149,357,514
149,358,520
149,359,439
149,361,507
149,362,395
149,364,494
149,365,182
149,366,318
149,367,883
151,10,241
151,11,280
151,13,293
151,14,524
151,16,322
151,17,337
151,18,314
151,20,422
151,21,313
151,23,418
151,24,367
151,26,531
151,27,370
151,28,453
151,30,348
151,31,533
151,33,386
151,34,496
151,36,371
151,37,568
151,38,399
151,40,514
151,41,416
151,43,584
151,44,438
151,45,589
151,47,427
151,48,678
151,50,451
151,51,560
151,53,494
151,54,678
151,55,486
151,57,686
151,58,507
151,60,680
151,61,496
151,63,664
151,64,527
151,65,789
151,67,520
151,68,736
151,70,532
151,71,754
151,72,559
151,74,667
151,75,536
151,77,781
151,78,534
151,80,744
151,81,546
151,82,777
151,84,608
151,85,765
151,87,608
151,88,810
151,89,622
151,91,812
151,92,617
151,94,815
151,95,630
151,97,872
151,98,604
151,99,798
151,101,630
151,102,869
151,104,574
151,105,795
151,107,584
151,108,886
151,109,638
151,111,835
151,112,660
151,114,948
151,115,625
151,116,858
151,118,703
151,119,1033
151,121,645
151,122,875
151,124,702
151,125,1064
151,126,669
151,128,976
151,129,738
151,131,1110
151,132,663
151,134,921
151,135,764
151,136,1085
151,138,710
151,139,1021
151,141,816
151,142,1244
151,143,767
151,145,974
151,146,845
151,148,1249
151,149,796
151,151,1073
151,152,882
151,153,1292
151,155,778
151,156,1108
151,158,915
151,159,1314
151,161,796
151,162,1181
151,163,981
151,165,1377
151,166,862
151,168,1160
151,169,1050
151,170,1374
151,172,823
151,173,1264
151,175,1090
151,176,1457
151,178,876
151,179,1218
151,180,1132
151,182,1373
151,183,914
151,185,1257
151,186,1037
151,188,1468
151,189,901
151,190,1196
151,192,1132
151,193,1565
151,195,938
151,196,1298
151,197,1199
151,199,1556
151,200,979
151,202,1249
151,203,1144
151,205,1508
151,206,1001
151,207,1349
151,209,1255
151,210,1542
151,212,1008
151,213,1286
151,214,1224
151,216,1469
151,217,1058
151,219,1365
151,220,1226
151,222,1540
151,223,1054
151,224,1286
151,226,1201
151,227,1487
151,229,964
151,230,1295
151,232,1184
151,233,1492
151,234,987
151,236,1299
151,237,1210
151,239,1490
151,240,1008
151,241,1342
151,243,1185
151,244,1507
151,246,1039
151,247,1244
151,249,1161
151,250,1452
151,251,1069
151,253,1262
151,254,1173
151,256,1510
151,257,990
151,259,1233
151,260,1155
151,261,1448
151,263,1003
151,264,1213
151,266,1060
151,267,1482
151,268,1058
151,270,1157
151,271,1090
151,273,1433
151,274,995
151,276,1126
151,277,1061
151,278,1353
151,280,991
151,281,1132
151,283,1044
151,284,1391
151,286,1006
151,287,1160
151,288,1070
151,290,1325
151,291,970
151,293,1181
151,294,1034
151,295,1343
151,297,1006
151,298,1085
151,300,1006
151,301,1332
151,303,941
151,304,1128
151,305,961
151,307,1324
151,308,959
151,310,1063
151,311,882
151,313,1211
151,314,988
151,315,1135
151,317,921
151,318,1275
151,320,944
151,321,1135
151,322,797
151,324,1152
151,325,896
151,327,1066
151,328,835
151,330,1144
151,331,868
151,332,1012
151,334,744
151,335,1078
151,337,826
151,338,1033
151,339,702
151,341,1021
151,342,798
151,344,904
151,345,592
151,347,902
151,348,660
151,349,873
151,351,525
151,352,873
151,354,617
151,355,780
151,357,478
151,358,692
151,359,459
151,361,654
151,362,384
151,364,611
151,365,243
151,366,334
151,367,688
152,10,288
152,11,199
152,13,399
152,14,380
152,16,374
152,17,314
152,18,369
152,20,304
152,21,400
152,23,343
152,24,424
152,26,373
152,27,364
152,28,317
152,30,502
152,31,408
152,33,427
152,34,415
152,36,505
152,37,457
152,38,422
152,40,409
152,41,603
152,43,496
152,44,486
152,45,448
152,47,566
152,48,507
152,50,507
152,51,472
152,53,616
152,54,545
152,55,586
152,57,560
152,58,624
152,60,509
152,61,521
152,63,498
152,64,643
152,65,547
152,67,576
152,68,544
152,70,675
152,71,596
152,72,569
152,74,551
152,75,644
152,77,636
152,78,624
152,80,656
152,81,664
152,82,703
152,84,613
152,85,546
152,87,665
152,88,644
152,89,655
152,91,743
152,92,660
152,94,705
152,95,666
152,97,693
152,98,667
152,99,712
152,101,659
152,102,714
152,104,681
152,105,778
152,107,696
152,108,741
152,109,655
152,111,769
152,112,678
152,114,863
152,115,700
152,116,850
152,118,759
152,119,874
152,121,677
152,122,855
152,124,820
152,125,935
152,126,733
152,128,942
152,129,801
152,131,946
152,132,823
152,134,863
152,135,791
152,136,1055
152,138,743
152,139,995
152,141,900
152,142,1109
152,143,777
152,145,995
152,146,850
152,148,1082
152,149,817
152,151,1080
152,152,932
152,153,1182
152,155,828
152,156,1143
152,158,997
152,159,1238
152,161,905
152,162,1194
152,163,960
152,165,1260
152,166,862
152,168,1188
152,169,1024
152,170,1264
152,172,842
152,173,1288
152,175,1070
152,176,1444
152,178,911
152,179,1320
152,180,1054
152,182,1402
152,183,940
152,185,1411
152,186,991
152,188,1398
152,189,875
152,190,1450
152,192,1125
152,193,1510
152,195,978
152,196,1449
152,197,1149
152,199,1490
152,200,932
152,202,1400
152,203,1139
152,205,1547
152,206,969
152,207,1442
152,209,1085
152,210,1497
152,212,940
152,213,1428
152,214,1114
152,216,1582
152,217,928
152,219,1380
152,220,1103
152,222,1500
152,223,942
152,224,1409
152,226,1159
152,227,1520
152,229,964
152,230,1487
152,232,1043
152,233,1521
152,234,964
152,236,1376
152,237,1157
152,239,1535
152,240,902
152,241,1403
152,243,1044
152,244,1522
152,246,876
152,247,1404
152,249,1048
152,250,1471
152,251,933
152,253,1378
152,254,1038
152,256,1520
152,257,885
152,259,1290
152,260,1054
152,261,1491
152,263,915
152,264,1229
152,266,998
152,267,1466
152,268,874
152,270,1303
152,271,1038
152,273,1458
152,274,971
152,276,1144
152,277,997
152,278,1446
152,280,910
152,281,1205
152,283,1044
152,284,1388
152,286,935
152,287,1120
152,288,971
152,290,1370
152,291,927
152,293,1162
152,294,980
152,295,1328
152,297,898
152,298,1200
152,300,872
152,301,1334
152,303,923
152,304,1158
152,305,910
152,307,1307
152,308,923
152,310,1054
152,311,857
152,313,1166
152,314,880
152,315,1099
152,317,945
152,318,1183
152,320,855
152,321,1042
152,322,820
152,324,1057
152,325,852
152,327,995
152,328,836
152,330,1062
152,331,839
152,332,930
152,334,795
152,335,962
152,337,809
152,338,959
152,339,809
152,341,979
152,342,703
152,344,885
152,345,707
152,347,821
152,348,648
152,349,814
152,351,691
152,352,831
152,354,588
152,355,713
152,357,604
152,358,640
152,359,415
152,361,544
152,362,438
152,364,510
152,365,256
152,366,308
152,367,859
153,10,468
153,11,332
153,13,388
153,14,646
153,16,478
153,17,457
153,18,436
153,20,591
153,21,547
153,23,539
153,24,461
153,26,608
153,27,595
153,28,553
153,30,530
153,31,732
153,33,614
153,34,676
153,36,548
153,37,778
153,38,586
153,40,605
153,41,586
153,43,877
153,44,773
153,45,796
153,47,591
153,48,838
153,50,691
153,51,690
153,53,621
153,54,879
153,55,792
153,57,785
153,58,624
153,60,860
153,61,717
153,63,808
153,64,650
153,65,954
153,67,883
153,68,931
153,70,718
153,71,904
153,72,787
153,74,887
153,75,663
153,77,1006
153,78,835
153,80,961
153,81,668
153,82,1022
153,84,759
153,85,894
153,87,642
153,88,1061
153,89,891
153,91,1058
153,92,698
153,94,1017
153,95,849
153,97,1029
153,98,699
153,99,1051
153,101,910
153,102,1080
153,104,720
153,105,1068
153,107,863
153,108,1064
153,109,758
153,111,1145
153,112,964
153,114,1211
153,115,790
153,116,1131
153,118,925
153,119,1140
153,121,779
153,122,1177
153,124,1024
153,125,1275
153,126,884
153,128,1209
153,129,986
153,131,1256
153,132,859
153,134,1268
153,135,1086
153,136,1311
153,138,894
153,139,1291
153,141,1007
153,142,1332
153,143,874
153,145,1447
153,146,1182
153,148,1398
153,149,935
153,151,1388
153,152,1281
153,153,1444
153,155,975
153,156,1460
153,158,1303
153,159,1430
153,161,881
153,162,1471
153,163,1261
153,165,1568
153,166,1001
153,168,1488
153,169,1397
153,170,1548
153,172,1072
153,173,1549
153,175,1405
153,176,1543
153,178,1097
153,179,1651
153,180,1495
153,182,1600
153,183,1040
153,185,1614
153,186,1418
153,188,1588
153,189,1063
153,190,1580
153,192,1513
153,193,1593
153,195,1143
153,196,1653
153,197,1503
153,199,1694
153,200,1125
153,202,1670
153,203,1539
153,205,1644
153,206,1134
153,207,1655
153,209,1495
153,210,1669
153,212,1128
153,213,1715
153,214,1645
153,216,1646
153,217,1179
153,219,1731
153,220,1557
153,222,1656
153,223,1159
153,224,1604
153,226,1591
153,227,1670
153,229,1150
153,230,1569
153,232,1549
153,233,1590
153,234,1128
153,236,1668
153,237,1605
153,239,1691
153,240,1144
153,241,1589
153,243,1524
153,244,1638
153,246,1152
153,247,1627
153,249,1560
153,250,1615
153,251,1082
153,253,1575
153,254,1408
153,256,1631
153,257,1169
153,259,1593
153,260,1572
153,261,1642
153,263,1021
153,264,1510
153,266,1513
153,267,1601
153,268,1094
153,270,1602
153,271,1549
153,273,1642
153,274,1037
153,276,1508
153,277,1367
153,278,1563
153,280,1077
153,281,1513
153,283,1523
153,284,1607
153,286,989
153,287,1385
153,288,1389
153,290,1543
153,291,1057
153,293,1542
153,294,1479
153,295,1494
153,297,953
153,298,1433
153,300,1398
153,301,1532
153,303,1026
153,304,1506
153,305,1379
153,307,1530
153,308,1017
153,310,1440
153,311,1249
153,313,1455
153,314,1061
153,315,1469
153,317,1299
153,318,1466
153,320,944
153,321,1424
153,322,1182
153,324,1433
153,325,921
153,327,1448
153,328,1182
153,330,1429
153,331,937
153,332,1291
153,334,1113
153,335,1361
153,337,916
153,338,1338
153,339,1083
153,341,1428
153,342,794
153,344,1240
153,345,921
153,347,1191
153,348,735
153,349,1261
153,351,916
153,352,1200
153,354,662
153,355,985
153,357,823
153,358,1010
153,359,549
153,361,934
153,362,676
153,364,1005
153,365,338
153,366,625
153,367,1143
155,10,361
155,11,220
155,13,342
155,14,406
155,16,398
155,17,287
155,18,362
155,20,397
155,21,482
155,23,362
155,24,400
155,26,399
155,27,448
155,28,306
155,30,449
155,31,488
155,33,475
155,34,405
155,36,466
155,37,509
155,38,476
155,40,351
155,41,499
155,43,515
155,44,558
155,45,473
155,47,554
155,48,547
155,50,531
155,51,440
155,53,500
155,54,619
155,55,636
155,57,540
155,58,556
155,60,572
155,61,560
155,63,471
155,64,525
155,65,633
155,67,603
155,68,547
155,70,546
155,71,640
155,72,636
155,74,496
155,75,580
155,77,616
155,78,640
155,80,612
155,81,597
155,82,689
155,84,620
155,85,575
155,87,610
155,88,743
155,89,661
155,91,665
155,92,579
155,94,664
155,95,635
155,97,691
155,98,597
155,99,714
155,101,682
155,102,760
155,104,615
155,105,709
155,107,602
155,108,748
155,109,605
155,111,774
155,112,696
155,114,797
155,115,641
155,116,758
155,118,656
155,119,813
155,121,678
155,122,825
155,124,753
155,125,946
155,126,721
155,128,876
155,129,747
155,131,970
155,132,726
155,134,921
155,135,747
155,136,1020
155,138,726
155,139,970
155,141,725
155,142,1039
155,143,800
155,145,1026
155,146,834
155,148,1153
155,149,744
155,151,1017
155,152,799
155,153,1074
155,155,716
155,156,1125
155,158,852
155,159,1168
155,161,755
155,162,1146
155,163,881
155,165,1210
155,166,835
155,168,1204
155,169,877
155,170,1252
155,172,793
155,173,1158
155,175,908
155,176,1188
155,178,821
155,179,1255
155,180,906
155,182,1233
155,183,810
155,185,1310
155,186,973
155,188,1268
155,189,820
155,190,1328
155,192,921
155,193,1365
155,195,851
155,196,1250
155,197,946
155,199,1337
155,200,923
155,202,1356
155,203,922
155,205,1338
155,206,797
155,207,1261
155,209,886
155,210,1388
155,212,857
155,213,1257
155,214,911
155,216,1372
155,217,853
155,219,1332
155,220,942
155,222,1363
155,223,799
155,224,1331
155,226,949
155,227,1361
155,229,839
155,230,1268
155,232,925
155,233,1366
155,234,784
155,236,1294
155,237,933
155,239,1305
155,240,852
155,241,1254
155,243,936
155,244,1294
155,246,788
155,247,1184
155,249,932
155,250,1275
155,251,791
155,253,1194
155,254,839
155,256,1236
155,257,691
155,259,1187
155,260,908
155,261,1193
155,263,828
155,264,1192
155,266,859
155,267,1241
155,268,819
155,270,1142
155,271,891
155,273,1163
155,274,757
155,276,1064
155,277,887
155,278,1104
155,280,706
155,281,1110
155,283,824
155,284,1066
155,286,784
155,287,1054
155,288,868
155,290,1068
155,291,759
155,293,1083
155,294,831
155,295,1137
155,297,818
155,298,1030
155,300,823
155,301,1031
155,303,708
155,304,1029
155,305,755
155,307,1012
155,308,787
155,310,1035
155,311,827
155,313,925
155,314,813
155,315,962
155,317,801
155,318,1004
155,320,813
155,321,924
155,322,752
155,324,848
155,325,740
155,327,868
155,328,792
155,330,835
155,331,714
155,332,906
155,334,734
155,335,799
155,337,717
155,338,891
155,339,686
155,341,777
155,342,718
155,344,804
155,345,624
155,347,685
155,348,594
155,349,666
155,351,593
155,352,639
155,354,517
155,355,663
155,357,562
155,358,526
155,359,418
155,361,503
155,362,446
155,364,501
155,365,265
155,366,372
155,367,897
156,10,273
156,11,294
156,13,316
156,14,513
156,16,319
156,17,405
156,18,327
156,20,490
156,21,370
156,23,408
156,24,355
156,26,578
156,27,337
156,28,493
156,30,365
156,31,587
156,33,454
156,34,539
156,36,439
156,37,654
156,38,418
156,40,532
156,41,452
156,43,637
156,44,460
156,45,636
156,47,483
156,48,640
156,50,465
156,51,610
156,53,503
156,54,718
156,55,535
156,57,678
156,58,539
156,60,808
156,61,535
156,63,674
156,64,504
156,65,759
156,67,533
156,68,759
156,70,520
156,71,789
156,72,543
156,74,720
156,75,568
156,77,803
156,78,591
156,80,764
156,81,604
156,82,764
156,84,585
156,85,756
156,87,603
156,88,845
156,89,589
156,91,908
156,92,616
156,94,838
156,95,569
156,97,792
156,98,578
156,99,894
156,101,627
156,102,954
156,104,629
156,105,844
156,107,661
156,108,921
156,109,618
156,111,840
156,112,701
156,114,1031
156,115,699
156,116,917
156,118,686
156,119,1103
156,121,712
156,122,932
156,124,795
156,125,1163
156,126,677
156,128,983
156,129,787
156,131,1102
156,132,700
156,134,977
156,135,787
156,136,1265
156,138,807
156,139,1000
156,141,759
156,142,1256
156,143,742
156,145,1114
156,146,846
156,148,1346
156,149,799
156,151,1136
156,152,896
156,153,1326
156,155,797
156,156,1132
156,158,1004
156,159,1358
156,161,834
156,162,1173
156,163,978
156,165,1381
156,166,875
156,168,1218
156,169,1156
156,170,1435
156,172,939
156,173,1236
156,175,1085
156,176,1506
156,178,904
156,179,1310
156,180,1142
156,182,1571
156,183,976
156,185,1265
156,186,1168
156,188,1523
156,189,974
156,190,1297
156,192,1186
156,193,1558
156,195,1013
156,196,1274
156,197,1204
156,199,1580
156,200,1021
156,202,1359
156,203,1233
156,205,1551
156,206,997
156,207,1273
156,209,1265
156,210,1587
156,212,964
156,213,1356
156,214,1271
156,216,1629
156,217,1081
156,219,1333
156,220,1264
156,222,1587
156,223,1050
156,224,1312
156,226,1331
156,227,1574
156,229,992
156,230,1301
156,232,1242
156,233,1554
156,234,1068
156,236,1319
156,237,1319
156,239,1659
156,240,998
156,241,1275
156,243,1240
156,244,1478
156,246,1120
156,247,1254
156,249,1299
156,250,1565
156,251,1020
156,253,1221
156,254,1171
156,256,1560
156,257,1037
156,259,1265
156,260,1181
156,261,1533
156,263,1072
156,264,1230
156,266,1156
156,267,1523
156,268,980
156,270,1304
156,271,1190
156,273,1437
156,274,949
156,276,1176
156,277,1150
156,278,1462
156,280,1057
156,281,1173
156,283,1069
156,284,1400
156,286,1071
156,287,1169
156,288,1067
156,290,1428
156,291,1027
156,293,1199
156,294,1034
156,295,1430
156,297,1046
156,298,1185
156,300,998
156,301,1324
156,303,975
156,304,1162
156,305,936
156,307,1308
156,308,987
156,310,1133
156,311,919
156,313,1300
156,314,982
156,315,1135
156,317,959
156,318,1328
156,320,984
156,321,1197
156,322,858
156,324,1218
156,325,947
156,327,1065
156,328,825
156,330,1174
156,331,844
156,332,1018
156,334,824
156,335,1070
156,337,870
156,338,1095
156,339,776
156,341,1038
156,342,786
156,344,945
156,345,654
156,347,923
156,348,729
156,349,945
156,351,577
156,352,844
156,354,636
156,355,844
156,357,484
156,358,741
156,359,537
156,361,667
156,362,369
156,364,631
156,365,271
156,366,374
156,367,801
158,10,274
158,11,214
158,13,394
158,14,416
158,16,344
158,17,286
158,18,401
158,20,314
158,21,374
158,23,359
158,24,467
158,26,387
158,27,428
158,28,353
158,30,508
158,31,469
158,33,437
158,34,404
158,36,490
158,37,467
158,38,472
158,40,388
158,41,573
158,43,479
158,44,509
158,45,484
158,47,587
158,48,514
158,50,524
158,51,510
158,53,638
158,54,541
158,55,550
158,57,523
158,58,655
158,60,573
158,61,581
158,63,552
158,64,639
158,65,543
158,67,609
158,68,600
158,70,616
158,71,613
158,72,578
158,74,555
158,75,661
158,77,658
158,78,606
158,80,599
158,81,687
158,82,615
158,84,672
158,85,611
158,87,634
158,88,652
158,89,710
158,91,668
158,92,642
158,94,644
158,95,632
158,97,702
158,98,707
158,99,751
158,101,703
158,102,778
158,104,687
158,105,700
158,107,702
158,108,788
158,109,684
158,111,770
158,112,737
158,114,856
158,115,754
158,116,824
158,118,766
158,119,887
158,121,730
158,122,862
158,124,819
158,125,888
158,126,733
158,128,911
158,129,747
158,131,1059
158,132,754
158,134,960
158,135,806
158,136,1056
158,138,805
158,139,916
158,141,881
158,142,1135
158,143,856
158,145,1037
158,146,861
158,148,1203
158,149,840
158,151,1138
158,152,887
158,153,1217
158,155,835
158,156,1117
158,158,915
158,159,1237
158,161,855
158,162,1221
158,163,1009
158,165,1267
158,166,878
158,168,1259
158,169,1063
158,170,1287
158,172,866
158,173,1266
158,175,1066
158,176,1315
158,178,906
158,179,1366
158,180,1102
158,182,1390
158,183,940
158,185,1271
158,186,1084
158,188,1395
158,189,969
158,190,1445
158,192,1083
158,193,1459
158,195,904
158,196,1392
158,197,1075
158,199,1439
158,200,942
158,202,1436
158,203,1124
158,205,1426
158,206,924
158,207,1364
158,209,1107
158,210,1463
158,212,918
158,213,1436
158,214,1113
158,216,1520
158,217,954
158,219,1441
158,220,1110
158,222,1584
158,223,910
158,224,1473
158,226,1074
158,227,1517
158,229,927
158,230,1338
158,232,1045
158,233,1514
158,234,903
158,236,1315
158,237,1088
158,239,1483
158,240,928
158,241,1374
158,243,1095
158,244,1398
158,246,935
158,247,1349
158,249,1051
158,250,1520
158,251,899
158,253,1244
158,254,1023
158,256,1404
158,257,927
158,259,1339
158,260,1053
158,261,1476
158,263,849
158,264,1251
158,266,992
158,267,1438
158,268,863
158,270,1258
158,271,1053
158,273,1375
158,274,919
158,276,1185
158,277,1045
158,278,1435
158,280,888
158,281,1131
158,283,986
158,284,1357
158,286,907
158,287,1181
158,288,956
158,290,1346
158,291,968
158,293,1242
158,294,989
158,295,1335
158,297,916
158,298,1153
158,300,961
158,301,1227
158,303,920
158,304,1216
158,305,929
158,307,1325
158,308,898
158,310,1180
158,311,942
158,313,1200
158,314,893
158,315,1101
158,317,847
158,318,1121
158,320,876
158,321,1093
158,322,892
158,324,1108
158,325,889
158,327,1008
158,328,797
158,330,1050
158,331,879
158,332,977
158,334,857
158,335,1083
158,337,807
158,338,997
158,339,758
158,341,974
158,342,782
158,344,906
158,345,790
158,347,864
158,348,697
158,349,784
158,351,666
158,352,746
158,354,595
158,355,757
158,357,647
158,358,679
158,359,475
158,361,581
158,362,478
158,364,505
158,365,248
158,366,397
158,367,919
159,10,493
159,11,401
159,13,417
159,14,792
159,16,555
159,17,474
159,18,452
159,20,599
159,21,590
159,23,591
159,24,561
159,26,702
159,27,619
159,28,586
159,30,548
159,31,801
159,33,656
159,34,723
159,36,590
159,37,841
159,38,675
159,40,686
159,41,565
159,43,829
159,44,739
159,45,885
159,47,641
159,48,898
159,50,744
159,51,787
159,53,653
159,54,946
159,55,781
159,57,908
159,58,661
159,60,972
159,61,791
159,63,853
159,64,711
159,65,986
159,67,867
159,68,971
159,70,737
159,71,1005
159,72,796
159,74,905
159,75,731
159,77,964
159,78,880
159,80,1004
159,81,689
159,82,1070
159,84,829
159,85,961
159,87,816
159,88,1105
159,89,871
159,91,1108
159,92,767
159,94,1027
159,95,915
159,97,1081
159,98,773
159,99,1099
159,101,914
159,102,1096
159,104,774
159,105,1140
159,107,940
159,108,1120
159,109,800
159,111,1217
159,112,934
159,114,1163
159,115,808
159,116,1219
159,118,1001
159,119,1260
159,121,797
159,122,1288
159,124,981
159,125,1305
159,126,896
159,128,1256
159,129,1090
159,131,1311
159,132,862
159,134,1276
159,135,1149
159,136,1373
159,138,898
159,139,1382
159,141,1203
159,142,1380
159,143,934
159,145,1410
159,146,1175
159,148,1403
159,149,959
159,151,1426
159,152,1208
159,153,1471
159,155,1001
159,156,1454
159,158,1263
159,159,1473
159,161,1025
159,162,1501
159,163,1315
159,165,1487
159,166,1068
159,168,1510
159,169,1310
159,170,1494
159,172,1067
159,173,1567
159,175,1433
159,176,1568
159,178,1101
159,179,1579
159,180,1415
159,182,1537
159,183,1092
159,185,1679
159,186,1468
159,188,1606
159,189,1161
159,190,1646
159,192,1471
159,193,1640
159,195,1109
159,196,1571
159,197,1457
159,199,1610
159,200,1136
159,202,1700
159,203,1539
159,205,1654
159,206,1116
159,207,1716
159,209,1493
159,210,1659
159,212,1160
159,213,1669
159,214,1495
159,216,1656
159,217,1179
159,219,1646
159,220,1576
159,222,1658
159,223,1191
159,224,1628
159,226,1546
159,227,1612
159,229,1093
159,230,1636
159,232,1504
159,233,1591
159,234,1093
159,236,1597
159,237,1543
159,239,1633
159,240,1087
159,241,1637
159,243,1532
159,244,1611
159,246,1133
159,247,1688
159,249,1526
159,250,1614
159,251,1085
159,253,1576
159,254,1437
159,256,1587
159,257,1140
159,259,1569
159,260,1419
159,261,1588
159,263,1078
159,264,1495
159,266,1439
159,267,1588
159,268,1063
159,270,1558
159,271,1483
159,273,1555
159,274,1021
159,276,1537
159,277,1445
159,278,1583
159,280,1038
159,281,1471
159,283,1435
159,284,1551
159,286,1047
159,287,1440
159,288,1395
159,290,1509
159,291,979
159,293,1586
159,294,1437
159,295,1533
159,297,989
159,298,1519
159,300,1286
159,301,1514
159,303,1004
159,304,1558
159,305,1353
159,307,1580
159,308,1047
159,310,1414
159,311,1244
159,313,1520
159,314,1077
159,315,1502
159,317,1281
159,318,1542
159,320,1018
159,321,1547
159,322,1221
159,324,1553
159,325,944
159,327,1523
159,328,1135
159,330,1553
159,331,914
159,332,1376
159,334,1178
159,335,1444
159,337,863
159,338,1439
159,339,1118
159,341,1380
159,342,822
159,344,1309
159,345,1016
159,347,1301
159,348,780
159,349,1314
159,351,904
159,352,1279
159,354,695
159,355,1143
159,357,876
159,358,1132
159,359,521
159,361,1056
159,362,674
159,364,1173
159,365,352
159,366,757
159,367,1471
161,10,370
161,11,194
161,13,335
161,14,466
161,16,370
161,17,275
161,18,380
161,20,408
161,21,399
161,23,384
161,24,414
161,26,472
161,27,442
161,28,384
161,30,460
161,31,486
161,33,487
161,34,381
161,36,484
161,37,509
161,38,491
161,40,418
161,41,485
161,43,554
161,44,502
161,45,440
161,47,562
161,48,574
161,50,508
161,51,453
161,53,593
161,54,583
161,55,554
161,57,484
161,58,567
161,60,606
161,61,574
161,63,515
161,64,606
161,65,599
161,67,641
161,68,539
161,70,619
161,71,676
161,72,607
161,74,542
161,75,602
161,77,640
161,78,640
161,80,610
161,81,599
161,82,654
161,84,623
161,85,599
161,87,622
161,88,712
161,89,660
161,91,721
161,92,591
161,94,763
161,95,679
161,97,679
161,98,616
161,99,722
161,101,669
161,102,724
161,104,676
161,105,728
161,107,632
161,108,729
161,109,670
161,111,732
161,112,687
161,114,804
161,115,662
161,116,792
161,118,794
161,119,876
161,121,724
161,122,824
161,124,738
161,125,895
161,126,722
161,128,875
161,129,669
161,131,930
161,132,692
161,134,940
161,135,787
161,136,1040
161,138,785
161,139,1020
161,141,876
161,142,1095
161,143,818
161,145,1126
161,146,855
161,148,1105
161,149,765
161,151,1079
161,152,879
161,153,1127
161,155,791
161,156,1175
161,158,927
161,159,1229
161,161,777
161,162,1205
161,163,964
161,165,1277
161,166,898
161,168,1219
161,169,894
161,170,1236
161,172,790
161,173,1298
161,175,912
161,176,1334
161,178,888
161,179,1308
161,180,918
161,182,1281
161,183,875
161,185,1286
161,186,979
161,188,1414
161,189,844
161,190,1288
161,192,988
161,193,1296
161,195,823
161,196,1375
161,197,1047
161,199,1335
161,200,879
161,202,1354
161,203,960
161,205,1298
161,206,808
161,207,1390
161,209,928
161,210,1427
161,212,838
161,213,1322
161,214,964
161,216,1366
161,217,878
161,219,1358
161,220,1004
161,222,1387
161,223,839
161,224,1358
161,226,931
161,227,1282
161,229,815
161,230,1278
161,232,970
161,233,1392
161,234,838
161,236,1280
161,237,965
161,239,1314
161,240,844
161,241,1277
161,243,928
161,244,1327
161,246,791
161,247,1242
161,249,938
161,250,1273
161,251,823
161,253,1231
161,254,943
161,256,1284
161,257,793
161,259,1144
161,260,890
161,261,1223
161,263,765
161,264,1167
161,266,885
161,267,1267
161,268,794
161,270,1123
161,271,884
161,273,1142
161,274,725
161,276,1116
161,277,771
161,278,1170
161,280,751
161,281,1055
161,283,824
161,284,1089
161,286,752
161,287,1018
161,288,873
161,290,1101
161,291,808
161,293,1105
161,294,824
161,295,1064
161,297,758
161,298,1014
161,300,821
161,301,1034
161,303,765
161,304,1005
161,305,823
161,307,1051
161,308,720
161,310,897
161,311,731
161,313,934
161,314,823
161,315,981
161,317,750
161,318,939
161,320,743
161,321,860
161,322,750
161,324,949
161,325,722
161,327,895
161,328,691
161,330,864
161,331,690
161,332,850
161,334,660
161,335,836
161,337,720
161,338,857
161,339,691
161,341,801
161,342,619
161,344,752
161,345,609
161,347,718
161,348,608
161,349,674
161,351,522
161,352,638
161,354,503
161,355,643
161,357,525
161,358,550
161,359,454
161,361,507
161,362,407
161,364,505
161,365,226
161,366,357
161,367,1002
162,10,256
162,11,314
162,13,290
162,14,558
162,16,342
162,17,450
162,18,339
162,20,455
162,21,364
162,23,433
162,24,350
162,26,583
162,27,391
162,28,463
162,30,412
162,31,584
162,33,421
162,34,579
162,36,416
162,37,661
162,38,414
162,40,513
162,41,488
162,43,663
162,44,459
162,45,637
162,47,565
162,48,719
162,50,489
162,51,652
162,53,501
162,54,690
162,55,533
162,57,701
162,58,523
162,60,768
162,61,549
162,63,753
162,64,562
162,65,761
162,67,574
162,68,803
162,70,582
162,71,797
162,72,598
162,74,793
162,75,600
162,77,791
162,78,598
162,80,767
162,81,608
162,82,829
162,84,613
162,85,807
162,87,649
162,88,877
162,89,648
162,91,942
162,92,582
162,94,862
162,95,652
162,97,907
162,98,652
162,99,838
162,101,703
162,102,957
162,104,660
162,105,818
162,107,697
162,108,999
162,109,744
162,111,898
162,112,745
162,114,1089
162,115,764
162,116,960
162,118,770
162,119,1131
162,121,703
162,122,928
162,124,695
162,125,1232
162,126,757
162,128,951
162,129,857
162,131,1224
162,132,764
162,134,1024
162,135,837
162,136,1275
162,138,841
162,139,1116
162,141,901
162,142,1392
162,143,752
162,145,1165
162,146,929
162,148,1368
162,149,846
162,151,1167
162,152,988
162,153,1424
162,155,903
162,156,1128
162,158,1055
162,159,1497
162,161,989
162,162,1367
162,163,1101
162,165,1506
162,166,912
162,168,1281
162,169,1120
162,170,1532
162,172,963
162,173,1356
162,175,1145
162,176,1593
162,178,941
162,179,1372
162,180,1174
162,182,1629
162,183,992
162,185,1437
162,186,1352
162,188,1623
162,189,975
162,190,1420
162,192,1256
162,193,1597
162,195,1063
162,196,1451
162,197,1339
162,199,1651
162,200,1029
162,202,1439
162,203,1289
162,205,1601
162,206,1065
162,207,1456
162,209,1351
162,210,1697
162,212,1042
162,213,1335
162,214,1327
162,216,1684
162,217,1066
162,219,1456
162,220,1346
162,222,1606
162,223,1048
162,224,1412
162,226,1416
162,227,1652
162,229,1096
162,230,1390
162,232,1335
162,233,1651
162,234,1043
162,236,1384
162,237,1296
162,239,1579
162,240,1045
162,241,1360
162,243,1294
162,244,1653
162,246,1032
162,247,1275
162,249,1224
162,250,1513
162,251,1040
162,253,1344
162,254,1218
162,256,1613
162,257,1042
162,259,1269
162,260,1184
162,261,1512
162,263,1131
162,264,1233
162,266,1225
162,267,1509
162,268,1021
162,270,1194
162,271,1120
162,273,1477
162,274,1063
162,276,1230
162,277,1135
162,278,1587
162,280,1038
162,281,1180
162,283,1096
162,284,1507
162,286,1105
162,287,1083
162,288,999
162,290,1357
162,291,1016
162,293,1172
162,294,1033
162,295,1452
162,297,1000
162,298,1142
162,300,959
162,301,1413
162,303,946
162,304,1093
162,305,965
162,307,1366
162,308,976
162,310,1125
162,311,945
162,313,1249
162,314,962
162,315,1181
162,317,948
162,318,1329
162,320,1008
162,321,1137
162,322,808
162,324,1194
162,325,926
162,327,1069
162,328,829
162,330,1217
162,331,903
162,332,1039
162,334,734
162,335,1143
162,337,904
162,338,1067
162,339,724
162,341,1069
162,342,801
162,344,970
162,345,683
162,347,967
162,348,730
162,349,929
162,351,600
162,352,941
162,354,631
162,355,816
162,357,481
162,358,733
162,359,461
162,361,632
162,362,345
162,364,700
162,365,274
162,366,425
162,367,717
163,10,300
163,11,201
163,13,387
163,14,395
163,16,319
163,17,338
163,18,426
163,20,383
163,21,362
163,23,370
163,24,426
163,26,364
163,27,396
163,28,377
163,30,532
163,31,416
163,33,451
163,34,398
163,36,513
163,37,427
163,38,425
163,40,403
163,41,546
163,43,531
163,44,548
163,45,499
163,47,625
163,48,539
163,50,515
163,51,499
163,53,572
163,54,559
163,55,546
163,57,525
163,58,606
163,60,556
163,61,542
163,63,548
163,64,678
163,65,573
163,67,603
163,68,632
163,70,675
163,71,596
163,72,639
163,74,581
163,75,641
163,77,645
163,78,656
163,80,593
163,81,635
163,82,625
163,84,614
163,85,630
163,87,706
163,88,679
163,89,633
163,91,703
163,92,640
163,94,656
163,95,674
163,97,698
163,98,696
163,99,703
163,101,688
163,102,744
163,104,653
163,105,736
163,107,653
163,108,731
163,109,739
163,111,823
163,112,789
163,114,904
163,115,744
163,116,819
163,118,782
163,119,925
163,121,782
163,122,919
163,124,773
163,125,986
163,126,759
163,128,936
163,129,804
163,131,975
163,132,833
163,134,948
163,135,922
163,136,1105
163,138,830
163,139,1120
163,141,893
163,142,1126
163,143,875
163,145,1126
163,146,946
163,148,1194
163,149,856
163,151,1111
163,152,909
163,153,1322
163,155,916
163,156,1323
163,158,1009
163,159,1307
163,161,883
163,162,1327
163,163,1018
163,165,1391
163,166,981
163,168,1330
163,169,1023
163,170,1449
163,172,949
163,173,1427
163,175,1097
163,176,1417
163,178,930
163,179,1416
163,180,1171
163,182,1458
163,183,1023
163,185,1438
163,186,1145
163,188,1555
163,189,1055
163,190,1492
163,192,1160
163,193,1527
163,195,1032
163,196,1564
163,197,1112
163,199,1535
163,200,1030
163,202,1591
163,203,1178
163,205,1608
163,206,992
163,207,1527
163,209,1159
163,210,1658
163,212,991
163,213,1436
163,214,1154
163,216,1629
163,217,948
163,219,1604
163,220,1102
163,222,1616
163,223,991
163,224,1560
163,226,1125
163,227,1662
163,229,1088
163,230,1447
163,232,1106
163,233,1619
163,234,1007
163,236,1406
163,237,1102
163,239,1571
163,240,983
163,241,1410
163,243,1145
163,244,1528
163,246,1004
163,247,1379
163,249,1134
163,250,1479
163,251,937
163,253,1340
163,254,1096
163,256,1480
163,257,961
163,259,1342
163,260,1070
163,261,1555
163,263,936
163,264,1321
163,266,1054
163,267,1525
163,268,908
163,270,1240
163,271,1052
163,273,1434
163,274,950
163,276,1299
163,277,993
163,278,1366
163,280,908
163,281,1264
163,283,999
163,284,1394
163,286,962
163,287,1147
163,288,903
163,290,1349
163,291,944
163,293,1200
163,294,948
163,295,1392
163,297,935
163,298,1177
163,300,903
163,301,1295
163,303,920
163,304,1153
163,305,907
163,307,1276
163,308,879
163,310,1125
163,311,804
163,313,1145
163,314,915
163,315,1105
163,317,909
163,318,1299
163,320,883
163,321,1021
163,322,839
163,324,1138
163,325,854
163,327,1040
163,328,842
163,330,1056
163,331,872
163,332,1027
163,334,823
163,335,1000
163,337,789
163,338,991
163,339,785
163,341,986
163,342,746
163,344,880
163,345,733
163,347,850
163,348,644
163,349,854
163,351,669
163,352,826
163,354,599
163,355,729
163,357,636
163,358,650
163,359,456
163,361,540
163,362,473
163,364,553
163,365,240
163,366,350
163,367,937
165,10,450
165,11,360
165,13,407
165,14,701
165,16,567
165,17,486
165,18,475
165,20,653
165,21,562
165,23,580
165,24,504
165,26,684
165,27,582
165,28,606
165,30,548
165,31,821
165,33,668
165,34,655
165,36,568
165,37,810
165,38,592
165,40,592
165,41,602
165,43,877
165,44,786
165,45,772
165,47,644
165,48,807
165,50,715
165,51,735
165,53,679
165,54,976
165,55,811
165,57,828
165,58,693
165,60,1006
165,61,732
165,63,809
165,64,726
165,65,1053
165,67,856
165,68,885
165,70,767
165,71,975
165,72,797
165,74,879
165,75,736
165,77,1022
165,78,884
165,80,1013
165,81,735
165,82,980
165,84,799
165,85,874
165,87,726
165,88,1050
165,89,931
165,91,1073
165,92,760
165,94,1096
165,95,868
165,97,1071
165,98,833
165,99,1129
165,101,949
165,102,1141
165,104,771
165,105,1096
165,107,908
165,108,1034
165,109,816
165,111,1172
165,112,1043
165,114,1248
165,115,859
165,116,1281
165,118,1021
165,119,1280
165,121,892
165,122,1306
165,124,1081
165,125,1274
165,126,886
165,128,1261
165,129,1058
165,131,1288
165,132,896
165,134,1406
165,135,1155
165,136,1395
165,138,990
165,139,1451
165,141,1256
165,142,1434
165,143,968
165,145,1522
165,146,1301
165,148,1427
165,149,1032
165,151,1538
165,152,1320
165,153,1536
165,155,1036
165,156,1657
165,158,1420
165,159,1582
165,161,1064
165,162,1624
165,163,1430
165,165,1689
165,166,1132
165,168,1588
165,169,1518
165,170,1690
165,172,1100
165,173,1735
165,175,1477
165,176,1697
165,178,1205
165,179,1719
165,180,1614
165,182,1778
165,183,1146
165,185,1821
165,186,1564
165,188,1771
165,189,1252
165,190,1852
165,192,1677
165,193,1753
165,195,1157
165,196,1754
165,197,1576
165,199,1757
165,200,1207
165,202,1785
165,203,1706
165,205,1802
165,206,1250
165,207,1843
165,209,1696
165,210,1794
165,212,1271
165,213,1790
165,214,1604
165,216,1732
165,217,1235
165,219,1878
165,220,1601
165,222,1734
165,223,1238
165,224,1807
165,226,1712
165,227,1729
165,229,1282
165,230,1835
165,232,1611
165,233,1792
165,234,1191
165,236,1723
165,237,1756
165,239,1740
165,240,1144
165,241,1706
165,243,1576
165,244,1683
165,246,1197
165,247,1643
165,249,1652
165,250,1690
165,251,1209
165,253,1683
165,254,1641
165,256,1631
165,257,1190
165,259,1690
165,260,1536
165,261,1645
165,263,1123
165,264,1606
165,266,1528
165,267,1641
165,268,1140
165,270,1623
165,271,1494
165,273,1681
165,274,1070
165,276,1546
165,277,1456
165,278,1646
165,280,1143
165,281,1595
165,283,1471
165,284,1613
165,286,1065
165,287,1438
165,288,1359
165,290,1561
165,291,1131
165,293,1558
165,294,1465
165,295,1652
165,297,1035
165,298,1492
165,300,1352
165,301,1564
165,303,1093
165,304,1497
165,305,1363
165,307,1574
165,308,1017
165,310,1433
165,311,1240
165,313,1522
165,314,1012
165,315,1545
165,317,1315
165,318,1609
165,320,1020
165,321,1417
165,322,1247
165,324,1452
165,325,917
165,327,1498
165,328,1217
165,330,1470
165,331,917
165,332,1321
165,334,1103
165,335,1387
165,337,897
165,338,1395
165,339,1060
165,341,1326
165,342,840
165,344,1213
165,345,958
165,347,1249
165,348,766
165,349,1277
165,351,997
165,352,1171
165,354,721
165,355,1062
165,357,843
165,358,1092
165,359,501
165,361,988
165,362,661
165,364,995
165,365,335
165,366,630
165,367,1161
166,10,353
166,11,225
166,13,299
166,14,414
166,16,418
166,17,275
166,18,374
166,20,448
166,21,456
166,23,370
166,24,410
166,26,494
166,27,471
166,28,391
166,30,455
166,31,573
166,33,540
166,34,457
166,36,494
166,37,552
166,38,509
166,40,365
166,41,497
166,43,587
166,44,587
166,45,518
166,47,532
166,48,597
166,50,542
166,51,443
166,53,555
166,54,597
166,55,609
166,57,500
166,58,549
166,60,653
166,61,568
166,63,505
166,64,559
166,65,646
166,67,691
166,68,533
166,70,571
166,71,656
166,72,608
166,74,527
166,75,599
166,77,737
166,78,671
166,80,619
166,81,633
166,82,667
166,84,626
166,85,572
166,87,659
166,88,783
166,89,697
166,91,682
166,92,615
166,94,743
166,95,658
166,97,644
166,98,703
166,99,767
166,101,690
166,102,755
166,104,643
166,105,735
166,107,620
166,108,729
166,109,720
166,111,837
166,112,682
166,114,866
166,115,756
166,116,856
166,118,688
166,119,905
166,121,793
166,122,878
166,124,755
166,125,976
166,126,728
166,128,900
166,129,683
166,131,939
166,132,820
166,134,954
166,135,788
166,136,974
166,138,814
166,139,1037
166,141,802
166,142,1031
166,143,808
166,145,1074
166,146,903
166,148,1104
166,149,785
166,151,1086
166,152,819
166,153,1149
166,155,862
166,156,1107
166,158,891
166,159,1182
166,161,837
166,162,1210
166,163,956
166,165,1216
166,166,890
166,168,1272
166,169,975
166,170,1294
166,172,872
166,173,1223
166,175,986
166,176,1288
166,178,853
166,179,1334
166,180,978
166,182,1388
166,183,947
166,185,1328
166,186,990
166,188,1380
166,189,892
166,190,1349
166,192,1001
166,193,1438
166,195,896
166,196,1348
166,197,959
166,199,1364
166,200,922
166,202,1360
166,203,990
166,205,1352
166,206,872
166,207,1424
166,209,990
166,210,1464
166,212,932
166,213,1417
166,214,1002
166,216,1438
166,217,932
166,219,1395
166,220,948
166,222,1431
166,223,810
166,224,1350
166,226,995
166,227,1444
166,229,873
166,230,1288
166,232,965
166,233,1364
166,234,863
166,236,1335
166,237,974
166,239,1370
166,240,838
166,241,1265
166,243,921
166,244,1391
166,246,787
166,247,1251
166,249,910
166,250,1323
166,251,822
166,253,1208
166,254,916
166,256,1256
166,257,816
166,259,1221
166,260,962
166,261,1258
166,263,785
166,264,1137
166,266,940
166,267,1170
166,268,851
166,270,1122
166,271,845
166,273,1256
166,274,879
166,276,1086
166,277,910
166,278,1206
166,280,796
166,281,1125
166,283,903
166,284,1152
166,286,753
166,287,1032
166,288,849
166,290,1131
166,291,844
166,293,1095
166,294,812
166,295,1084
166,297,834
166,298,1054
166,300,855
166,301,1040
166,303,810
166,304,1044
166,305,835
166,307,1014
166,308,782
166,310,965
166,311,759
166,313,958
166,314,822
166,315,988
166,317,791
166,318,1024
166,320,829
166,321,892
166,322,743
166,324,936
166,325,739
166,327,903
166,328,767
166,330,836
166,331,714
166,332,878
166,334,738
166,335,834
166,337,721
166,338,854
166,339,730
166,341,783
166,342,727
166,344,757
166,345,642
166,347,722
166,348,668
166,349,731
166,351,564
166,352,668
166,354,581
166,355,642
166,357,550
166,358,557
166,359,464
166,361,560
166,362,471
166,364,513
166,365,254
166,366,379
166,367,962
168,10,294
168,11,323
168,13,353
168,14,577
168,16,370
168,17,429
168,18,382
168,20,520
168,21,338
168,23,473
168,24,409
168,26,563
168,27,384
168,28,487
168,30,444
168,31,618
168,33,449
168,34,551
168,36,465
168,37,673
168,38,449
168,40,567
168,41,488
168,43,666
168,44,536
168,45,672
168,47,539
168,48,726
168,50,510
168,51,647
168,53,549
168,54,800
168,55,533
168,57,754
168,58,609
168,60,747
168,61,570
168,63,697
168,64,606
168,65,786
168,67,621
168,68,854
168,70,592
168,71,824
168,72,597
168,74,805
168,75,669
168,77,842
168,78,649
168,80,837
168,81,615
168,82,863
168,84,585
168,85,845
168,87,620
168,88,835
168,89,663
168,91,973
168,92,696
168,94,912
168,95,661
168,97,919
168,98,696
168,99,904
168,101,731
168,102,990
168,104,743
168,105,878
168,107,693
168,108,990
168,109,697
168,111,939
168,112,778
168,114,1189
168,115,781
168,116,951
168,118,777
168,119,1170
168,121,695
168,122,1065
168,124,904
168,125,1239
168,126,872
168,128,1024
168,129,831
168,131,1242
168,132,842
168,134,983
168,135,909
168,136,1310
168,138,855
168,139,1078
168,141,880
168,142,1367
168,143,831
168,145,1181
168,146,1018
168,148,1404
168,149,969
168,151,1199
168,152,1016
168,153,1439
168,155,944
168,156,1263
168,158,1126
168,159,1487
168,161,980
168,162,1348
168,163,1110
168,165,1477
168,166,978
168,168,1349
168,169,1187
168,170,1593
168,172,1027
168,173,1266
168,175,1279
168,176,1646
168,178,1047
168,179,1392
168,180,1276
168,182,1671
168,183,1042
168,185,1413
168,186,1253
168,188,1722
168,189,1056
168,190,1418
168,192,1326
168,193,1656
168,195,1089
168,196,1360
168,197,1295
168,199,1580
168,200,1092
168,202,1490
168,203,1356
168,205,1684
168,206,1097
168,207,1467
168,209,1356
168,210,1670
168,212,1079
168,213,1463
168,214,1364
168,216,1719
168,217,1090
168,219,1379
168,220,1398
168,222,1707
168,223,1087
168,224,1437
168,226,1381
168,227,1763
168,229,1122
168,230,1447
168,232,1337
168,233,1637
168,234,1083
168,236,1396
168,237,1425
168,239,1663
168,240,1184
168,241,1348
168,243,1284
168,244,1628
168,246,1068
168,247,1321
168,249,1207
168,250,1575
168,251,1103
168,253,1320
168,254,1230
168,256,1620
168,257,1114
168,259,1270
168,260,1236
168,261,1566
168,263,1098
168,264,1277
168,266,1210
168,267,1491
168,268,1079
168,270,1231
168,271,1265
168,273,1600
168,274,988
168,276,1175
168,277,1180
168,278,1524
168,280,1077
168,281,1180
168,283,1124
168,284,1531
168,286,1026
168,287,1182
168,288,1089
168,290,1511
168,291,1003
168,293,1258
168,294,1116
168,295,1460
168,297,980
168,298,1235
168,300,1098
168,301,1479
168,303,1014
168,304,1172
168,305,984
168,307,1359
168,308,953
168,310,1077
168,311,954
168,313,1284
168,314,967
168,315,1192
168,317,966
168,318,1300
168,320,995
168,321,1210
168,322,867
168,324,1189
168,325,960
168,327,1210
168,328,887
168,330,1235
168,331,933
168,332,1106
168,334,805
168,335,1197
168,337,1001
168,338,1090
168,339,761
168,341,1164
168,342,826
168,344,1018
168,345,728
168,347,1046
168,348,720
168,349,1011
168,351,667
168,352,980
168,354,711
168,355,869
168,357,549
168,358,759
168,359,504
168,361,663
168,362,371
168,364,623
168,365,254
168,366,419
168,367,776
169,10,271
169,11,221
169,13,394
169,14,409
169,16,343
169,17,313
169,18,419
169,20,344
169,21,363
169,23,352
169,24,472
169,26,398
169,27,404
169,28,368
169,30,500
169,31,451
169,33,435
169,34,397
169,36,579
169,37,453
169,38,435
169,40,394
169,41,588
169,43,507
169,44,525
169,45,519
169,47,592
169,48,533
169,50,521
169,51,487
169,53,625
169,54,542
169,55,529
169,57,566
169,58,666
169,60,589
169,61,527
169,63,506
169,64,628
169,65,580
169,67,571
169,68,604
169,70,642
169,71,612
169,72,605
169,74,593
169,75,682
169,77,668
169,78,625
169,80,612
169,81,677
169,82,683
169,84,617
169,85,630
169,87,674
169,88,690
169,89,595
169,91,724
169,92,683
169,94,697
169,95,650
169,97,736
169,98,695
169,99,771
169,101,648
169,102,813
169,104,703
169,105,719
169,107,685
169,108,804
169,109,695
169,111,797
169,112,728
169,114,912
169,115,722
169,116,855
169,118,738
169,119,929
169,121,732
169,122,916
169,124,786
169,125,971
169,126,733
169,128,905
169,129,779
169,131,976
169,132,771
169,134,996
169,135,949
169,136,1012
169,138,889
169,139,984
169,141,840
169,142,1107
169,143,826
169,145,1057
169,146,882
169,148,1169
169,149,868
169,151,1082
169,152,915
169,153,1241
169,155,942
169,156,1225
169,158,1001
169,159,1257
169,161,905
169,162,1216
169,163,1003
169,165,1288
169,166,966
169,168,1330
169,169,1017
169,170,1348
169,172,913
169,173,1334
169,175,1042
169,176,1408
169,178,948
169,179,1390
169,180,1048
169,182,1480
169,183,965
169,185,1399
169,186,1106
169,188,1477
169,189,1030
169,190,1478
169,192,1126
169,193,1559
169,195,982
169,196,1438
169,197,1106
169,199,1481
169,200,981
169,202,1509
169,203,1134
169,205,1458
169,206,1043
169,207,1470
169,209,1081
169,210,1529
169,212,1010
169,213,1554
169,214,1076
169,216,1523
169,217,1033
169,219,1485
169,220,1082
169,222,1512
169,223,994
169,224,1450
169,226,1185
169,227,1553
169,229,922
169,230,1377
169,232,1048
169,233,1480
169,234,989
169,236,1437
169,237,1082
169,239,1547
169,240,959
169,241,1326
169,243,1034
169,244,1491
169,246,898
169,247,1381
169,249,1049
169,250,1444
169,251,945
169,253,1300
169,254,1039
169,256,1450
169,257,885
169,259,1344
169,260,995
169,261,1457
169,263,931
169,264,1274
169,266,1006
169,267,1370
169,268,957
169,270,1277
169,271,1030
169,273,1434
169,274,936
169,276,1212
169,277,946
169,278,1414
169,280,901
169,281,1262
169,283,927
169,284,1360
169,286,921
169,287,1188
169,288,950
169,290,1356
169,291,922
169,293,1135
169,294,929
169,295,1353
169,297,907
169,298,1166
169,300,986
169,301,1303
169,303,922
169,304,1172
169,305,875
169,307,1225
169,308,905
169,310,1061
169,311,862
169,313,1204
169,314,889
169,315,1142
169,317,904
169,318,1162
169,320,958
169,321,1104
169,322,914
169,324,1157
169,325,889
169,327,1035
169,328,809
169,330,1112
169,331,855
169,332,1015
169,334,835
169,335,1028
169,337,841
169,338,1004
169,339,791
169,341,917
169,342,821
169,344,852
169,345,774
169,347,892
169,348,746
169,349,752
169,351,683
169,352,758
169,354,613
169,355,767
169,357,685
169,358,663
169,359,460
169,361,557
169,362,472
169,364,533
169,365,264
169,366,395
169,367,970
170,10,521
170,11,437
170,13,496
170,14,784
170,16,566
170,17,541
170,18,503
170,20,672
170,21,610
170,23,686
170,24,591
170,26,852
170,27,609
170,28,615
170,30,610
170,31,846
170,33,723
170,34,748
170,36,652
170,37,882
170,38,630
170,40,672
170,41,625
170,43,932
170,44,784
170,45,835
170,47,689
170,48,1001
170,50,722
170,51,833
170,53,745
170,54,1011
170,55,793
170,57,876
170,58,774
170,60,991
170,61,773
170,63,830
170,64,729
170,65,1014
170,67,806
170,68,1005
170,70,757
170,71,1068
170,72,810
170,74,949
170,75,819
170,77,1127
170,78,833
170,80,1038
170,81,823
170,82,1099
170,84,864
170,85,973
170,87,790
170,88,1128
170,89,915
170,91,1069
170,92,807
170,94,1140
170,95,904
170,97,1077
170,98,812
170,99,1166
170,101,922
170,102,1092
170,104,851
170,105,1156
170,107,916
170,108,1109
170,109,837
170,111,1264
170,112,987
170,114,1232
170,115,864
170,116,1285
170,118,1031
170,119,1302
170,121,911
170,122,1287
170,124,1061
170,125,1293
170,126,950
170,128,1377
170,129,1117
170,131,1328
170,132,940
170,134,1440
170,135,1119
170,136,1395
170,138,1033
170,139,1400
170,141,1215
170,142,1437
170,143,1004
170,145,1601
170,146,1391
170,148,1448
170,149,1080
170,151,1602
170,152,1351
170,153,1529
170,155,1181
170,156,1638
170,158,1359
170,159,1561
170,161,1024
170,162,1661
170,163,1479
170,165,1690
170,166,1172
170,168,1611
170,169,1410
170,170,1642
170,172,1199
170,173,1768
170,175,1511
170,176,1755
170,178,1179
170,179,1797
170,180,1482
170,182,1648
170,183,1192
170,185,1790
170,186,1511
170,188,1761
170,189,1169
170,190,1822
170,192,1607
170,193,1658
170,195,1251
170,196,1809
170,197,1712
170,199,1699
170,200,1212
170,202,1844
170,203,1640
170,205,1744
170,206,1222
170,207,1755
170,209,1671
170,210,1765
170,212,1247
170,213,1785
170,214,1588
170,216,1708
170,217,1241
170,219,1784
170,220,1749
170,222,1722
170,223,1107
170,224,1781
170,226,1595
170,227,1776
170,229,1133
170,230,1667
170,232,1710
170,233,1768
170,234,1184
170,236,1782
170,237,1553
170,239,1675
170,240,1216
170,241,1689
170,243,1534
170,244,1659
170,246,1217
170,247,1683
170,249,1556
170,250,1690
170,251,1131
170,253,1665
170,254,1542
170,256,1697
170,257,1162
170,259,1636
170,260,1535
170,261,1614
170,263,1154
170,264,1534
170,266,1461
170,267,1653
170,268,1099
170,270,1587
170,271,1548
170,273,1609
170,274,986
170,276,1523
170,277,1423
170,278,1532
170,280,1070
170,281,1541
170,283,1454
170,284,1635
170,286,1017
170,287,1458
170,288,1367
170,290,1540
170,291,1029
170,293,1529
170,294,1422
170,295,1684
170,297,1069
170,298,1517
170,300,1342
170,301,1572
170,303,1040
170,304,1596
170,305,1346
170,307,1589
170,308,988
170,310,1525
170,311,1298
170,313,1598
170,314,1000
170,315,1530
170,317,1247
170,318,1703
170,320,1025
170,321,1534
170,322,1224
170,324,1590
170,325,979
170,327,1443
170,328,1191
170,330,1559
170,331,951
170,332,1443
170,334,1138
170,335,1508
170,337,945
170,338,1519
170,339,1086
170,341,1509
170,342,799
170,344,1417
170,345,1000
170,347,1331
170,348,799
170,349,1363
170,351,970
170,352,1267
170,354,703
170,355,1269
170,357,893
170,358,1204
170,359,584
170,361,1164
170,362,714
170,364,1259
170,365,426
170,366,830
170,367,1612
172,10,343
172,11,201
172,13,303
172,14,458
172,16,381
172,17,317
172,18,340
172,20,449
172,21,424
172,23,317
172,24,367
172,26,493
172,27,440
172,28,359
172,30,447
172,31,503
172,33,446
172,34,372
172,36,484
172,37,515
172,38,486
172,40,373
172,41,470
172,43,515
172,44,568
172,45,441
172,47,512
172,48,634
172,50,579
172,51,419
172,53,543
172,54,617
172,55,567
172,57,504
172,58,575
172,60,622
172,61,564
172,63,509
172,64,537
172,65,657
172,67,604
172,68,550
172,70,568
172,71,672
172,72,560
172,74,552
172,75,579
172,77,629
172,78,594
172,80,605
172,81,646
172,82,699
172,84,569
172,85,590
172,87,598
172,88,656
172,89,629
172,91,663
172,92,651
172,94,737
172,95,663
172,97,621
172,98,598
172,99,707
172,101,669
172,102,710
172,104,640
172,105,781
172,107,647
172,108,687
172,109,686
172,111,747
172,112,612
172,114,760
172,115,697
172,116,809
172,118,731
172,119,792
172,121,749
172,122,849
172,124,768
172,125,877
172,126,780
172,128,947
172,129,809
172,131,933
172,132,778
172,134,967
172,135,782
172,136,935
172,138,773
172,139,1027
172,141,839
172,142,1058
172,143,820
172,145,1072
172,146,853
172,148,1106
172,149,807
172,151,1143
172,152,943
172,153,1091
172,155,858
172,156,1191
172,158,889
172,159,1184
172,161,858
172,162,1186
172,163,1000
172,165,1219
172,166,926
172,168,1341
172,169,947
172,170,1198
172,172,896
172,173,1370
172,175,984
172,176,1351
172,178,880
172,179,1339
172,180,982
172,182,1342
172,183,931
172,185,1376
172,186,1100
172,188,1388
172,189,905
172,190,1334
172,192,1012
172,193,1335
172,195,902
172,196,1479
172,197,1028
172,199,1344
172,200,918
172,202,1487
172,203,987
172,205,1334
172,206,911
172,207,1456
172,209,982
172,210,1443
172,212,898
172,213,1432
172,214,998
172,216,1427
172,217,871
172,219,1453
172,220,1011
172,222,1339
172,223,894
172,224,1371
172,226,926
172,227,1308
172,229,834
172,230,1306
172,232,942
172,233,1403
172,234,884
172,236,1236
172,237,998
172,239,1243
172,240,857
172,241,1320
172,243,1020
172,244,1297
172,246,814
172,247,1208
172,249,900
172,250,1270
172,251,831
172,253,1290
172,254,917
172,256,1313
172,257,856
172,259,1174
172,260,932
172,261,1217
172,263,839
172,264,1115
172,266,867
172,267,1214
172,268,896
172,270,1155
172,271,839
172,273,1134
172,274,790
172,276,1091
172,277,799
172,278,1134
172,280,838
172,281,1128
172,283,862
172,284,1141
172,286,776
172,287,1009
172,288,826
172,290,1058
172,291,807
172,293,1008
172,294,800
172,295,1084
172,297,768
172,298,1029
172,300,760
172,301,1062
172,303,765
172,304,1011
172,305,804
172,307,930
172,308,757
172,310,943
172,311,773
172,313,1004
172,314,792
172,315,970
172,317,757
172,318,947
172,320,750
172,321,849
172,322,749
172,324,869
172,325,770
172,327,784
172,328,694
172,330,823
172,331,741
172,332,830
172,334,693
172,335,795
172,337,751
172,338,868
172,339,634
172,341,790
172,342,621
172,344,698
172,345,635
172,347,704
172,348,660
172,349,748
172,351,504
172,352,660
172,354,544
172,355,607
172,357,499
172,358,526
172,359,423
172,361,490
172,362,394
172,364,546
172,365,202
172,366,327
172,367,989
173,10,262
173,11,310
173,13,318
173,14,608
173,16,367
173,17,461
173,18,378
173,20,524
173,21,371
173,23,420
173,24,390
173,26,595
173,27,408
173,28,476
173,30,411
173,31,577
173,33,423
173,34,510
173,36,497
173,37,614
173,38,444
173,40,590
173,41,485
173,43,642
173,44,461
173,45,661
173,47,537
173,48,710
173,50,573
173,51,629
173,53,564
173,54,725
173,55,521
173,57,687
173,58,534
173,60,764
173,61,573
173,63,745
173,64,603
173,65,713
173,67,555
173,68,797
173,70,567
173,71,761
173,72,611
173,74,757
173,75,627
173,77,756
173,78,646
173,80,824
173,81,609
173,82,817
173,84,655
173,85,823
173,87,662
173,88,816
173,89,642
173,91,910
173,92,613
173,94,868
173,95,645
173,97,969
173,98,684
173,99,847
173,101,694
173,102,1034
173,104,709
173,105,844
173,107,711
173,108,996
173,109,712
173,111,902
173,112,751
173,114,1069
173,115,753
173,116,905
173,118,773
173,119,1225
173,121,764
173,122,1051
173,124,872
173,125,1211
173,126,791
173,128,1044
173,129,936
173,131,1311
173,132,889
173,134,1054
173,135,985
173,136,1278
173,138,855
173,139,1151
173,141,975
173,142,1397
173,143,887
173,145,1156
173,146,1033
173,148,1389
173,149,919
173,151,1262
173,152,1020
173,153,1468
173,155,996
173,156,1261
173,158,1115
173,159,1422
173,161,964
173,162,1306
173,163,1229
173,165,1569
173,166,1009
173,168,1377
173,169,1226
173,170,1568
173,172,1009
173,173,1460
173,175,1295
173,176,1590
173,178,1032
173,179,1485
173,180,1286
173,182,1644
173,183,1051
173,185,1467
173,186,1343
173,188,1693
173,189,1105
173,190,1478
173,192,1349
173,193,1677
173,195,1121
173,196,1624
173,197,1393
173,199,1794
173,200,1088
173,202,1508
173,203,1436
173,205,1656
173,206,1115
173,207,1530
173,209,1384
173,210,1798
173,212,1101
173,213,1471
173,214,1377
173,216,1727
173,217,1176
173,219,1518
173,220,1375
173,222,1762
173,223,1081
173,224,1496
173,226,1405
173,227,1762
173,229,1162
173,230,1420
173,232,1332
173,233,1659
173,234,1117
173,236,1474
173,237,1393
173,239,1617
173,240,1087
173,241,1455
173,243,1339
173,244,1653
173,246,1074
173,247,1366
173,249,1275
173,250,1614
173,251,1116
173,253,1293
173,254,1209
173,256,1586
173,257,1058
173,259,1225
173,260,1273
173,261,1608
173,263,1087
173,264,1270
173,266,1172
173,267,1530
173,268,1114
173,270,1324
173,271,1186
173,273,1572
173,274,1039
173,276,1217
173,277,1165
173,278,1489
173,280,1043
173,281,1210
173,283,1116
173,284,1486
173,286,1043
173,287,1206
173,288,1043
173,290,1440
173,291,1042
173,293,1237
173,294,1048
173,295,1382
173,297,988
173,298,1105
173,300,1028
173,301,1421
173,303,983
173,304,1103
173,305,1038
173,307,1246
173,308,980
173,310,1083
173,311,912
173,313,1281
173,314,995
173,315,1181
173,317,929
173,318,1342
173,320,967
173,321,1136
173,322,870
173,324,1257
173,325,907
173,327,1142
173,328,881
173,330,1223
173,331,911
173,332,1092
173,334,767
173,335,1096
173,337,852
173,338,1073
173,339,784
173,341,1143
173,342,795
173,344,970
173,345,698
173,347,952
173,348,724
173,349,979
173,351,592
173,352,955
173,354,649
173,355,924
173,357,556
173,358,705
173,359,470
173,361,648
173,362,412
173,364,720
173,365,285
173,366,434
173,367,740
175,10,279
175,11,202
175,13,353
175,14,382
175,16,331
175,17,323
175,18,373
175,20,336
175,21,347
175,23,350
175,24,395
175,26,378
175,27,369
175,28,412
175,30,471
175,31,448
175,33,429
175,34,411
175,36,539
175,37,432
175,38,404
175,40,398
175,41,546
175,43,478
175,44,448
175,45,467
175,47,555
175,48,504
175,50,470
175,51,497
175,53,591
175,54,498
175,55,527
175,57,543
175,58,568
175,60,563
175,61,512
175,63,538
175,64,590
175,65,540
175,67,521
175,68,560
175,70,618
175,71,586
175,72,556
175,74,595
175,75,635
175,77,634
175,78,580
175,80,599
175,81,637
175,82,615
175,84,555
175,85,594
175,87,573
175,88,599
175,89,621
175,91,702
175,92,624
175,94,580
175,95,641
175,97,687
175,98,676
175,99,726
175,101,597
175,102,786
175,104,690
175,105,670
175,107,630
175,108,765
175,109,709
175,111,753
175,112,685
175,114,763
175,115,687
175,116,827
175,118,715
175,119,928
175,121,765
175,122,933
175,124,758
175,125,978
175,126,756
175,128,946
175,129,764
175,131,1009
175,132,846
175,134,1013
175,135,769
175,136,1059
175,138,799
175,139,1044
175,141,788
175,142,1091
175,143,881
175,145,1062
175,146,893
175,148,1161
175,149,907
175,151,1158
175,152,951
175,153,1255
175,155,949
175,156,1317
175,158,1050
175,159,1273
175,161,915
175,162,1268
175,163,1015
175,165,1293
175,166,1004
175,168,1403
175,169,1015
175,170,1448
175,172,1019
175,173,1449
175,175,1097
175,176,1414
175,178,1027
175,179,1481
175,180,1177
175,182,1468
175,183,1059
175,185,1465
175,186,1111
175,188,1536
175,189,1084
175,190,1528
175,192,1197
175,193,1506
175,195,1071
175,196,1507
175,197,1140
175,199,1486
175,200,1083
175,202,1536
175,203,1200
175,205,1573
175,206,1040
175,207,1638
175,209,1186
175,210,1578
175,212,1006
175,213,1632
175,214,1171
175,216,1536
175,217,1018
175,219,1538
175,220,1144
175,222,1554
175,223,1074
175,224,1561
175,226,1087
175,227,1596
175,229,993
175,230,1428
175,232,1131
175,233,1460
175,234,985
175,236,1493
175,237,1173
175,239,1601
175,240,978
175,241,1442
175,243,1114
175,244,1548
175,246,984
175,247,1430
175,249,1158
175,250,1547
175,251,961
175,253,1410
175,254,1019
175,256,1473
175,257,977
175,259,1345
175,260,1074
175,261,1478
175,263,980
175,264,1373
175,266,1009
175,267,1458
175,268,935
175,270,1261
175,271,1056
175,273,1503
175,274,943
175,276,1222
175,277,995
175,278,1384
175,280,921
175,281,1233
175,283,981
175,284,1437
175,286,936
175,287,1148
175,288,946
175,290,1324
175,291,946
175,293,1217
175,294,961
175,295,1393
175,297,923
175,298,1115
175,300,908
175,301,1296
175,303,923
175,304,1136
175,305,926
175,307,1306
175,308,885
175,310,1023
175,311,958
175,313,1175
175,314,906
175,315,1101
175,317,882
175,318,1200
175,320,882
175,321,1062
175,322,841
175,324,1138
175,325,865
175,327,1025
175,328,867
175,330,1080
175,331,862
175,332,933
175,334,800
175,335,950
175,337,846
175,338,937
175,339,791
175,341,1026
175,342,826
175,344,869
175,345,702
175,347,786
175,348,716
175,349,804
175,351,727
175,352,819
175,354,616
175,355,692
175,357,662
175,358,662
175,359,419
175,361,530
175,362,483
175,364,555
175,365,235
175,366,344
175,367,934
176,10,472
176,11,424
176,13,500
176,14,800
176,16,511
176,17,532
176,18,480
176,20,705
176,21,604
176,23,590
176,24,521
176,26,756
176,27,589
176,28,624
176,30,596
176,31,855
176,33,694
176,34,632
176,36,616
176,37,889
176,38,676
176,40,614
176,41,657
176,43,926
176,44,730
176,45,768
176,47,710
176,48,937
176,50,663
176,51,728
176,53,676
176,54,1029
176,55,813
176,57,835
176,58,741
176,60,966
176,61,789
176,63,767
176,64,714
176,65,1047
176,67,817
176,68,873
176,70,740
176,71,997
176,72,800
176,74,881
176,75,725
176,77,1047
176,78,847
176,80,961
176,81,772
176,82,1001
176,84,772
176,85,894
176,87,751
176,88,1160
176,89,895
176,91,1026
176,92,835
176,94,1079
176,95,864
176,97,983
176,98,827
176,99,1215
176,101,934
176,102,1059
176,104,795
176,105,1145
176,107,883
176,108,1027
176,109,828
176,111,1222
176,112,939
176,114,1127
176,115,858
176,116,1255
176,118,1019
176,119,1134
176,121,919
176,122,1381
176,124,1101
176,125,1278
176,126,924
176,128,1355
176,129,1107
176,131,1331
176,132,1032
176,134,1411
176,135,1185
176,136,1333
176,138,1031
176,139,1428
176,141,1217
176,142,1472
176,143,1102
176,145,1617
176,146,1271
176,148,1499
176,149,1053
176,151,1619
176,152,1346
176,153,1667
176,155,1139
176,156,1663
176,158,1432
176,159,1647
176,161,1100
176,162,1700
176,163,1443
176,165,1697
176,166,1170
176,168,1840
176,169,1576
176,170,1794
176,172,1242
176,173,1797
176,175,1600
176,176,1741
176,178,1275
176,179,1890
176,180,1648
176,182,1702
176,183,1237
176,185,1862
176,186,1582
176,188,1814
176,189,1264
176,190,2001
176,192,1712
176,193,1827
176,195,1273
176,196,1921
176,197,1740
176,199,1858
176,200,1310
176,202,1892
176,203,1824
176,205,1852
176,206,1287
176,207,1890
176,209,1564
176,210,1783
176,212,1306
176,213,1821
176,214,1754
176,216,1804
176,217,1248
176,219,1846
176,220,1664
176,222,1835
176,223,1280
176,224,1927
176,226,1827
176,227,1876
176,229,1238
176,230,1880
176,232,1646
176,233,1803
176,234,1272
176,236,1703
176,237,1757
176,239,1818
176,240,1241
176,241,1835
176,243,1696
176,244,1794
176,246,1279
176,247,1787
176,249,1689
176,250,1768
176,251,1164
176,253,1632
176,254,1563
176,256,1705
176,257,1173
176,259,1686
176,260,1576
176,261,1760
176,263,1209
176,264,1619
176,266,1512
176,267,1694
176,268,1235
176,270,1696
176,271,1650
176,273,1660
176,274,1087
176,276,1573
176,277,1499
176,278,1566
176,280,1077
176,281,1653
176,283,1563
176,284,1642
176,286,1113
176,287,1562
176,288,1385
176,290,1681
176,291,1102
176,293,1634
176,294,1469
176,295,1601
176,297,1051
176,298,1553
176,300,1315
176,301,1617
176,303,1024
176,304,1563
176,305,1479
176,307,1665
176,308,955
176,310,1501
176,311,1213
176,313,1491
176,314,1006
176,315,1506
176,317,1346
176,318,1623
176,320,1020
176,321,1443
176,322,1181
176,324,1542
176,325,977
176,327,1543
176,328,1253
176,330,1547
176,331,949
176,332,1372
176,334,1104
176,335,1416
176,337,922
176,338,1497
176,339,1131
176,341,1377
176,342,825
176,344,1233
176,345,954
176,347,1244
176,348,772
176,349,1242
176,351,874
176,352,1193
176,354,697
176,355,1133
176,357,864
176,358,1063
176,359,574
176,361,991
176,362,646
176,364,1008
176,365,379
176,366,622
176,367,1140
178,10,351
178,11,239
178,13,288
178,14,459
178,16,376
178,17,307
178,18,385
178,20,462
178,21,430
178,23,371
178,24,378
178,26,508
178,27,409
178,28,350
178,30,436
178,31,542
178,33,490
178,34,445
178,36,520
178,37,521
178,38,494
178,40,432
178,41,457
178,43,598
178,44,517
178,45,486
178,47,510
178,48,572
178,50,541
178,51,417
178,53,586
178,54,648
178,55,545
178,57,516
178,58,532
178,60,638
178,61,553
178,63,508
178,64,539
178,65,678
178,67,616
178,68,549
178,70,596
178,71,661
178,72,568
178,74,540
178,75,534
178,77,692
178,78,631
178,80,597
178,81,606
178,82,695
178,84,596
178,85,558
178,87,627
178,88,741
178,89,628
178,91,694
178,92,633
178,94,711
178,95,645
178,97,608
178,98,594
178,99,741
178,101,661
178,102,715
178,104,651
178,105,739
178,107,686
178,108,701
178,109,637
178,111,790
178,112,662
178,114,823
178,115,668
178,116,784
178,118,702
178,119,806
178,121,691
178,122,862
178,124,709
178,125,897
178,126,740
178,128,866
178,129,758
178,131,914
178,132,744
178,134,887
178,135,795
178,136,975
178,138,744
178,139,910
178,141,754
178,142,964
178,143,803
178,145,1040
178,146,823
178,148,1064
178,149,801
178,151,1041
178,152,889
178,153,1066
178,155,840
178,156,1150
178,158,943
178,159,1084
178,161,867
178,162,1218
178,163,923
178,165,1165
178,166,911
178,168,1288
178,169,914
178,170,1253
178,172,862
178,173,1284
178,175,935
178,176,1262
178,178,926
178,179,1287
178,180,982
178,182,1333
178,183,971
178,185,1354
178,186,923
178,188,1282
178,189,944
178,190,1278
178,192,1009
178,193,1361
178,195,925
178,196,1341
178,197,1029
178,199,1402
178,200,959
178,202,1393
178,203,1005
178,205,1376
178,206,915
178,207,1317
178,209,963
178,210,1356
178,212,870
178,213,1372
178,214,991
178,216,1399
178,217,954
178,219,1341
178,220,981
178,222,1357
178,223,939
178,224,1334
178,226,981
178,227,1333
178,229,822
178,230,1325
178,232,1002
178,233,1288
178,234,864
178,236,1334
178,237,953
178,239,1328
178,240,924
178,241,1230
178,243,948
178,244,1285
178,246,831
178,247,1227
178,249,926
178,250,1332
178,251,828
178,253,1204
178,254,888
178,256,1297
178,257,826
178,259,1169
178,260,864
178,261,1238
178,263,789
178,264,1132
178,266,936
178,267,1161
178,268,805
178,270,1092
178,271,895
178,273,1245
178,274,784
178,276,1067
178,277,825
178,278,1114
178,280,740
178,281,1153
178,283,884
178,284,1097
178,286,755
178,287,1006
178,288,853
178,290,1074
178,291,818
178,293,1067
178,294,897
178,295,1095
178,297,816
178,298,1045
178,300,809
178,301,974
178,303,774
178,304,994
178,305,800
178,307,1005
178,308,806
178,310,997
178,311,780
178,313,900
178,314,795
178,315,993
178,317,839
178,318,916
178,320,784
178,321,966
178,322,758
178,324,871
178,325,784
178,327,898
178,328,755
178,330,783
178,331,747
178,332,826
178,334,733
178,335,844
178,337,732
178,338,809
178,339,748
178,341,790
178,342,686
178,344,724
178,345,679
178,347,673
178,348,623
178,349,730
178,351,553
178,352,685
178,354,565
178,355,653
178,357,578
178,358,593
178,359,438
178,361,515
178,362,421
178,364,494
178,365,241
178,366,365
178,367,979
179,10,332
179,11,336
179,13,320
179,14,568
179,16,394
179,17,455
179,18,355
179,20,560
179,21,384
179,23,542
179,24,414
179,26,583
179,27,403
179,28,488
179,30,443
179,31,589
179,33,486
179,34,632
179,36,476
179,37,664
179,38,484
179,40,528
179,41,457
179,43,654
179,44,553
179,45,660
179,47,513
179,48,705
179,50,532
179,51,690
179,53,557
179,54,729
179,55,547
179,57,799
179,58,610
179,60,751
179,61,545
179,63,755
179,64,582
179,65,763
179,67,642
179,68,823
179,70,623
179,71,787
179,72,568
179,74,796
179,75,646
179,77,797
179,78,680
179,80,877
179,81,680
179,82,848
179,84,641
179,85,846
179,87,669
179,88,860
179,89,682
179,91,957
179,92,655
179,94,827
179,95,691
179,97,911
179,98,715
179,99,891
179,101,733
179,102,1067
179,104,749
179,105,878
179,107,724
179,108,1000
179,109,738
179,111,874
179,112,883
179,114,1235
179,115,839
179,116,892
179,118,791
179,119,1141
179,121,755
179,122,998
179,124,824
179,125,1207
179,126,878
179,128,1073
179,129,831
179,131,1257
179,132,847
179,134,1043
179,135,911
179,136,1317
179,138,873
179,139,1115
179,141,966
179,142,1357
179,143,899
179,145,1183
179,146,1064
179,148,1428
179,149,900
179,151,1226
179,152,1106
179,153,1397
179,155,959
179,156,1217
179,158,1099
179,159,1446
179,161,972
179,162,1358
179,163,1141
179,165,1472
179,166,981
179,168,1389
179,169,1247
179,170,1550
179,172,1084
179,173,1362
179,175,1148
179,176,1504
179,178,1007
179,179,1453
179,180,1293
179,182,1681
179,183,1103
179,185,1450
179,186,1335
179,188,1656
179,189,1112
179,190,1474
179,192,1386
179,193,1648
179,195,1048
179,196,1442
179,197,1356
179,199,1694
179,200,1143
179,202,1448
179,203,1460
179,205,1655
179,206,1137
179,207,1413
179,209,1327
179,210,1660
179,212,1153
179,213,1420
179,214,1392
179,216,1658
179,217,1124
179,219,1461
179,220,1380
179,222,1653
179,223,1123
179,224,1516
179,226,1485
179,227,1686
179,229,1081
179,230,1428
179,232,1399
179,233,1632
179,234,1062
179,236,1389
179,237,1396
179,239,1634
179,240,1131
179,241,1338
179,243,1287
179,244,1694
179,246,1046
179,247,1388
179,249,1286
179,250,1581
179,251,1107
179,253,1346
179,254,1220
179,256,1533
179,257,1075
179,259,1286
179,260,1264
179,261,1642
179,263,1069
179,264,1259
179,266,1243
179,267,1591
179,268,1120
179,270,1344
179,271,1199
179,273,1568
179,274,1037
179,276,1245
179,277,1192
179,278,1508
179,280,969
179,281,1238
179,283,1035
179,284,1470
179,286,981
179,287,1223
179,288,1087
179,290,1537
179,291,1003
179,293,1186
179,294,1051
179,295,1494
179,297,1023
179,298,1136
179,300,1068
179,301,1447
179,303,1023
179,304,1220
179,305,1015
179,307,1338
179,308,975
179,310,1172
179,311,960
179,313,1310
179,314,1020
179,315,1225
179,317,962
179,318,1364
179,320,962
179,321,1137
179,322,840
179,324,1256
179,325,982
179,327,1175
179,328,881
179,330,1219
179,331,846
179,332,1002
179,334,791
179,335,1223
179,337,889
179,338,1129
179,339,756
179,341,1142
179,342,777
179,344,1016
179,345,727
179,347,1016
179,348,753
179,349,957
179,351,598
179,352,919
179,354,716
179,355,892
179,357,552
179,358,739
179,359,522
179,361,750
179,362,367
179,364,685
179,365,299
179,366,418
179,367,903
180,10,247
180,11,263
180,13,388
180,14,435
180,16,348
180,17,317
180,18,418
180,20,326
180,21,322
180,23,364
180,24,471
180,26,425
180,27,381
180,28,370
180,30,455
180,31,422
180,33,383
180,34,422
180,36,548
180,37,460
180,38,461
180,40,408
180,41,524
180,43,420
180,44,434
180,45,484
180,47,574
180,48,486
180,50,493
180,51,481
180,53,554
180,54,526
180,55,493
180,57,515
180,58,546
180,60,572
180,61,490
180,63,539
180,64,563
180,65,574
180,67,535
180,68,541
180,70,565
180,71,553
180,72,560
180,74,573
180,75,602
180,77,589
180,78,578
180,80,647
180,81,609
180,82,581
180,84,624
180,85,630
180,87,616
180,88,596
180,89,580
180,91,685
180,92,581
180,94,674
180,95,596
180,97,701
180,98,654
180,99,705
180,101,652
180,102,761
180,104,650
180,105,724
180,107,616
180,108,753
180,109,665
180,111,789
180,112,699
180,114,846
180,115,704
180,116,787
180,118,684
180,119,855
180,121,733
180,122,796
180,124,661
180,125,971
180,126,766
180,128,908
180,129,718
180,131,958
180,132,751
180,134,973
180,135,741
180,136,1018
180,138,864
180,139,958
180,141,791
180,142,1022
180,143,827
180,145,1106
180,146,813
180,148,1088
180,149,861
180,151,1115
180,152,908
180,153,1199
180,155,870
180,156,1256
180,158,905
180,159,1197
180,161,894
180,162,1256
180,163,921
180,165,1299
180,166,943
180,168,1357
180,169,990
180,170,1268
180,172,977
180,173,1351
180,175,976
180,176,1337
180,178,973
180,179,1324
180,180,1042
180,182,1447
180,183,963
180,185,1440
180,186,1028
180,188,1380
180,189,1029
180,190,1468
180,192,1075
180,193,1417
180,195,987
180,196,1424
180,197,1093
180,199,1461
180,200,987
180,202,1509
180,203,1121
180,205,1426
180,206,963
180,207,1490
180,209,1130
180,210,1507
180,212,995
180,213,1477
180,214,1068
180,216,1583
180,217,1013
180,219,1466
180,220,1060
180,222,1498
180,223,949
180,224,1484
180,226,1079
180,227,1489
180,229,906
180,230,1466
180,232,1109
180,233,1489
180,234,985
180,236,1382
180,237,1077
180,239,1496
180,240,913
180,241,1437
180,243,1015
180,244,1462
180,246,938
180,247,1375
180,249,1031
180,250,1425
180,251,842
180,253,1298
180,254,940
180,256,1445
180,257,873
180,259,1275
180,260,963
180,261,1428
180,263,870
180,264,1247
180,266,1043
180,267,1398
180,268,903
180,270,1301
180,271,927
180,273,1431
180,274,883
180,276,1268
180,277,943
180,278,1289
180,280,901
180,281,1244
180,283,940
180,284,1309
180,286,844
180,287,1197
180,288,996
180,290,1319
180,291,931
180,293,1161
180,294,854
180,295,1333
180,297,932
180,298,1220
180,300,888
180,301,1293
180,303,931
180,304,1085
180,305,876
180,307,1204
180,308,874
180,310,1069
180,311,879
180,313,1137
180,314,901
180,315,1107
180,317,822
180,318,1191
180,320,891
180,321,1026
180,322,827
180,324,1134
180,325,855
180,327,993
180,328,741
180,330,947
180,331,790
180,332,1064
180,334,819
180,335,957
180,337,776
180,338,907
180,339,726
180,341,901
180,342,768
180,344,907
180,345,747
180,347,931
180,348,733
180,349,789
180,351,660
180,352,834
180,354,598
180,355,736
180,357,643
180,358,664
180,359,508
180,361,566
180,362,467
180,364,534
180,365,253
180,366,423
180,367,1093
182,10,527
182,11,431
182,13,541
182,14,893
182,16,597
182,17,569
182,18,583
182,20,755
182,21,588
182,23,650
182,24,600
182,26,900
182,27,646
182,28,691
182,30,674
182,31,847
182,33,706
182,34,724
182,36,649
182,37,998
182,38,668
182,40,696
182,41,729
182,43,925
182,44,762
182,45,876
182,47,716
182,48,1043
182,50,756
182,51,789
182,53,720
182,54,995
182,55,774
182,57,897
182,58,811
182,60,1037
182,61,762
182,63,869
182,64,736
182,65,1049
182,67,795
182,68,965
182,70,745
182,71,1171
182,72,797
182,74,909
182,75,827
182,77,1070
182,78,868
182,80,996
182,81,805
182,82,1155
182,84,874
182,85,950
182,87,801
182,88,1193
182,89,891
182,91,1085
182,92,830
182,94,1165
182,95,903
182,97,999
182,98,878
182,99,1199
182,101,876
182,102,1095
182,104,825
182,105,1224
182,107,915
182,108,1046
182,109,829
182,111,1217
182,112,982
182,114,1218
182,115,909
182,116,1295
182,118,1037
182,119,1268
182,121,941
182,122,1287
182,124,1115
182,125,1284
182,126,922
182,128,1403
182,129,1062
182,131,1339
182,132,1001
182,134,1400
182,135,1180
182,136,1385
182,138,1028
182,139,1458
182,141,1274
182,142,1429
182,143,1047
182,145,1535
182,146,1238
182,148,1481
182,149,1074
182,151,1615
182,152,1356
182,153,1561
182,155,1092
182,156,1601
182,158,1350
182,159,1494
182,161,1146
182,162,1718
182,163,1445
182,165,1651
182,166,1152
182,168,1641
182,169,1523
182,170,1640
182,172,1092
182,173,1777
182,175,1453
182,176,1725
182,178,1192
182,179,1752
182,180,1531
182,182,1664
182,183,1253
182,185,1857
182,186,1634
182,188,1675
182,189,1231
182,190,1757
182,192,1614
182,193,1719
182,195,1330
182,196,1904
182,197,1734
182,199,1784
182,200,1246
182,202,1802
182,203,1650
182,205,1767
182,206,1236
182,207,1896
182,209,1568
182,210,1773
182,212,1220
182,213,1811
182,214,1658
182,216,1746
182,217,1174
182,219,1800
182,220,1599
182,222,1780
182,223,1258
182,224,1727
182,226,1621
182,227,1703
182,229,1227
182,230,1800
182,232,1544
182,233,1712
182,234,1226
182,236,1592
182,237,1611
182,239,1674
182,240,1229
182,241,1707
182,243,1585
182,244,1689
182,246,1234
182,247,1687
182,249,1544
182,250,1687
182,251,1121
182,253,1717
182,254,1586
182,256,1646
182,257,1117
182,259,1539
182,260,1472
182,261,1626
182,263,1107
182,264,1565
182,266,1527
182,267,1680
182,268,1154
182,270,1558
182,271,1528
182,273,1627
182,274,1044
182,276,1465
182,277,1407
182,278,1578
182,280,1055
182,281,1551
182,283,1433
182,284,1572
182,286,1106
182,287,1596
182,288,1346
182,290,1673
182,291,1014
182,293,1597
182,294,1420
182,295,1556
182,297,1037
182,298,1504
182,300,1380
182,301,1561
182,303,1042
182,304,1589
182,305,1324
182,307,1606
182,308,1033
182,310,1509
182,311,1267
182,313,1651
182,314,1046
182,315,1491
182,317,1275
182,318,1654
182,320,940
182,321,1498
182,322,1240
182,324,1586
182,325,908
182,327,1547
182,328,1186
182,330,1473
182,331,862
182,332,1454
182,334,1185
182,335,1438
182,337,928
182,338,1522
182,339,1075
182,341,1483
182,342,828
182,344,1406
182,345,1031
182,347,1414
182,348,788
182,349,1348
182,351,932
182,352,1369
182,354,743
182,355,1233
182,357,880
182,358,1286
182,359,581
182,361,1114
182,362,717
182,364,1251
182,365,385
182,366,788
182,367,1419
183,10,335
183,11,225
183,13,296
183,14,430
183,16,384
183,17,323
183,18,370
183,20,421
183,21,365
183,23,345
183,24,416
183,26,504
183,27,468
183,28,364
183,30,406
183,31,448
183,33,441
183,34,399
183,36,450
183,37,578
183,38,490
183,40,392
183,41,442
183,43,549
183,44,485
183,45,407
183,47,483
183,48,591
183,50,548
183,51,470
183,53,487
183,54,591
183,55,526
183,57,511
183,58,520
183,60,691
183,61,534
183,63,530
183,64,501
183,65,615
183,67,546
183,68,531
183,70,526
183,71,635
183,72,601
183,74,563
183,75,583
183,77,633
183,78,562
183,80,533
183,81,571
183,82,679
183,84,579
183,85,591
183,87,573
183,88,637
183,89,596
183,91,597
183,92,615
183,94,700
183,95,617
183,97,630
183,98,625
183,99,693
183,101,560
183,102,711
183,104,590
183,105,737
183,107,638
183,108,681
183,109,588
183,111,722
183,112,699
183,114,777
183,115,687
183,116,788
183,118,683
183,119,800
183,121,684
183,122,853
183,124,666
183,125,798
183,126,669
183,128,885
183,129,709
183,131,900
183,132,766
183,134,912
183,135,770
183,136,944
183,138,768
183,139,1029
183,141,812
183,142,1016
183,143,802
183,145,1135
183,146,789
183,148,1007
183,149,770
183,151,1044
183,152,872
183,153,1103
183,155,827
183,156,1152
183,158,849
183,159,1104
183,161,831
183,162,1146
183,163,973
183,165,1193
183,166,870
183,168,1243
183,169,918
183,170,1201
183,172,859
183,173,1289
183,175,959
183,176,1211
183,178,878
183,179,1319
183,180,982
183,182,1273
183,183,922
183,185,1315
183,186,1032
183,188,1337
183,189,885
183,190,1395
183,192,976
183,193,1362
183,195,871
183,196,1354
183,197,998
183,199,1329
183,200,920
183,202,1399
183,203,964
183,205,1328
183,206,881
183,207,1348
183,209,1058
183,210,1288
183,212,929
183,213,1387
183,214,964
183,216,1345
183,217,887
183,219,1388
183,220,996
183,222,1385
183,223,848
183,224,1390
183,226,989
183,227,1387
183,229,865
183,230,1302
183,232,933
183,233,1367
183,234,838
183,236,1328
183,237,928
183,239,1301
183,240,817
183,241,1280
183,243,944
183,244,1281
183,246,781
183,247,1283
183,249,890
183,250,1269
183,251,816
183,253,1207
183,254,927
183,256,1237
183,257,781
183,259,1175
183,260,880
183,261,1150
183,263,809
183,264,1109
183,266,829
183,267,1241
183,268,795
183,270,1114
183,271,826
183,273,1129
183,274,742
183,276,1080
183,277,776
183,278,1166
183,280,764
183,281,1042
183,283,830
183,284,1090
183,286,749
183,287,981
183,288,833
183,290,1070
183,291,834
183,293,1032
183,294,768
183,295,1002
183,297,731
183,298,998
183,300,765
183,301,1028
183,303,771
183,304,999
183,305,785
183,307,965
183,308,776
183,310,966
183,311,703
183,313,960
183,314,812
183,315,939
183,317,767
183,318,898
183,320,727
183,321,898
183,322,705
183,324,935
183,325,781
183,327,856
183,328,665
183,330,853
183,331,689
183,332,849
183,334,663
183,335,789
183,337,730
183,338,870
183,339,674
183,341,779
183,342,655
183,344,747
183,345,597
183,347,713
183,348,645
183,349,691
183,351,537
183,352,624
183,354,538
183,355,631
183,357,540
183,358,597
183,359,407
183,361,503
183,362,367
183,364,512
183,365,207
183,366,310
183,367,1023
185,10,307
185,11,304
185,13,332
185,14,641
185,16,389
185,17,452
185,18,377
185,20,471
185,21,390
185,23,457
185,24,394
185,26,574
185,27,432
185,28,523
185,30,404
185,31,561
185,33,455
185,34,563
185,36,400
185,37,635
185,38,503
185,40,613
185,41,504
185,43,668
185,44,527
185,45,716
185,47,516
185,48,668
185,50,541
185,51,690
185,53,556
185,54,699
185,55,529
185,57,756
185,58,559
185,60,730
185,61,586
185,63,763
185,64,577
185,65,716
185,67,578
185,68,787
185,70,625
185,71,711
185,72,569
185,74,807
185,75,635
185,77,734
185,78,638
185,80,817
185,81,591
185,82,821
185,84,640
185,85,860
185,87,669
185,88,802
185,89,688
185,91,961
185,92,637
185,94,839
185,95,674
185,97,994
185,98,665
185,99,843
185,101,753
185,102,973
185,104,678
185,105,862
185,107,720
185,108,1004
185,109,739
185,111,892
185,112,742
185,114,1119
185,115,732
185,116,931
185,118,857
185,119,1200
185,121,801
185,122,1028
185,124,821
185,125,1158
185,126,820
185,128,1012
185,129,926
185,131,1234
185,132,785
185,134,1075
185,135,942
185,136,1324
185,138,852
185,139,1176
185,141,1028
185,142,1418
185,143,905
185,145,1181
185,146,1025
185,148,1399
185,149,915
185,151,1268
185,152,1100
185,153,1442
185,155,900
185,156,1317
185,158,1221
185,159,1461
185,161,993
185,162,1331
185,163,1293
185,165,1574
185,166,1037
185,168,1386
185,169,1223
185,170,1591
185,172,1012
185,173,1377
185,175,1268
185,176,1606
185,178,1037
185,179,1438
185,180,1314
185,182,1658
185,183,1078
185,185,1466
185,186,1351
185,188,1713
185,189,1108
185,190,1519
185,192,1364
185,193,1655
185,195,1114
185,196,1525
185,197,1392
185,199,1677
185,200,1124
185,202,1552
185,203,1403
185,205,1670
185,206,1102
185,207,1570
185,209,1419
185,210,1643
185,212,1133
185,213,1508
185,214,1405
185,216,1652
185,217,1138
185,219,1464
185,220,1441
185,222,1767
185,223,1166
185,224,1446
185,226,1410
185,227,1737
185,229,1176
185,230,1447
185,232,1370
185,233,1710
185,234,1142
185,236,1351
185,237,1386
185,239,1508
185,240,1116
185,241,1440
185,243,1386
185,244,1627
185,246,1136
185,247,1380
185,249,1317
185,250,1676
185,251,1084
185,253,1308
185,254,1304
185,256,1630
185,257,1090
185,259,1223
185,260,1266
185,261,1593
185,263,1020
185,264,1217
185,266,1194
185,267,1549
185,268,1029
185,270,1279
185,271,1195
185,273,1584
185,274,1048
185,276,1248
185,277,1192
185,278,1554
185,280,1032
185,281,1151
185,283,1115
185,284,1508
185,286,1086
185,287,1165
185,288,1040
185,290,1439
185,291,978
185,293,1211
185,294,1058
185,295,1513
185,297,998
185,298,1185
185,300,1055
185,301,1400
185,303,992
185,304,1144
185,305,995
185,307,1358
185,308,967
185,310,1097
185,311,892
185,313,1275
185,314,1008
185,315,1140
185,317,921
185,318,1346
185,320,940
185,321,1110
185,322,908
185,324,1262
185,325,909
185,327,1106
185,328,783
185,330,1221
185,331,848
185,332,1100
185,334,724
185,335,1136
185,337,878
185,338,1062
185,339,735
185,341,1121
185,342,783
185,344,1023
185,345,689
185,347,959
185,348,715
185,349,969
185,351,585
185,352,953
185,354,617
185,355,811
185,357,550
185,358,780
185,359,456
185,361,653
185,362,366
185,364,729
185,365,232
185,366,399
185,367,797
186,10,248
186,11,212
186,13,357
186,14,369
186,16,302
186,17,336
186,18,386
186,20,356
186,21,280
186,23,317
186,24,388
186,26,351
186,27,359
186,28,322
186,30,466
186,31,383
186,33,398
186,34,345
186,36,471
186,37,430
186,38,383
186,40,405
186,41,467
186,43,432
186,44,454
186,45,465
186,47,502
186,48,469
186,50,448
186,51,464
186,53,515
186,54,525
186,55,469
186,57,511
186,58,520
186,60,525
186,61,486
186,63,513
186,64,545
186,65,549
186,67,495
186,68,590
186,70,562
186,71,540
186,72,540
186,74,571
186,75,559
186,77,569
186,78,558
186,80,567
186,81,557
186,82,552
186,84,529
186,85,662
186,87,587
186,88,588
186,89,548
186,91,658
186,92,598
186,94,639
186,95,547
186,97,703
186,98,608
186,99,667
186,101,573
186,102,727
186,104,587
186,105,632
186,107,575
186,108,750
186,109,656
186,111,699
186,112,620
186,114,806
186,115,639
186,116,759
186,118,655
186,119,852
186,121,698
186,122,826
186,124,769
186,125,876
186,126,683
186,128,861
186,129,719
186,131,976
186,132,719
186,134,955
186,135,736
186,136,1015
186,138,783
186,139,975
186,141,799
186,142,1142
186,143,835
186,145,1065
186,146,858
186,148,1073
186,149,833
186,151,1104
186,152,818
186,153,1233
186,155,900
186,156,1213
186,158,929
186,159,1227
186,161,884
186,162,1328
186,163,943
186,165,1264
186,166,964
186,168,1306
186,169,1075
186,170,1364
186,172,914
186,173,1320
186,175,985
186,176,1381
186,178,1010
186,179,1372
186,180,1108
186,182,1437
186,183,996
186,185,1450
186,186,1059
186,188,1390
186,189,961
186,190,1492
186,192,1116
186,193,1554
186,195,1005
186,196,1535
186,197,1133
186,199,1496
186,200,970
186,202,1495
186,203,1137
186,205,1522
186,206,1031
186,207,1452
186,209,1126
186,210,1529
186,212,1036
186,213,1534
186,214,1162
186,216,1555
186,217,937
186,219,1508
186,220,1043
186,222,1554
186,223,986
186,224,1464
186,226,1096
186,227,1516
186,229,972
186,230,1471
186,232,1057
186,233,1505
186,234,938
186,236,1458
186,237,1108
186,239,1503
186,240,941
186,241,1359
186,243,1070
186,244,1463
186,246,917
186,247,1346
186,249,1069
186,250,1431
186,251,915
186,253,1373
186,254,976
186,256,1429
186,257,903
186,259,1363
186,260,963
186,261,1396
186,263,905
186,264,1237
186,266,963
186,267,1416
186,268,898
186,270,1238
186,271,1003
186,273,1428
186,274,864
186,276,1252
186,277,945
186,278,1367
186,280,872
186,281,1221
186,283,990
186,284,1407
186,286,906
186,287,1083
186,288,944
186,290,1292
186,291,921
186,293,1187
186,294,920
186,295,1273
186,297,910
186,298,1117
186,300,864
186,301,1244
186,303,893
186,304,1135
186,305,916
186,307,1241
186,308,878
186,310,1087
186,311,862
186,313,1148
186,314,884
186,315,1111
186,317,802
186,318,1169
186,320,945
186,321,1050
186,322,834
186,324,1109
186,325,899
186,327,971
186,328,844
186,330,1060
186,331,865
186,332,953
186,334,782
186,335,944
186,337,765
186,338,902
186,339,798
186,341,931
186,342,746
186,344,838
186,345,690
186,347,882
186,348,679
186,349,830
186,351,683
186,352,788
186,354,575
186,355,673
186,357,669
186,358,691
186,359,471
186,361,525
186,362,512
186,364,535
186,365,232
186,366,370
186,367,992
188,10,550
188,11,397
188,13,451
188,14,832
188,16,545
188,17,553
188,18,543
188,20,767
188,21,631
188,23,608
188,24,598
188,26,809
188,27,612
188,28,587
188,30,608
188,31,909
188,33,645
188,34,693
188,36,659
188,37,898
188,38,627
188,40,684
188,41,676
188,43,960
188,44,701
188,45,784
188,47,754
188,48,922
188,50,677
188,51,808
188,53,746
188,54,1007
188,55,732
188,57,842
188,58,728
188,60,973
188,61,735
188,63,840
188,64,774
188,65,1045
188,67,789
188,68,916
188,70,764
188,71,984
188,72,761
188,74,864
188,75,805
188,77,1072
188,78,793
188,80,950
188,81,796
188,82,1090
188,84,711
188,85,889
188,87,810
188,88,1168
188,89,897
188,91,1007
188,92,773
188,94,1076
188,95,863
188,97,980
188,98,766
188,99,1142
188,101,927
188,102,1038
188,104,818
188,105,1178
188,107,858
188,108,1031
188,109,837
188,111,1267
188,112,945
188,114,1205
188,115,926
188,116,1227
188,118,963
188,119,1159
188,121,872
188,122,1325
188,124,1055
188,125,1238
188,126,884
188,128,1339
188,129,1136
188,131,1266
188,132,944
188,134,1424
188,135,1261
188,136,1377
188,138,1020
188,139,1434
188,141,1158
188,142,1408
188,143,1114
188,145,1576
188,146,1319
188,148,1460
188,149,1066
188,151,1550
188,152,1364
188,153,1485
188,155,1192
188,156,1656
188,158,1413
188,159,1589
188,161,1185
188,162,1631
188,163,1444
188,165,1634
188,166,1191
188,168,1708
188,169,1539
188,170,1718
188,172,1281
188,173,1688
188,175,1501
188,176,1670
188,178,1322
188,179,1762
188,180,1680
188,182,1713
188,183,1262
188,185,1776
188,186,1660
188,188,1759
188,189,1246
188,190,1832
188,192,1716
188,193,1730
188,195,1246
188,196,1791
188,197,1587
188,199,1821
188,200,1289
188,202,1831
188,203,1798
188,205,1823
188,206,1225
188,207,1859
188,209,1670
188,210,1793
188,212,1285
188,213,1783
188,214,1760
188,216,1732
188,217,1280
188,219,1779
188,220,1649
188,222,1799
188,223,1264
188,224,1823
188,226,1676
188,227,1801
188,229,1265
188,230,1757
188,232,1620
188,233,1814
188,234,1261
188,236,1815
188,237,1767
188,239,1736
188,240,1186
188,241,1657
188,243,1497
188,244,1742
188,246,1198
188,247,1748
188,249,1635
188,250,1750
188,251,1198
188,253,1653
188,254,1558
188,256,1680
188,257,1144
188,259,1591
188,260,1644
188,261,1621
188,263,1141
188,264,1636
188,266,1475
188,267,1614
188,268,1153
188,270,1576
188,271,1607
188,273,1692
188,274,1052
188,276,1525
188,277,1398
188,278,1572
188,280,1086
188,281,1577
188,283,1496
188,284,1606
188,286,1028
188,287,1468
188,288,1342
188,290,1578
188,291,1066
188,293,1463
188,294,1383
188,295,1546
188,297,1050
188,298,1431
188,300,1292
188,301,1557
188,303,1056
188,304,1489
188,305,1373
188,307,1601
188,308,979
188,310,1490
188,311,1224
188,313,1477
188,314,985
188,315,1523
188,317,1355
188,318,1589
188,320,970
188,321,1478
188,322,1155
188,324,1515
188,325,971
188,327,1508
188,328,1244
188,330,1483
188,331,954
188,332,1428
188,334,1097
188,335,1436
188,337,899
188,338,1417
188,339,1118
188,341,1452
188,342,861
188,344,1211
188,345,955
188,347,1336
188,348,720
188,349,1273
188,351,912
188,352,1264
188,354,682
188,355,1097
188,357,833
188,358,1110
188,359,601
188,361,977
188,362,678
188,364,976
188,365,346
188,366,586
188,367,1261
189,10,334
189,11,220
189,13,334
189,14,482
189,16,356
189,17,304
189,18,329
189,20,464
189,21,386
189,23,397
189,24,375
189,26,544
189,27,441
189,28,352
189,30,415
189,31,514
189,33,448
189,34,414
189,36,428
189,37,578
189,38,395
189,40,419
189,41,439
189,43,559
189,44,473
189,45,497
189,47,506
189,48,579
189,50,494
189,51,443
189,53,500
189,54,605
189,55,538
189,57,537
189,58,508
189,60,560
189,61,530
189,63,474
189,64,575
189,65,701
189,67,547
189,68,576
189,70,574
189,71,649
189,72,575
189,74,513
189,75,595
189,77,628
189,78,607
189,80,617
189,81,566
189,82,679
189,84,584
189,85,550
189,87,581
189,88,674
189,89,596
189,91,663
189,92,623
189,94,677
189,95,561
189,97,595
189,98,577
189,99,741
189,101,639
189,102,707
189,104,584
189,105,722
189,107,577
189,108,682
189,109,667
189,111,783
189,112,658
189,114,767
189,115,655
189,116,710
189,118,697
189,119,850
189,121,682
189,122,798
189,124,717
189,125,772
189,126,707
189,128,855
189,129,672
189,131,817
189,132,752
189,134,908
189,135,760
189,136,969
189,138,776
189,139,880
189,141,843
189,142,962
189,143,811
189,145,986
189,146,898
189,148,980
189,149,738
189,151,1022
189,152,838
189,153,1024
189,155,810
189,156,1114
189,158,921
189,159,1128
189,161,842
189,162,1170
189,163,877
189,165,1150
189,166,878
189,168,1141
189,169,927
189,170,1173
189,172,865
189,173,1191
189,175,935
189,176,1177
189,178,931
189,179,1272
189,180,943
189,182,1325
189,183,895
189,185,1341
189,186,959
189,188,1241
189,189,894
189,190,1300
189,192,986
189,193,1275
189,195,861
189,196,1249
189,197,862
189,199,1312
189,200,854
189,202,1379
189,203,1025
189,205,1387
189,206,908
189,207,1305
189,209,996
189,210,1300
189,212,912
189,213,1263
189,214,967
189,216,1287
189,217,867
189,219,1311
189,220,1008
189,222,1338
189,223,873
189,224,1264
189,226,902
189,227,1366
189,229,895
189,230,1303
189,232,964
189,233,1331
189,234,873
189,236,1200
189,237,945
189,239,1275
189,240,820
189,241,1210
189,243,957
189,244,1300
189,246,779
189,247,1182
189,249,897
189,250,1292
189,251,817
189,253,1176
189,254,842
189,256,1178
189,257,811
189,259,1208
189,260,910
189,261,1234
189,263,803
189,264,1099
189,266,874
189,267,1080
189,268,784
189,270,1109
189,271,848
189,273,1176
189,274,843
189,276,1061
189,277,882
189,278,1123
189,280,753
189,281,1080
189,283,861
189,284,1080
189,286,845
189,287,1040
189,288,834
189,290,1041
189,291,741
189,293,1052
189,294,834
189,295,1102
189,297,775
189,298,984
189,300,783
189,301,1055
189,303,774
189,304,961
189,305,744
189,307,997
189,308,786
189,310,926
189,311,744
189,313,955
189,314,819
189,315,972
189,317,707
189,318,993
189,320,807
189,321,964
189,322,748
189,324,911
189,325,724
189,327,901
189,328,679
189,330,832
189,331,738
189,332,812
189,334,740
189,335,792
189,337,778
189,338,833
189,339,677
189,341,792
189,342,716
189,344,765
189,345,621
189,347,667
189,348,638
189,349,650
189,351,629
189,352,683
189,354,570
189,355,633
189,357,572
189,358,535
189,359,464
189,361,520
189,362,483
189,364,485
189,365,268
189,366,404
189,367,1036
190,10,336
190,11,348
190,13,366
190,14,555
190,16,366
190,17,433
190,18,375
190,20,506
190,21,385
190,23,480
190,24,413
190,26,544
190,27,417
190,28,523
190,30,430
190,31,625
190,33,455
190,34,577
190,36,453
190,37,655
190,38,458
190,40,597
190,41,470
190,43,658
190,44,555
190,45,703
190,47,540
190,48,692
190,50,550
190,51,672
190,53,527
190,54,731
190,55,570
190,57,777
190,58,595
190,60,766
190,61,561
190,63,730
190,64,578
190,65,754
190,67,649
190,68,825
190,70,662
190,71,796
190,72,630
190,74,798
190,75,648
190,77,810
190,78,706
190,80,886
190,81,671
190,82,781
190,84,658
190,85,844
190,87,690
190,88,895
190,89,712
190,91,978
190,92,693
190,94,852
190,95,743
190,97,1002
190,98,671
190,99,853
190,101,765
190,102,1010
190,104,748
190,105,883
190,107,718
190,108,1012
190,109,726
190,111,914
190,112,803
190,114,1136
190,115,826
190,116,946
190,118,807
190,119,1136
190,121,807
190,122,954
190,124,877
190,125,1138
190,126,859
190,128,1016
190,129,919
190,131,1219
190,132,832
190,134,1081
190,135,990
190,136,1312
190,138,901
190,139,1086
190,141,997
190,142,1321
190,143,949
190,145,1182
190,146,1110
190,148,1360
190,149,946
190,151,1173
190,152,1108
190,153,1343
190,155,920
190,156,1312
190,158,1184
190,159,1454
190,161,982
190,162,1287
190,163,1170
190,165,1451
190,166,1062
190,168,1312
190,169,1221
190,170,1565
190,172,1079
190,173,1342
190,175,1263
190,176,1545
190,178,1041
190,179,1470
190,180,1299
190,182,1605
190,183,1137
190,185,1450
190,186,1336
190,188,1590
190,189,1124
190,190,1495
190,192,1451
190,193,1680
190,195,1155
190,196,1388
190,197,1374
190,199,1619
190,200,1117
190,202,1471
190,203,1457
190,205,1717
190,206,1175
190,207,1397
190,209,1363
190,210,1613
190,212,1145
190,213,1458
190,214,1396
190,216,1614
190,217,1111
190,219,1365
190,220,1487
190,222,1688
190,223,1176
190,224,1422
190,226,1473
190,227,1674
190,229,1153
190,230,1386
190,232,1405
190,233,1683
190,234,1135
190,236,1402
190,237,1363
190,239,1675
190,240,1098
190,241,1312
190,243,1302
190,244,1638
190,246,1122
190,247,1374
190,249,1322
190,250,1536
190,251,1187
190,253,1293
190,254,1297
190,256,1557
190,257,1100
190,259,1288
190,260,1253
190,261,1484
190,263,1094
190,264,1210
190,266,1243
190,267,1573
190,268,1036
190,270,1274
190,271,1227
190,273,1580
190,274,1019
190,276,1180
190,277,1169
190,278,1558
190,280,1021
190,281,1235
190,283,1136
190,284,1549
190,286,1002
190,287,1113
190,288,1076
190,290,1506
190,291,976
190,293,1204
190,294,1069
190,295,1515
190,297,987
190,298,1189
190,300,1052
190,301,1486
190,303,1002
190,304,1171
190,305,1034
190,307,1391
190,308,1041
190,310,1184
190,311,943
190,313,1388
190,314,950
190,315,1216
190,317,976
190,318,1384
190,320,1030
190,321,1137
190,322,864
190,324,1191
190,325,887
190,327,1172
190,328,807
190,330,1222
190,331,945
190,332,1116
190,334,765
190,335,1184
190,337,904
190,338,1139
190,339,807
190,341,1180
190,342,887
190,344,1011
190,345,720
190,347,1048
190,348,754
190,349,1037
190,351,687
190,352,969
190,354,655
190,355,876
190,357,518
190,358,785
190,359,544
190,361,759
190,362,395
190,364,659
190,365,308
190,366,444
190,367,886
192,10,283
192,11,246
192,13,388
192,14,412
192,16,376
192,17,308
192,18,341
192,20,357
192,21,283
192,23,381
192,24,395
192,26,371
192,27,345
192,28,354
192,30,449
192,31,434
192,33,368
192,34,434
192,36,485
192,37,431
192,38,397
192,40,430
192,41,497
192,43,387
192,44,437
192,45,463
192,47,489
192,48,495
192,50,434
192,51,503
192,53,565
192,54,445
192,55,437
192,57,542
192,58,535
192,60,531
192,61,456
192,63,552
192,64,557
192,65,515
192,67,471
192,68,565
192,70,608
192,71,581
192,72,546
192,74,573
192,75,594
192,77,533
192,78,484
192,80,636
192,81,601
192,82,602
192,84,532
192,85,610
192,87,531
192,88,633
192,89,527
192,91,743
192,92,613
192,94,635
192,95,558
192,97,661
192,98,599
192,99,611
192,101,523
192,102,775
192,104,645
192,105,670
192,107,614
192,108,749
192,109,625
192,111,718
192,112,610
192,114,837
192,115,638
192,116,773
192,118,666
192,119,883
192,121,681
192,122,831
192,124,700
192,125,913
192,126,737
192,128,837
192,129,712
192,131,895
192,132,724
192,134,887
192,135,765
192,136,945
192,138,760
192,139,991
192,141,838
192,142,1031
192,143,755
192,145,1000
192,146,811
192,148,1077
192,149,800
192,151,1102
192,152,826
192,153,1152
192,155,868
192,156,1110
192,158,816
192,159,1191
192,161,920
192,162,1245
192,163,901
192,165,1244
192,166,837
192,168,1260
192,169,915
192,170,1216
192,172,892
192,173,1227
192,175,876
192,176,1283
192,178,869
192,179,1356
192,180,954
192,182,1365
192,183,948
192,185,1411
192,186,1043
192,188,1319
192,189,880
192,190,1388
192,192,1000
192,193,1398
192,195,960
192,196,1386
192,197,1034
192,199,1396
192,200,949
192,202,1461
192,203,1081
192,205,1387
192,206,937
192,207,1472
192,209,1059
192,210,1434
192,212,932
192,213,1488
192,214,1091
192,216,1440
192,217,938
192,219,1427
192,220,1046
192,222,1387
192,223,909
192,224,1477
192,226,1004
192,227,1459
192,229,926
192,230,1363
192,232,1028
192,233,1467
192,234,845
192,236,1459
192,237,1053
192,239,1411
192,240,903
192,241,1337
192,243,1000
192,244,1371
192,246,913
192,247,1290
192,249,981
192,250,1444
192,251,889
192,253,1311
192,254,951
192,256,1361
192,257,918
192,259,1316
192,260,925
192,261,1402
192,263,872
192,264,1243
192,266,949
192,267,1360
192,268,909
192,270,1253
192,271,981
192,273,1386
192,274,828
192,276,1194
192,277,930
192,278,1374
192,280,928
192,281,1235
192,283,888
192,284,1308
192,286,890
192,287,1098
192,288,861
192,290,1271
192,291,936
192,293,1136
192,294,917
192,295,1356
192,297,921
192,298,1085
192,300,879
192,301,1293
192,303,886
192,304,1135
192,305,842
192,307,1187
192,308,907
192,310,1045
192,311,894
192,313,1174
192,314,929
192,315,1143
192,317,844
192,318,1172
192,320,891
192,321,1031
192,322,792
192,324,1113
192,325,863
192,327,1076
192,328,783
192,330,1067
192,331,793
192,332,946
192,334,836
192,335,1120
192,337,823
192,338,930
192,339,731
192,341,949
192,342,777
192,344,868
192,345,786
192,347,885
192,348,682
192,349,830
192,351,701
192,352,765
192,354,609
192,355,691
192,357,670
192,358,699
192,359,461
192,361,605
192,362,482
192,364,564
192,365,244
192,366,437
192,367,1061
193,10,554
193,11,536
193,13,608
193,14,907
193,16,635
193,17,574
193,18,577
193,20,795
193,21,595
193,23,727
193,24,652
193,26,941
193,27,692
193,28,689
193,30,651
193,31,914
193,33,649
193,34,744
193,36,734
193,37,1009
193,38,690
193,40,777
193,41,691
193,43,935
193,44,735
193,45,884
193,47,767
193,48,1048
193,50,720
193,51,790
193,53,730
193,54,1022
193,55,787
193,57,863
193,58,819
193,60,1061
193,61,765
193,63,835
193,64,764
193,65,1006
193,67,841
193,68,927
193,70,835
193,71,1199
193,72,813
193,74,870
193,75,898
193,77,1124
193,78,843
193,80,984
193,81,876
193,82,1125
193,84,782
193,85,977
193,87,878
193,88,1140
193,89,900
193,91,1009
193,92,894
193,94,1200
193,95,864
193,97,1034
193,98,846
193,99,1228
193,101,885
193,102,1028
193,104,844
193,105,1210
193,107,911
193,108,1032
193,109,876
193,111,1235
193,112,943
193,114,1163
193,115,944
193,116,1342
193,118,1095
193,119,1228
193,121,955
193,122,1223
193,124,975
193,125,1169
193,126,952
193,128,1369
193,129,1175
193,131,1274
193,132,1017
193,134,1376
193,135,1095
193,136,1264
193,138,1006
193,139,1457
193,141,1221
193,142,1397
193,143,1069
193,145,1443
193,146,1265
193,148,1457
193,149,1003
193,151,1515
193,152,1412
193,153,1519
193,155,1134
193,156,1617
193,158,1413
193,159,1472
193,161,1097
193,162,1620
193,163,1521
193,165,1682
193,166,1141
193,168,1696
193,169,1484
193,170,1586
193,172,1163
193,173,1693
193,175,1547
193,176,1697
193,178,1237
193,179,1704
193,180,1551
193,182,1650
193,183,1256
193,185,1787
193,186,1628
193,188,1719
193,189,1249
193,190,1779
193,192,1647
193,193,1740
193,195,1219
193,196,1783
193,197,1606
193,199,1730
193,200,1236
193,202,1792
193,203,1560
193,205,1624
193,206,1266
193,207,1739
193,209,1654
193,210,1716
193,212,1292
193,213,1718
193,214,1649
193,216,1660
193,217,1151
193,219,1741
193,220,1617
193,222,1732
193,223,1216
193,224,1673
193,226,1603
193,227,1610
193,229,1197
193,230,1617
193,232,1545
193,233,1652
193,234,1183
193,236,1679
193,237,1592
193,239,1598
193,240,1143
193,241,1604
193,243,1576
193,244,1602
193,246,1187
193,247,1664
193,249,1525
193,250,1672
193,251,1149
193,253,1504
193,254,1509
193,256,1693
193,257,1129
193,259,1546
193,260,1490
193,261,1625
193,263,1071
193,264,1540
193,266,1488
193,267,1552
193,268,1166
193,270,1604
193,271,1372
193,273,1581
193,274,1080
193,276,1547
193,277,1387
193,278,1610
193,280,1050
193,281,1547
193,283,1392
193,284,1554
193,286,1000
193,287,1502
193,288,1337
193,290,1555
193,291,1099
193,293,1565
193,294,1396
193,295,1615
193,297,922
193,298,1465
193,300,1339
193,301,1697
193,303,1019
193,304,1519
193,305,1304
193,307,1603
193,308,974
193,310,1478
193,311,1188
193,313,1601
193,314,1008
193,315,1559
193,317,1305
193,318,1623
193,320,1003
193,321,1529
193,322,1252
193,324,1621
193,325,970
193,327,1589
193,328,1207
193,330,1536
193,331,915
193,332,1426
193,334,1212
193,335,1521
193,337,932
193,338,1512
193,339,1102
193,341,1428
193,342,843
193,344,1372
193,345,1044
193,347,1427
193,348,775
193,349,1359
193,351,921
193,352,1398
193,354,706
193,355,1191
193,357,845
193,358,1246
193,359,596
193,361,1162
193,362,658
193,364,1238
193,365,371
193,366,852
193,367,1647
195,10,291
195,11,210
195,13,265
195,14,448
195,16,345
195,17,329
195,18,325
195,20,396
195,21,332
195,23,354
195,24,394
195,26,451
195,27,379
195,28,371
195,30,412
195,31,499
195,33,391
195,34,367
195,36,423
195,37,524
195,38,399
195,40,392
195,41,435
195,43,509
195,44,452
195,45,399
195,47,457
195,48,582
195,50,496
195,51,470
195,53,481
195,54,597
195,55,453
195,57,505
195,58,496
195,60,579
195,61,504
195,63,445
195,64,477
195,65,529
195,67,508
195,68,505
195,70,502
195,71,603
195,72,497
195,74,519
195,75,507
195,77,599
195,78,512
195,80,540
195,81,548
195,82,655
195,84,533
195,85,553
195,87,520
195,88,598
195,89,527
195,91,549
195,92,546
195,94,620
195,95,588
195,97,574
195,98,563
195,99,621
195,101,545
195,102,596
195,104,615
195,105,707
195,107,632
195,108,643
195,109,559
195,111,686
195,112,584
195,114,712
195,115,598
195,116,757
195,118,626
195,119,752
195,121,635
195,122,763
195,124,628
195,125,717
195,126,661
195,128,765
195,129,667
195,131,810
195,132,691
195,134,846
195,135,680
195,136,751
195,138,674
195,139,836
195,141,749
195,142,910
195,143,743
195,145,968
195,146,759
195,148,889
195,149,740
195,151,930
195,152,773
195,153,1002
195,155,783
195,156,1041
195,158,804
195,159,1020
195,161,729
195,162,1079
195,163,891
195,165,1070
195,166,768
195,168,1089
195,169,923
195,170,1102
195,172,801
195,173,1138
195,175,927
195,176,1127
195,178,869
195,179,1218
195,180,883
195,182,1189
195,183,860
195,185,1213
195,186,921
195,188,1204
195,189,900
195,190,1254
195,192,975
195,193,1275
195,195,828
195,196,1247
195,197,907
195,199,1220
195,200,850
195,202,1260
195,203,907
195,205,1251
195,206,829
195,207,1261
195,209,913
195,210,1226
195,212,867
195,213,1207
195,214,935
195,216,1213
195,217,819
195,219,1256
195,220,925
195,222,1238
195,223,833
195,224,1217
195,226,906
195,227,1252
195,229,813
195,230,1248
195,232,913
195,233,1269
195,234,821
195,236,1222
195,237,895
195,239,1188
195,240,824
195,241,1158
195,243,838
195,244,1203
195,246,772
195,247,1191
195,249,871
195,250,1135
195,251,759
195,253,1163
195,254,888
195,256,1167
195,257,772
195,259,1079
195,260,771
195,261,1105
195,263,730
195,264,1119
195,266,781
195,267,1160
195,268,743
195,270,1057
195,271,797
195,273,1104
195,274,670
195,276,973
195,277,808
195,278,1147
195,280,738
195,281,993
195,283,799
195,284,1063
195,286,754
195,287,1007
195,288,731
195,290,1141
195,291,790
195,293,1001
195,294,743
195,295,1066
195,297,664
195,298,900
195,300,688
195,301,1011
195,303,703
195,304,962
195,305,714
195,307,964
195,308,785
195,310,919
195,311,739
195,313,953
195,314,771
195,315,947
195,317,715
195,318,957
195,320,682
195,321,914
195,322,691
195,324,851
195,325,741
195,327,900
195,328,683
195,330,824
195,331,780
195,332,830
195,334,644
195,335,793
195,337,719
195,338,793
195,339,636
195,341,728
195,342,691
195,344,754
195,345,599
195,347,673
195,348,618
195,349,681
195,351,539
195,352,620
195,354,538
195,355,590
195,357,499
195,358,530
195,359,465
195,361,522
195,362,361
195,364,481
195,365,221
195,366,365
195,367,989
196,10,323
196,11,315
196,13,336
196,14,627
196,16,415
196,17,465
196,18,389
196,20,468
196,21,324
196,23,468
196,24,391
196,26,595
196,27,438
196,28,559
196,30,428
196,31,554
196,33,413
196,34,576
196,36,460
196,37,607
196,38,513
196,40,646
196,41,492
196,43,660
196,44,491
196,45,601
196,47,554
196,48,679
196,50,547
196,51,689
196,53,538
196,54,737
196,55,484
196,57,690
196,58,522
196,60,762
196,61,549
196,63,751
196,64,555
196,65,672
196,67,549
196,68,757
196,70,584
196,71,757
196,72,600
196,74,793
196,75,590
196,77,751
196,78,617
196,80,773
196,81,635
196,82,783
196,84,639
196,85,893
196,87,637
196,88,718
196,89,652
196,91,961
196,92,664
196,94,818
196,95,692
196,97,985
196,98,691
196,99,827
196,101,699
196,102,986
196,104,733
196,105,798
196,107,755
196,108,967
196,109,715
196,111,927
196,112,795
196,114,1071
196,115,760
196,116,915
196,118,829
196,119,1159
196,121,776
196,122,964
196,124,887
196,125,1111
196,126,802
196,128,959
196,129,958
196,131,1232
196,132,808
196,134,1068
196,135,932
196,136,1185
196,138,849
196,139,1041
196,141,1051
196,142,1338
196,143,861
196,145,1130
196,146,1013
196,148,1285
196,149,869
196,151,1168
196,152,1096
196,153,1395
196,155,940
196,156,1209
196,158,1151
196,159,1393
196,161,924
196,162,1220
196,163,1206
196,165,1445
196,166,1025
196,168,1295
196,169,1161
196,170,1472
196,172,996
196,173,1347
196,175,1319
196,176,1520
196,178,1021
196,179,1319
196,180,1363
196,182,1515
196,183,1068
196,185,1421
196,186,1347
196,188,1565
196,189,1058
196,190,1370
196,192,1367
196,193,1617
196,195,1107
196,196,1431
196,197,1345
196,199,1564
196,200,1086
196,202,1493
196,203,1399
196,205,1594
196,206,1111
196,207,1347
196,209,1373
196,210,1661
196,212,1053
196,213,1430
196,214,1407
196,216,1614
196,217,1132
196,219,1317
196,220,1309
196,222,1553
196,223,1107
196,224,1413
196,226,1360
196,227,1511
196,229,1051
196,230,1307
196,232,1361
196,233,1690
196,234,1090
196,236,1316
196,237,1376
196,239,1566
196,240,1152
196,241,1301
196,243,1311
196,244,1585
196,246,1041
196,247,1264
196,249,1279
196,250,1569
196,251,1076
196,253,1276
196,254,1265
196,256,1519
196,257,1071
196,259,1222
196,260,1211
196,261,1564
196,263,1019
196,264,1246
196,266,1178
196,267,1531
196,268,1058
196,270,1218
196,271,1191
196,273,1432
196,274,990
196,276,1219
196,277,1065
196,278,1478
196,280,989
196,281,1203
196,283,1092
196,284,1365
196,286,978
196,287,1116
196,288,1089
196,290,1425
196,291,978
196,293,1194
196,294,1050
196,295,1524
196,297,951
196,298,1134
196,300,973
196,301,1388
196,303,964
196,304,1126
196,305,977
196,307,1288
196,308,973
196,310,1124
196,311,931
196,313,1339
196,314,934
196,315,1173
196,317,849
196,318,1388
196,320,941
196,321,1154
196,322,823
196,324,1289
196,325,887
196,327,1110
196,328,881
196,330,1233
196,331,884
196,332,1059
196,334,742
196,335,1111
196,337,868
196,338,1085
196,339,756
196,341,1124
196,342,770
196,344,1019
196,345,676
196,347,989
196,348,666
196,349,951
196,351,601
196,352,923
196,354,654
196,355,896
196,357,527
196,358,811
196,359,511
196,361,642
196,362,401
196,364,740
196,365,268
196,366,383
196,367,767
197,10,200
197,11,209
197,13,297
197,14,361
197,16,291
197,17,320
197,18,334
197,20,333
197,21,279
197,23,354
197,24,412
197,26,364
197,27,306
197,28,376
197,30,411
197,31,389
197,33,343
197,34,405
197,36,434
197,37,406
197,38,326
197,40,384
197,41,421
197,43,431
197,44,374
197,45,408
197,47,488
197,48,454
197,50,349
197,51,495
197,53,482
197,54,519
197,55,400
197,57,511
197,58,505
197,60,471
197,61,437
197,63,531
197,64,524
197,65,507
197,67,494
197,68,550
197,70,529
197,71,495
197,72,418
197,74,534
197,75,502
197,77,479
197,78,484
197,80,618
197,81,465
197,82,564
197,84,468
197,85,621
197,87,530
197,88,559
197,89,463
197,91,664
197,92,556
197,94,633
197,95,540
197,97,677
197,98,514
197,99,568
197,101,524
197,102,701
197,104,533
197,105,660
197,107,498
197,108,746
197,109,585
197,111,646
197,112,592
197,114,753
197,115,605
197,116,697
197,118,578
197,119,793
197,121,653
197,122,757
197,124,669
197,125,831
197,126,672
197,128,803
197,129,629
197,131,909
197,132,731
197,134,848
197,135,687
197,136,929
197,138,682
197,139,872
197,141,692
197,142,973
197,143,753
197,145,1011
197,146,759
197,148,1019
197,149,738
197,151,1020
197,152,840
197,153,1044
197,155,808
197,156,1101
197,158,820
197,159,1098
197,161,838
197,162,1098
197,163,860
197,165,1188
197,166,875
197,168,1206
197,169,898
197,170,1225
197,172,866
197,173,1253
197,175,918
197,176,1235
197,178,890
197,179,1299
197,180,953
197,182,1252
197,183,870
197,185,1324
197,186,961
197,188,1329
197,189,934
197,190,1398
197,192,1037
197,193,1349
197,195,933
197,196,1348
197,197,1015
197,199,1336
197,200,896
197,202,1402
197,203,1054
197,205,1405
197,206,904
197,207,1378
197,209,966
197,210,1406
197,212,889
197,213,1412
197,214,1113
197,216,1416
197,217,928
197,219,1465
197,220,1013
197,222,1430
197,223,888
197,224,1333
197,226,1021
197,227,1392
197,229,872
197,230,1385
197,232,961
197,233,1452
197,234,905
197,236,1320
197,237,993
197,239,1444
197,240,895
197,241,1343
197,243,991
197,244,1474
197,246,875
197,247,1356
197,249,1021
197,250,1367
197,251,930
197,253,1243
197,254,898
197,256,1412
197,257,862
197,259,1285
197,260,998
197,261,1423
197,263,894
197,264,1226
197,266,895
197,267,1283
197,268,892
197,270,1274
197,271,950
197,273,1335
197,274,824
197,276,1165
197,277,810
197,278,1313
197,280,834
197,281,1189
197,283,938
197,284,1372
197,286,856
197,287,1140
197,288,869
197,290,1242
197,291,890
197,293,1220
197,294,926
197,295,1278
197,297,821
197,298,1144
197,300,856
197,301,1228
197,303,891
197,304,1080
197,305,901
197,307,1205
197,308,875
197,310,1063
197,311,881
197,313,1170
197,314,888
197,315,1073
197,317,875
197,318,1126
197,320,923
197,321,1056
197,322,819
197,324,1033
197,325,894
197,327,1057
197,328,841
197,330,1069
197,331,764
197,332,916
197,334,803
197,335,993
197,337,835
197,338,932
197,339,791
197,341,979
197,342,745
197,344,875
197,345,776
197,347,808
197,348,654
197,349,785
197,351,694
197,352,779
197,354,583
197,355,723
197,357,636
197,358,654
197,359,421
197,361,552
197,362,476
197,364,566
197,365,216
197,366,391
197,367,1064
199,10,536
199,11,426
199,13,487
199,14,814
199,16,589
199,17,566
199,18,533
199,20,761
199,21,561
199,23,573
199,24,592
199,26,776
199,27,549
199,28,616
199,30,630
199,31,876
199,33,613
199,34,681
199,36,690
199,37,960
199,38,593
199,40,731
199,41,682
199,43,981
199,44,689
199,45,751
199,47,667
199,48,907
199,50,631
199,51,813
199,53,728
199,54,1066
199,55,754
199,57,812
199,58,727
199,60,1027
199,61,753
199,63,817
199,64,775
199,65,971
199,67,771
199,68,902
199,70,772
199,71,991
199,72,727
199,74,848
199,75,781
199,77,1088
199,78,744
199,80,904
199,81,778
199,82,1051
199,84,775
199,85,900
199,87,861
199,88,1146
199,89,838
199,91,997
199,92,830
199,94,1052
199,95,783
199,97,928
199,98,812
199,99,1199
199,101,920
199,102,1009
199,104,814
199,105,1129
199,107,850
199,108,1012
199,109,871
199,111,1238
199,112,970
199,114,1114
199,115,836
199,116,1165
199,118,897
199,119,1088
199,121,895
199,122,1285
199,124,1068
199,125,1139
199,126,954
199,128,1251
199,129,1093
199,131,1237
199,132,899
199,134,1339
199,135,1175
199,136,1207
199,138,916
199,139,1341
199,141,1161
199,142,1375
199,143,1008
199,145,1478
199,146,1302
199,148,1334
199,149,1096
199,151,1485
199,152,1290
199,153,1462
199,155,1137
199,156,1617
199,158,1423
199,159,1432
199,161,1045
199,162,1593
199,163,1370
199,165,1598
199,166,1162
199,168,1648
199,169,1527
199,170,1498
199,172,1206
199,173,1635
199,175,1487
199,176,1568
199,178,1284
199,179,1705
199,180,1534
199,182,1599
199,183,1205
199,185,1615
199,186,1567
199,188,1732
199,189,1261
199,190,1677
199,192,1682
199,193,1682
199,195,1232
199,196,1704
199,197,1558
199,199,1672
199,200,1209
199,202,1702
199,203,1698
199,205,1680
199,206,1175
199,207,1661
199,209,1603
199,210,1736
199,212,1269
199,213,1826
199,214,1708
199,216,1665
199,217,1238
199,219,1635
199,220,1579
199,222,1746
199,223,1308
199,224,1676
199,226,1680
199,227,1618
199,229,1216
199,230,1674
199,232,1574
199,233,1782
199,234,1181
199,236,1614
199,237,1710
199,239,1657
199,240,1239
199,241,1722
199,243,1609
199,244,1717
199,246,1140
199,247,1628
199,249,1661
199,250,1714
199,251,1153
199,253,1564
199,254,1509
199,256,1681
199,257,1151
199,259,1569
199,260,1523
199,261,1670
199,263,1127
199,264,1578
199,266,1442
199,267,1543
199,268,1065
199,270,1536
199,271,1577
199,273,1591
199,274,1087
199,276,1512
199,277,1377
199,278,1569
199,280,1063
199,281,1462
199,283,1420
199,284,1528
199,286,1008
199,287,1468
199,288,1333
199,290,1548
199,291,993
199,293,1542
199,294,1461
199,295,1572
199,297,1002
199,298,1476
199,300,1295
199,301,1596
199,303,988
199,304,1458
199,305,1353
199,307,1541
199,308,974
199,310,1396
199,311,1197
199,313,1546
199,314,1018
199,315,1577
199,317,1315
199,318,1547
199,320,910
199,321,1461
199,322,1195
199,324,1532
199,325,947
199,327,1490
199,328,1161
199,330,1472
199,331,889
199,332,1328
199,334,1096
199,335,1447
199,337,841
199,338,1496
199,339,1060
199,341,1423
199,342,802
199,344,1264
199,345,958
199,347,1328
199,348,737
199,349,1251
199,351,914
199,352,1266
199,354,704
199,355,1096
199,357,811
199,358,1102
199,359,537
199,361,1067
199,362,639
199,364,1015
199,365,360
199,366,567
199,367,1253
200,10,296
200,11,237
200,13,251
200,14,425
200,16,328
200,17,315
200,18,317
200,20,432
200,21,329
200,23,371
200,24,317
200,26,504
200,27,382
200,28,359
200,30,390
200,31,534
200,33,383
200,34,426
200,36,383
200,37,565
200,38,431
200,40,402
200,41,430
200,43,539
200,44,463
200,45,476
200,47,447
200,48,583
200,50,481
200,51,450
200,53,399
200,54,642
200,55,507
200,57,521
200,58,485
200,60,589
200,61,462
200,63,487
200,64,494
200,65,630
200,67,501
200,68,531
200,70,487
200,71,605
200,72,464
200,74,546
200,75,492
200,77,641
200,78,577
200,80,569
200,81,510
200,82,583
200,84,497
200,85,543
200,87,483
200,88,680
200,89,541
200,91,591
200,92,496
200,94,605
200,95,507
200,97,550
200,98,538
200,99,676
200,101,582
200,102,647
200,104,530
200,105,643
200,107,602
200,108,606
200,109,576
200,111,692
200,112,597
200,114,672
200,115,596
200,116,651
200,118,593
200,119,706
200,121,589
200,122,790
200,124,652
200,125,800
200,126,635
200,128,815
200,129,656
200,131,751
200,132,665
200,134,764
200,135,720
200,136,813
200,138,654
200,139,827
200,141,689
200,142,849
200,143,712
200,145,899
200,146,805
200,148,926
200,149,719
200,151,880
200,152,747
200,153,921
200,155,743
200,156,943
200,158,787
200,159,1015
200,161,766
200,162,984
200,163,823
200,165,1010
200,166,723
200,168,1028
200,169,878
200,170,1050
200,172,774
200,173,985
200,175,856
200,176,1041
200,178,752
200,179,1079
200,180,889
200,182,1132
200,183,839
200,185,1117
200,186,797
200,188,1131
200,189,818
200,190,1179
200,192,865
200,193,1244
200,195,788
200,196,1164
200,197,866
200,199,1195
200,200,812
200,202,1130
200,203,963
200,205,1249
200,206,804
200,207,1162
200,209,866
200,210,1216
200,212,849
200,213,1163
200,214,850
200,216,1246
200,217,841
200,219,1209
200,220,890
200,222,1227
200,223,799
200,224,1217
200,226,914
200,227,1270
200,229,828
200,230,1208
200,232,870
200,233,1181
200,234,787
200,236,1171
200,237,914
200,239,1230
200,240,779
200,241,1130
200,243,869
200,244,1183
200,246,739
200,247,1117
200,249,867
200,250,1152
200,251,771
200,253,1083
200,254,822
200,256,1166
200,257,768
200,259,993
200,260,822
200,261,1124
200,263,800
200,264,1091
200,266,899
200,267,1139
200,268,771
200,270,1078
200,271,855
200,273,1140
200,274,802
200,276,982
200,277,788
200,278,1093
200,280,756
200,281,1093
200,283,835
200,284,1125
200,286,754
200,287,973
200,288,750
200,290,1058
200,291,775
200,293,1073
200,294,835
200,295,1069
200,297,820
200,298,989
200,300,745
200,301,981
200,303,718
200,304,895
200,305,768
200,307,1033
200,308,753
200,310,928
200,311,709
200,313,961
200,314,783
200,315,952
200,317,763
200,318,948
200,320,803
200,321,903
200,322,734
200,324,916
200,325,702
200,327,890
200,328,709
200,330,843
200,331,718
200,332,815
200,334,684
200,335,777
200,337,721
200,338,895
200,339,690
200,341,758
200,342,760
200,344,770
200,345,657
200,347,710
200,348,612
200,349,668
200,351,545
200,352,664
200,354,596
200,355,634
200,357,508
200,358,548
200,359,451
200,361,545
200,362,402
200,364,466
200,365,240
200,366,362
200,367,1020
202,10,331
202,11,374
202,13,386
202,14,531
202,16,390
202,17,429
202,18,367
202,20,479
202,21,389
202,23,523
202,24,375
202,26,549
202,27,409
202,28,472
202,30,423
202,31,630
202,33,467
202,34,606
202,36,449
202,37,622
202,38,462
202,40,571
202,41,490
202,43,588
202,44,561
202,45,706
202,47,533
202,48,688
202,50,508
202,51,663
202,53,543
202,54,710
202,55,585
202,57,745
202,58,618
202,60,744
202,61,535
202,63,772
202,64,594
202,65,727
202,67,628
202,68,777
202,70,598
202,71,745
202,72,586
202,74,759
202,75,699
202,77,805
202,78,652
202,80,859
202,81,665
202,82,772
202,84,682
202,85,865
202,87,673
202,88,841
202,89,742
202,91,950
202,92,684
202,94,837
202,95,688
202,97,929
202,98,690
202,99,852
202,101,728
202,102,1001
202,104,700
202,105,868
202,107,719
202,108,970
202,109,731
202,111,914
202,112,842
202,114,1110
202,115,721
202,116,932
202,118,777
202,119,1114
202,121,783
202,122,938
202,124,903
202,125,1124
202,126,757
202,128,945
202,129,915
202,131,1104
202,132,815
202,134,1099
202,135,973
202,136,1212
202,138,871
202,139,1018
202,141,961
202,142,1268
202,143,874
202,145,1119
202,146,1069
202,148,1204
202,149,918
202,151,1102
202,152,1156
202,153,1272
202,155,953
202,156,1183
202,158,1185
202,159,1304
202,161,953
202,162,1195
202,163,1132
202,165,1366
202,166,962
202,168,1228
202,169,1195
202,170,1364
202,172,1010
202,173,1302
202,175,1267
202,176,1435
202,178,1042
202,179,1273
202,180,1272
202,182,1372
202,183,1026
202,185,1268
202,186,1289
202,188,1471
202,189,1012
202,190,1358
202,192,1398
202,193,1468
202,195,1091
202,196,1228
202,197,1295
202,199,1545
202,200,1118
202,202,1436
202,203,1417
202,205,1540
202,206,1077
202,207,1348
202,209,1325
202,210,1561
202,212,1065
202,213,1361
202,214,1329
202,216,1558
202,217,1116
202,219,1328
202,220,1358
202,222,1514
202,223,1093
202,224,1419
202,226,1395
202,227,1591
202,229,1068
202,230,1251
202,232,1324
202,233,1548
202,234,1139
202,236,1273
202,237,1376
202,239,1572
202,240,1087
202,241,1230
202,243,1288
202,244,1470
202,246,1070
202,247,1292
202,249,1297
202,250,1599
202,251,1080
202,253,1217
202,254,1231
202,256,1512
202,257,1015
202,259,1245
202,260,1213
202,261,1473
202,263,1056
202,264,1153
202,266,1144
202,267,1475
202,268,1040
202,270,1191
202,271,1188
202,273,1530
202,274,1024
202,276,1136
202,277,1103
202,278,1399
202,280,990
202,281,1213
202,283,1129
202,284,1415
202,286,989
202,287,1113
202,288,1054
202,290,1430
202,291,914
202,293,1210
202,294,1090
202,295,1472
202,297,921
202,298,1098
202,300,982
202,301,1347
202,303,980
202,304,1135
202,305,970
202,307,1380
202,308,963
202,310,1114
202,311,914
202,313,1310
202,314,946
202,315,1270
202,317,965
202,318,1334
202,320,979
202,321,1164
202,322,913
202,324,1214
202,325,911
202,327,1114
202,328,853
202,330,1219
202,331,833
202,332,1012
202,334,742
202,335,1099
202,337,815
202,338,1163
202,339,767
202,341,1071
202,342,782
202,344,1064
202,345,706
202,347,1030
202,348,741
202,349,996
202,351,654
202,352,918
202,354,680
202,355,880
202,357,551
202,358,847
202,359,510
202,361,713
202,362,401
202,364,667
202,365,279
202,366,432
202,367,926
203,10,230
203,11,223
203,13,369
203,14,391
203,16,273
203,17,337
203,18,337
203,20,315
203,21,311
203,23,384
203,24,383
203,26,377
203,27,326
203,28,358
203,30,400
203,31,359
203,33,370
203,34,403
203,36,487
203,37,464
203,38,337
203,40,382
203,41,441
203,43,407
203,44,371
203,45,487
203,47,484
203,48,431
203,50,385
203,51,492
203,53,483
203,54,448
203,55,409
203,57,524
203,58,512
203,60,499
203,61,396
203,63,576
203,64,472
203,65,495
203,67,422
203,68,579
203,70,491
203,71,525
203,72,423
203,74,587
203,75,506
203,77,476
203,78,441
203,80,647
203,81,568
203,82,552
203,84,471
203,85,636
203,87,481
203,88,544
203,89,477
203,91,705
203,92,532
203,94,586
203,95,469
203,97,690
203,98,525
203,99,601
203,101,482
203,102,703
203,104,583
203,105,661
203,107,478
203,108,728
203,109,545
203,111,655
203,112,531
203,114,798
203,115,624
203,116,675
203,118,579
203,119,816
203,121,607
203,122,767
203,124,608
203,125,828
203,126,598
203,128,764
203,129,634
203,131,855
203,132,649
203,134,823
203,135,647
203,136,890
203,138,665
203,139,888
203,141,667
203,142,958
203,143,650
203,145,889
203,146,713
203,148,1026
203,149,721
203,151,953
203,152,723
203,153,999
203,155,704
203,156,1066
203,158,736
203,159,1056
203,161,754
203,162,1078
203,163,767
203,165,1148
203,166,750
203,168,1100
203,169,804
203,170,1082
203,172,733
203,173,1132
203,175,857
203,176,1137
203,178,780
203,179,1201
203,180,857
203,182,1146
203,183,745
203,185,1188
203,186,907
203,188,1202
203,189,811
203,190,1302
203,192,881
203,193,1267
203,195,806
203,196,1221
203,197,896
203,199,1351
203,200,820
203,202,1345
203,203,955
203,205,1229
203,206,843
203,207,1293
203,209,899
203,210,1294
203,212,811
203,213,1288
203,214,941
203,216,1330
203,217,858
203,219,1380
203,220,961
203,222,1305
203,223,824
203,224,1353
203,226,932
203,227,1302
203,229,869
203,230,1241
203,232,886
203,233,1308
203,234,823
203,236,1231
203,237,966
203,239,1282
203,240,802
203,241,1236
203,243,913
203,244,1328
203,246,800
203,247,1210
203,249,901
203,250,1340
203,251,828
203,253,1236
203,254,854
203,256,1311
203,257,821
203,259,1211
203,260,897
203,261,1355
203,263,827
203,264,1198
203,266,865
203,267,1287
203,268,837
203,270,1197
203,271,874
203,273,1333
203,274,835
203,276,1163
203,277,857
203,278,1249
203,280,788
203,281,1160
203,283,816
203,284,1292
203,286,786
203,287,1058
203,288,873
203,290,1271
203,291,886
203,293,1172
203,294,847
203,295,1237
203,297,825
203,298,1061
203,300,855
203,301,1178
203,303,876
203,304,1098
203,305,826
203,307,1167
203,308,918
203,310,1041
203,311,850
203,313,1091
203,314,931
203,315,1058
203,317,830
203,318,1075
203,320,861
203,321,1046
203,322,794
203,324,1134
203,325,822
203,327,954
203,328,778
203,330,979
203,331,765
203,332,953
203,334,796
203,335,993
203,337,731
203,338,931
203,339,736
203,341,877
203,342,752
203,344,865
203,345,780
203,347,857
203,348,675
203,349,787
203,351,643
203,352,769
203,354,573
203,355,753
203,357,673
203,358,682
203,359,450
203,361,571
203,362,429
203,364,523
203,365,250
203,366,418
203,367,1214
205,10,521
205,11,484
205,13,566
205,14,948
205,16,589
205,17,605
205,18,540
205,20,745
205,21,658
205,23,686
205,24,698
205,26,923
205,27,666
205,28,642
205,30,658
205,31,862
205,33,632
205,34,809
205,36,697
205,37,980
205,38,642
205,40,731
205,41,719
205,43,913
205,44,715
205,45,827
205,47,713
205,48,1042
205,50,738
205,51,789
205,53,793
205,54,1038
205,55,731
205,57,857
205,58,826
205,60,1111
205,61,732
205,63,834
205,64,779
205,65,954
205,67,756
205,68,886
205,70,840
205,71,1098
205,72,744
205,74,896
205,75,796
205,77,991
205,78,804
205,80,940
205,81,811
205,82,1123
205,84,767
205,85,912
205,87,825
205,88,1041
205,89,820
205,91,1031
205,92,876
205,94,1113
205,95,871
205,97,978
205,98,824
205,99,1068
205,101,847
205,102,1073
205,104,767
205,105,1183
205,107,843
205,108,1037
205,109,828
205,111,1179
205,112,902
205,114,1070
205,115,851
205,116,1195
205,118,1024
205,119,1073
205,121,837
205,122,1239
205,124,1012
205,125,1141
205,126,907
205,128,1268
205,129,1098
205,131,1216
205,132,947
205,134,1208
205,135,1059
205,136,1210
205,138,931
205,139,1298
205,141,1159
205,142,1298
205,143,970
205,145,1341
205,146,1215
205,148,1337
205,149,986
205,151,1399
205,152,1285
205,153,1378
205,155,1103
205,156,1402
205,158,1326
205,159,1339
205,161,1067
205,162,1500
205,163,1312
205,165,1467
205,166,1101
205,168,1554
205,169,1276
205,170,1395
205,172,1106
205,173,1555
205,175,1492
205,176,1552
205,178,1099
205,179,1504
205,180,1449
205,182,1458
205,183,1171
205,185,1486
205,186,1551
205,188,1521
205,189,1179
205,190,1515
205,192,1495
205,193,1500
205,195,1140
205,196,1528
205,197,1548
205,199,1595
205,200,1144
205,202,1613
205,203,1443
205,205,1553
205,206,1165
205,207,1625
205,209,1539
205,210,1572
205,212,1155
205,213,1495
205,214,1508
205,216,1495
205,217,1131
205,219,1594
205,220,1538
205,222,1613
205,223,1155
205,224,1588
205,226,1517
205,227,1589
205,229,1146
205,230,1539
205,232,1451
205,233,1518
205,234,1139
205,236,1487
205,237,1511
205,239,1527
205,240,1088
205,241,1523
205,243,1507
205,244,1536
205,246,1137
205,247,1497
205,249,1431
205,250,1574
205,251,1118
205,253,1443
205,254,1425
205,256,1492
205,257,1105
205,259,1508
205,260,1446
205,261,1509
205,263,1007
205,264,1381
205,266,1429
205,267,1465
205,268,1006
205,270,1506
205,271,1325
205,273,1583
205,274,997
205,276,1420
205,277,1387
205,278,1461
205,280,1024
205,281,1474
205,283,1318
205,284,1519
205,286,968
205,287,1406
205,288,1358
205,290,1500
205,291,1012
205,293,1525
205,294,1317
205,295,1532
205,297,985
205,298,1450
205,300,1281
205,301,1546
205,303,927
205,304,1371
205,305,1225
205,307,1503
205,308,942
205,310,1474
205,311,1208
205,313,1535
205,314,970
205,315,1515
205,317,1199
205,318,1572
205,320,899
205,321,1505
205,322,1093
205,324,1553
205,325,880
205,327,1443
205,328,1108
205,330,1549
205,331,929
205,332,1357
205,334,1079
205,335,1512
205,337,870
205,338,1511
205,339,1061
205,341,1408
205,342,819
205,344,1291
205,345,1022
205,347,1399
205,348,748
205,349,1366
205,351,915
205,352,1293
205,354,627
205,355,1188
205,357,873
205,358,1190
205,359,536
205,361,1115
205,362,689
205,364,1203
205,365,301
205,366,791
205,367,1496
206,10,232
206,11,224
206,13,280
206,14,428
206,16,289
206,17,310
206,18,295
206,20,388
206,21,301
206,23,316
206,24,318
206,26,452
206,27,385
206,28,388
206,30,372
206,31,428
206,33,359
206,34,380
206,36,394
206,37,512
206,38,374
206,40,446
206,41,445
206,43,465
206,44,406
206,45,448
206,47,433
206,48,572
206,50,410
206,51,461
206,53,412
206,54,547
206,55,398
206,57,438
206,58,419
206,60,563
206,61,432
206,63,497
206,64,441
206,65,538
206,67,427
206,68,481
206,70,467
206,71,590
206,72,487
206,74,520
206,75,455
206,77,543
206,78,454
206,80,489
206,81,508
206,82,589
206,84,465
206,85,486
206,87,445
206,88,626
206,89,512
206,91,589
206,92,472
206,94,623
206,95,530
206,97,589
206,98,481
206,99,607
206,101,502
206,102,585
206,104,472
206,105,609
206,107,558
206,108,574
206,109,517
206,111,678
206,112,566
206,114,648
206,115,538
206,116,710
206,118,595
206,119,640
206,121,581
206,122,711
206,124,564
206,125,636
206,126,583
206,128,698
206,129,630
206,131,735
206,132,525
206,134,738
206,135,613
206,136,772
206,138,578
206,139,745
206,141,706
206,142,780
206,143,640
206,145,823
206,146,653
206,148,850
206,149,620
206,151,818
206,152,684
206,153,871
206,155,651
206,156,918
206,158,701
206,159,876
206,161,642
206,162,979
206,163,794
206,165,1016
206,166,754
206,168,964
206,169,794
206,170,903
206,172,690
206,173,955
206,175,826
206,176,1032
206,178,716
206,179,1128
206,180,848
206,182,985
206,183,726
206,185,1058
206,186,867
206,188,1157
206,189,752
206,190,1094
206,192,880
206,193,1071
206,195,695
206,196,1132
206,197,871
206,199,1134
206,200,762
206,202,1238
206,203,837
206,205,1153
206,206,743
206,207,1113
206,209,830
206,210,1158
206,212,733
206,213,1142
206,214,880
206,216,1139
206,217,721
206,219,1136
206,220,829
206,222,1213
206,223,748
206,224,1129
206,226,796
206,227,1166
206,229,755
206,230,1106
206,232,848
206,233,1186
206,234,743
206,236,1183
206,237,769
206,239,1129
206,240,680
206,241,1090
206,243,777
206,244,1135
206,246,707
206,247,1060
206,249,821
206,250,1119
206,251,699
206,253,1102
206,254,753
206,256,1136
206,257,730
206,259,1016
206,260,840
206,261,1081
206,263,696
206,264,1007
206,266,827
206,267,1033
206,268,803
206,270,1069
206,271,760
206,273,1027
206,274,716
206,276,1009
206,277,725
206,278,1013
206,280,690
206,281,926
206,283,763
206,284,1091
206,286,726
206,287,944
206,288,718
206,290,971
206,291,744
206,293,982
206,294,699
206,295,980
206,297,669
206,298,951
206,300,743
206,301,974
206,303,711
206,304,920
206,305,713
206,307,977
206,308,769
206,310,906
206,311,703
206,313,905
206,314,755
206,315,922
206,317,699
206,318,889
206,320,699
206,321,886
206,322,683
206,324,851
206,325,715
206,327,787
206,328,626
206,330,779
206,331,716
206,332,790
206,334,614
206,335,804
206,337,732
206,338,804
206,339,655
206,341,717
206,342,630
206,344,695
206,345,598
206,347,672
206,348,646
206,349,663
206,351,553
206,352,574
206,354,547
206,355,607
206,357,463
206,358,489
206,359,426
206,361,497
206,362,358
206,364,451
206,365,223
206,366,350
206,367,993
207,10,282
207,11,292
207,13,327
207,14,544
207,16,402
207,17,446
207,18,384
207,20,464
207,21,356
207,23,449
207,24,385
207,26,567
207,27,412
207,28,497
207,30,428
207,31,551
207,33,421
207,34,524
207,36,469
207,37,608
207,38,492
207,40,645
207,41,438
207,43,591
207,44,485
207,45,599
207,47,491
207,48,627
207,50,499
207,51,650
207,53,531
207,54,665
207,55,558
207,57,708
207,58,515
207,60,711
207,61,556
207,63,746
207,64,553
207,65,686
207,67,580
207,68,735
207,70,560
207,71,700
207,72,623
207,74,824
207,75,609
207,77,726
207,78,595
207,80,788
207,81,626
207,82,732
207,84,670
207,85,828
207,87,593
207,88,759
207,89,634
207,91,867
207,92,632
207,94,797
207,95,702
207,97,995
207,98,679
207,99,777
207,101,737
207,102,977
207,104,626
207,105,801
207,107,758
207,108,950
207,109,754
207,111,907
207,112,793
207,114,1005
207,115,698
207,116,879
207,118,856
207,119,1051
207,121,751
207,122,941
207,124,848
207,125,1122
207,126,735
207,128,954
207,129,909
207,131,1107
207,132,755
207,134,980
207,135,1007
207,136,1142
207,138,783
207,139,1048
207,141,944
207,142,1238
207,143,855
207,145,1042
207,146,1050
207,148,1129
207,149,824
207,151,1093
207,152,1115
207,153,1232
207,155,858
207,156,1119
207,158,1130
207,159,1183
207,161,916
207,162,1102
207,163,1148
207,165,1283
207,166,948
207,168,1245
207,169,1211
207,170,1288
207,172,932
207,173,1269
207,175,1234
207,176,1445
207,178,971
207,179,1155
207,180,1258
207,182,1379
207,183,994
207,185,1320
207,186,1267
207,188,1432
207,189,971
207,190,1240
207,192,1304
207,193,1446
207,195,1033
207,196,1235
207,197,1289
207,199,1446
207,200,1024
207,202,1317
207,203,1296
207,205,1516
207,206,1076
207,207,1263
207,209,1408
207,210,1497
207,212,1044
207,213,1274
207,214,1365
207,216,1473
207,217,1025
207,219,1247
207,220,1356
207,222,1520
207,223,1035
207,224,1274
207,226,1302
207,227,1429
207,229,1049
207,230,1268
207,232,1305
207,233,1476
207,234,1015
207,236,1243
207,237,1252
207,239,1503
207,240,960
207,241,1256
207,243,1269
207,244,1553
207,246,1057
207,247,1268
207,249,1263
207,250,1403
207,251,982
207,253,1205
207,254,1166
207,256,1489
207,257,996
207,259,1180
207,260,1163
207,261,1375
207,263,997
207,264,1205
207,266,1141
207,267,1444
207,268,932
207,270,1175
207,271,1154
207,273,1417
207,274,960
207,276,1161
207,277,1110
207,278,1420
207,280,970
207,281,1162
207,283,1052
207,284,1462
207,286,988
207,287,1166
207,288,927
207,290,1389
207,291,932
207,293,1161
207,294,1026
207,295,1355
207,297,964
207,298,1111
207,300,1033
207,301,1376
207,303,954
207,304,1033
207,305,944
207,307,1364
207,308,931
207,310,1078
207,311,847
207,313,1311
207,314,895
207,315,1160
207,317,922
207,318,1390
207,320,901
207,321,1131
207,322,803
207,324,1247
207,325,876
207,327,1124
207,328,844
207,330,1269
207,331,845
207,332,1080
207,334,769
207,335,1145
207,337,825
207,338,1092
207,339,732
207,341,1124
207,342,782
207,344,992
207,345,657
207,347,969
207,348,717
207,349,988
207,351,657
207,352,930
207,354,674
207,355,903
207,357,498
207,358,776
207,359,492
207,361,706
207,362,352
207,364,712
207,365,251
207,366,406
207,367,817
209,10,228
209,11,207
209,13,270
209,14,323
209,16,251
209,17,352
209,18,325
209,20,355
209,21,263
209,23,314
209,24,293
209,26,395
209,27,274
209,28,354
209,30,367
209,31,342
209,33,283
209,34,382
209,36,366
209,37,393
209,38,314
209,40,431
209,41,372
209,43,401
209,44,325
209,45,489
209,47,428
209,48,434
209,50,369
209,51,483
209,53,436
209,54,395
209,55,340
209,57,511
209,58,438
209,60,492
209,61,359
209,63,554
209,64,502
209,65,449
209,67,388
209,68,540
209,70,450
209,71,491
209,72,382
209,74,594
209,75,474
209,77,536
209,78,424
209,80,580
209,81,490
209,82,466
209,84,418
209,85,592
209,87,502
209,88,543
209,89,403
209,91,693
209,92,473
209,94,542
209,95,460
209,97,684
209,98,492
209,99,566
209,101,460
209,102,745
209,104,467
209,105,562
209,107,448
209,108,713
209,109,506
209,111,636
209,112,531
209,114,761
209,115,540
209,116,588
209,118,524
209,119,815
209,121,519
209,122,699
209,124,525
209,125,762
209,126,575
209,128,744
209,129,546
209,131,827
209,132,576
209,134,740
209,135,584
209,136,845
209,138,586
209,139,824
209,141,665
209,142,970
209,143,633
209,145,833
209,146,647
209,148,896
209,149,612
209,151,949
209,152,668
209,153,981
209,155,684
209,156,947
209,158,727
209,159,985
209,161,691
209,162,955
209,163,769
209,165,1077
209,166,725
209,168,1129
209,169,793
209,170,1059
209,172,628
209,173,1053
209,175,818
209,176,1144
209,178,756
209,179,1156
209,180,899
209,182,1101
209,183,731
209,185,1175
209,186,849
209,188,1181
209,189,725
209,190,1215
209,192,888
209,193,1239
209,195,691
209,196,1225
209,197,813
209,199,1230
209,200,799
209,202,1255
209,203,946
209,205,1301
209,206,741
209,207,1240
209,209,900
209,210,1230
209,212,807
209,213,1251
209,214,865
209,216,1301
209,217,720
209,219,1243
209,220,880
209,222,1276
209,223,794
209,224,1211
209,226,963
209,227,1337
209,229,793
209,230,1300
209,232,896
209,233,1320
209,234,788
209,236,1184
209,237,918
209,239,1348
209,240,725
209,241,1190
209,243,949
209,244,1243
209,246,858
209,247,1188
209,249,843
209,250,1322
209,251,794
209,253,1223
209,254,854
209,256,1252
209,257,772
209,259,1137
209,260,869
209,261,1300
209,263,758
209,264,1148
209,266,828
209,267,1241
209,268,810
209,270,1263
209,271,908
209,273,1355
209,274,823
209,276,1083
209,277,780
209,278,1277
209,280,822
209,281,1197
209,283,807
209,284,1274
209,286,785
209,287,1030
209,288,833
209,290,1207
209,291,881
209,293,1125
209,294,868
209,295,1268
209,297,864
209,298,1035
209,300,820
209,301,1186
209,303,861
209,304,1109
209,305,781
209,307,1163
209,308,810
209,310,1014
209,311,802
209,313,1089
209,314,880
209,315,1011
209,317,831
209,318,1127
209,320,899
209,321,945
209,322,781
209,324,1021
209,325,852
209,327,943
209,328,759
209,330,1079
209,331,826
209,332,918
209,334,755
209,335,965
209,337,828
209,338,916
209,339,764
209,341,970
209,342,759
209,344,807
209,345,663
209,347,841
209,348,693
209,349,838
209,351,676
209,352,807
209,354,561
209,355,736
209,357,631
209,358,692
209,359,454
209,361,529
209,362,458
209,364,571
209,365,240
209,366,399
209,367,1032
210,10,513
210,11,481
210,13,465
210,14,760
210,16,555
210,17,585
210,18,556
210,20,755
210,21,558
210,23,604
210,24,587
210,26,802
210,27,562
210,28,607
210,30,653
210,31,815
210,33,629
210,34,738
210,36,620
210,37,864
210,38,617
210,40,743
210,41,676
210,43,942
210,44,701
210,45,745
210,47,715
210,48,920
210,50,637
210,51,788
210,53,730
210,54,984
210,55,676
210,57,834
210,58,686
210,60,955
210,61,664
210,63,812
210,64,787
210,65,976
210,67,731
210,68,832
210,70,790
210,71,962
210,72,729
210,74,829
210,75,809
210,77,1017
210,78,819
210,80,940
210,81,806
210,82,985
210,84,685
210,85,850
210,87,794
210,88,1018
210,89,789
210,91,1005
210,92,771
210,94,1049
210,95,771
210,97,904
210,98,805
210,99,1128
210,101,869
210,102,937
210,104,784
210,105,1083
210,107,812
210,108,1027
210,109,806
210,111,1122
210,112,935
210,114,969
210,115,842
210,116,1083
210,118,953
210,119,1023
210,121,829
210,122,1147
210,124,1006
210,125,1040
210,126,869
210,128,1096
210,129,1006
210,131,1120
210,132,921
210,134,1187
210,135,1129
210,136,1097
210,138,956
210,139,1239
210,141,1152
210,142,1265
210,143,921
210,145,1306
210,146,1286
210,148,1263
210,149,972
210,151,1187
210,152,1169
210,153,1336
210,155,1019
210,156,1373
210,158,1298
210,159,1309
210,161,1013
210,162,1334
210,163,1353
210,165,1381
210,166,1046
210,168,1374
210,169,1437
210,170,1384
210,172,1018
210,173,1380
210,175,1394
210,176,1418
210,178,1150
210,179,1507
210,180,1492
210,182,1443
210,183,1129
210,185,1414
210,186,1413
210,188,1487
210,189,1123
210,190,1511
210,192,1487
210,193,1475
210,195,1136
210,196,1523
210,197,1410
210,199,1481
210,200,1195
210,202,1560
210,203,1536
210,205,1555
210,206,1150
210,207,1549
210,209,1548
210,210,1576
210,212,1182
210,213,1564
210,214,1559
210,216,1528
210,217,1156
210,219,1511
210,220,1526
210,222,1525
210,223,1123
210,224,1546
210,226,1618
210,227,1572
210,229,1064
210,230,1577
210,232,1424
210,233,1535
210,234,1132
210,236,1474
210,237,1561
210,239,1454
210,240,1047
210,241,1441
210,243,1449
210,244,1508
210,246,1134
210,247,1550
210,249,1425
210,250,1455
210,251,1068
210,253,1459
210,254,1475
210,256,1545
210,257,1079
210,259,1424
210,260,1509
210,261,1487
210,263,1053
210,264,1409
210,266,1355
210,267,1466
210,268,1049
210,270,1412
210,271,1506
210,273,1484
210,274,1035
210,276,1392
210,277,1355
210,278,1457
210,280,985
210,281,1437
210,283,1477
210,284,1522
210,286,991
210,287,1329
210,288,1248
210,290,1512
210,291,978
210,293,1477
210,294,1432
210,295,1566
210,297,987
210,298,1404
210,300,1237
210,301,1534
210,303,980
210,304,1479
210,305,1282
210,307,1509
210,308,939
210,310,1420
210,311,1156
210,313,1504
210,314,922
210,315,1486
210,317,1228
210,318,1667
210,320,871
210,321,1389
210,322,1131
210,324,1510
210,325,934
210,327,1416
210,328,1147
210,330,1431
210,331,868
210,332,1377
210,334,1040
210,335,1481
210,337,913
210,338,1368
210,339,1089
210,341,1423
210,342,786
210,344,1224
210,345,922
210,347,1299
210,348,709
210,349,1173
210,351,886
210,352,1257
210,354,682
210,355,1014
210,357,751
210,358,1095
210,359,540
210,361,927
210,362,582
210,364,963
210,365,327
210,366,575
210,367,1174
212,10,270
212,11,294
212,13,245
212,14,436
212,16,277
212,17,322
212,18,301
212,20,431
212,21,343
212,23,356
212,24,333
212,26,465
212,27,332
212,28,387
212,30,353
212,31,510
212,33,395
212,34,451
212,36,363
212,37,521
212,38,374
212,40,396
212,41,367
212,43,546
212,44,429
212,45,477
212,47,406
212,48,522
212,50,431
212,51,427
212,53,391
212,54,594
212,55,458
212,57,473
212,58,482
212,60,554
212,61,435
212,63,440
212,64,476
212,65,627
212,67,465
212,68,524
212,70,489
212,71,576
212,72,439
212,74,500
212,75,433
212,77,651
212,78,500
212,80,559
212,81,433
212,82,606
212,84,473
212,85,517
212,87,490
212,88,598
212,89,517
212,91,549
212,92,504
212,94,646
212,95,486
212,97,563
212,98,496
212,99,657
212,101,521
212,102,586
212,104,471
212,105,597
212,107,535
212,108,526
212,109,502
212,111,620
212,112,551
212,114,629
212,115,520
212,116,625
212,118,575
212,119,646
212,121,536
212,122,695
212,124,588
212,125,673
212,126,544
212,128,680
212,129,618
212,131,653
212,132,537
212,134,691
212,135,644
212,136,701
212,138,578
212,139,740
212,141,634
212,142,752
212,143,604
212,145,783
212,146,685
212,148,853
212,149,613
212,151,773
212,152,703
212,153,882
212,155,650
212,156,821
212,158,772
212,159,875
212,161,600
212,162,832
212,163,763
212,165,902
212,166,671
212,168,896
212,169,748
212,170,831
212,172,627
212,173,950
212,175,770
212,176,995
212,178,701
212,179,986
212,180,795
212,182,996
212,183,695
212,185,959
212,186,786
212,188,992
212,189,740
212,190,1059
212,192,842
212,193,1095
212,195,694
212,196,1004
212,197,794
212,199,1029
212,200,706
212,202,1103
212,203,841
212,205,1133
212,206,716
212,207,1079
212,209,827
212,210,1063
212,212,789
212,213,1123
212,214,816
212,216,1106
212,217,728
212,219,1035
212,220,821
212,222,1136
212,223,760
212,224,1106
212,226,882
212,227,1139
212,229,716
212,230,1051
212,232,809
212,233,1136
212,234,766
212,236,1086
212,237,862
212,239,1182
212,240,714
212,241,1039
212,243,814
212,244,1146
212,246,764
212,247,1082
212,249,806
212,250,1138
212,251,709
212,253,1062
212,254,817
212,256,1181
212,257,711
212,259,1030
212,260,770
212,261,1114
212,263,680
212,264,955
212,266,762
212,267,1061
212,268,744
212,270,1058
212,271,786
212,273,1074
212,274,686
212,276,989
212,277,799
212,278,1047
212,280,695
212,281,993
212,283,779
212,284,1058
212,286,711
212,287,951
212,288,761
212,290,945
212,291,730
212,293,980
212,294,761
212,295,1021
212,297,734
212,298,944
212,300,722
212,301,1005
212,303,730
212,304,936
212,305,742
212,307,941
212,308,775
212,310,911
212,311,706
212,313,901
212,314,767
212,315,890
212,317,704
212,318,858
212,320,758
212,321,927
212,322,695
212,324,851
212,325,740
212,327,887
212,328,703
212,330,805
212,331,737
212,332,803
212,334,655
212,335,751
212,337,709
212,338,782
212,339,674
212,341,790
212,342,615
212,344,734
212,345,606
212,347,654
212,348,659
212,349,673
212,351,557
212,352,613
212,354,570
212,355,629
212,357,516
212,358,547
212,359,434
212,361,522
212,362,398
212,364,480
212,365,244
212,366,359
212,367,936
213,10,309
213,11,327
213,13,358
213,14,524
213,16,354
213,17,452
213,18,384
213,20,487
213,21,403
213,23,477
213,24,359
213,26,540
213,27,458
213,28,526
213,30,403
213,31,548
213,33,450
213,34,564
213,36,483
213,37,594
213,38,476
213,40,597
213,41,515
213,43,619
213,44,542
213,45,699
213,47,486
213,48,632
213,50,518
213,51,681
213,53,524
213,54,702
213,55,554
213,57,755
213,58,546
213,60,672
213,61,587
213,63,747
213,64,531
213,65,710
213,67,598
213,68,834
213,70,599
213,71,723
213,72,641
213,74,775
213,75,601
213,77,764
213,78,678
213,80,841
213,81,633
213,82,786
213,84,681
213,85,799
213,87,661
213,88,755
213,89,668
213,91,845
213,92,620
213,94,811
213,95,696
213,97,900
213,98,653
213,99,753
213,101,761
213,102,926
213,104,724
213,105,807
213,107,822
213,108,895
213,109,720
213,111,897
213,112,862
213,114,967
213,115,706
213,116,882
213,118,886
213,119,1030
213,121,778
213,122,954
213,124,871
213,125,1045
213,126,750
213,128,985
213,129,886
213,131,1040
213,132,785
213,134,933
213,135,957
213,136,1149
213,138,828
213,139,994
213,141,1039
213,142,1161
213,143,847
213,145,1024
213,146,1052
213,148,1139
213,149,903
213,151,1042
213,152,1049
213,153,1198
213,155,882
213,156,1141
213,158,1128
213,159,1177
213,161,876
213,162,1080
213,163,1153
213,165,1289
213,166,951
213,168,1110
213,169,1084
213,170,1316
213,172,958
213,173,1118
213,175,1155
213,176,1315
213,178,1007
213,179,1149
213,180,1317
213,182,1367
213,183,958
213,185,1226
213,186,1255
213,188,1342
213,189,977
213,190,1252
213,192,1327
213,193,1361
213,195,1013
213,196,1142
213,197,1288
213,199,1442
213,200,1041
213,202,1252
213,203,1273
213,205,1410
213,206,989
213,207,1136
213,209,1325
213,210,1469
213,212,1000
213,213,1297
213,214,1294
213,216,1434
213,217,1026
213,219,1200
213,220,1279
213,222,1405
213,223,1095
213,224,1344
213,226,1344
213,227,1487
213,229,981
213,230,1174
213,232,1274
213,233,1374
213,234,999
213,236,1297
213,237,1274
213,239,1473
213,240,1014
213,241,1174
213,243,1262
213,244,1473
213,246,1066
213,247,1263
213,249,1279
213,250,1445
213,251,1071
213,253,1178
213,254,1195
213,256,1434
213,257,1028
213,259,1197
213,260,1215
213,261,1490
213,263,992
213,264,1089
213,266,1157
213,267,1469
213,268,1000
213,270,1100
213,271,1121
213,273,1526
213,274,918
213,276,1137
213,277,1119
213,278,1441
213,280,936
213,281,1145
213,283,1116
213,284,1370
213,286,912
213,287,1106
213,288,1055
213,290,1348
213,291,951
213,293,1134
213,294,975
213,295,1384
213,297,938
213,298,1112
213,300,975
213,301,1339
213,303,957
213,304,1095
213,305,988
213,307,1278
213,308,954
213,310,1056
213,311,910
213,313,1294
213,314,945
213,315,1174
213,317,944
213,318,1333
213,320,948
213,321,1156
213,322,921
213,324,1261
213,325,880
213,327,1151
213,328,856
213,330,1255
213,331,867
213,332,1050
213,334,786
213,335,1180
213,337,859
213,338,1137
213,339,826
213,341,1133
213,342,773
213,344,1010
213,345,697
213,347,929
213,348,725
213,349,985
213,351,621
213,352,968
213,354,626
213,355,858
213,357,536
213,358,738
213,359,530
213,361,698
213,362,407
213,364,615
213,365,285
213,366,399
213,367,885
214,10,186
214,11,228
214,13,267
214,14,336
214,16,206
214,17,345
214,18,341
214,20,318
214,21,244
214,23,352
214,24,330
214,26,336
214,27,265
214,28,375
214,30,376
214,31,368
214,33,276
214,34,412
214,36,438
214,37,469
214,38,313
214,40,424
214,41,396
214,43,365
214,44,299
214,45,542
214,47,422
214,48,508
214,50,372
214,51,513
214,53,443
214,54,406
214,55,345
214,57,575
214,58,460
214,60,436
214,61,390
214,63,535
214,64,462
214,65,434
214,67,361
214,68,637
214,70,471
214,71,556
214,72,378
214,74,604
214,75,454
214,77,532
214,78,423
214,80,626
214,81,460
214,82,531
214,84,406
214,85,597
214,87,456
214,88,533
214,89,438
214,91,684
214,92,522
214,94,574
214,95,448
214,97,737
214,98,427
214,99,523
214,101,431
214,102,708
214,104,523
214,105,617
214,107,483
214,108,686
214,109,486
214,111,626
214,112,480
214,114,794
214,115,564
214,116,635
214,118,533
214,119,734
214,121,561
214,122,668
214,124,545
214,125,774
214,126,546
214,128,705
214,129,607
214,131,878
214,132,528
214,134,709
214,135,557
214,136,889
214,138,572
214,139,747
214,141,670
214,142,899
214,143,581
214,145,883
214,146,633
214,148,899
214,149,581
214,151,825
214,152,659
214,153,950
214,155,597
214,156,946
214,158,703
214,159,984
214,161,654
214,162,962
214,163,723
214,165,1006
214,166,654
214,168,981
214,169,714
214,170,1028
214,172,658
214,173,998
214,175,769
214,176,1020
214,178,725
214,179,1074
214,180,760
214,182,1070
214,183,699
214,185,1123
214,186,818
214,188,1108
214,189,757
214,190,1151
214,192,817
214,193,1121
214,195,641
214,196,1099
214,197,873
214,199,1178
214,200,739
214,202,1220
214,203,858
214,205,1245
214,206,756
214,207,1194
214,209,793
214,210,1150
214,212,693
214,213,1197
214,214,861
214,216,1187
214,217,718
214,219,1164
214,220,867
214,222,1149
214,223,756
214,224,1182
214,226,856
214,227,1243
214,229,752
214,230,1162
214,232,799
214,233,1257
214,234,722
214,236,1228
214,237,893
214,239,1297
214,240,743
214,241,1176
214,243,866
214,244,1210
214,246,783
214,247,1154
214,249,814
214,250,1293
214,251,744
214,253,1172
214,254,872
214,256,1272
214,257,821
214,259,1100
214,260,812
214,261,1251
214,263,753
214,264,1094
214,266,761
214,267,1235
214,268,805
214,270,1136
214,271,861
214,273,1291
214,274,750
214,276,1077
214,277,815
214,278,1241
214,280,801
214,281,1106
214,283,814
214,284,1279
214,286,811
214,287,1065
214,288,843
214,290,1189
214,291,834
214,293,1092
214,294,800
214,295,1269
214,297,820
214,298,1073
214,300,803
214,301,1229
214,303,891
214,304,1093
214,305,828
214,307,1211
214,308,886
214,310,997
214,311,800
214,313,1151
214,314,913
214,315,976
214,317,793
214,318,1079
214,320,872
214,321,1002
214,322,791
214,324,1038
214,325,795
214,327,952
214,328,767
214,330,1018
214,331,752
214,332,930
214,334,767
214,335,973
214,337,806
214,338,861
214,339,743
214,341,914
214,342,714
214,344,844
214,345,718
214,347,850
214,348,711
214,349,829
214,351,686
214,352,707
214,354,596
214,355,682
214,357,597
214,358,626
214,359,423
214,361,552
214,362,429
214,364,572
214,365,247
214,366,425
214,367,1035
216,10,494
216,11,487
216,13,519
216,14,857
216,16,564
216,17,524
216,18,560
216,20,684
216,21,622
216,23,699
216,24,667
216,26,866
216,27,639
216,28,654
216,30,716
216,31,869
216,33,622
216,34,735
216,36,691
216,37,948
216,38,641
216,40,714
216,41,712
216,43,965
216,44,644
216,45,839
216,47,780
216,48,958
216,50,721
216,51,828
216,53,716
216,54,991
216,55,727
216,57,864
216,58,806
216,60,1013
216,61,718
216,63,884
216,64,784
216,65,1026
216,67,711
216,68,992
216,70,848
216,71,1066
216,72,746
216,74,938
216,75,869
216,77,1018
216,78,752
216,80,926
216,81,876
216,82,1018
216,84,830
216,85,893
216,87,811
216,88,996
216,89,814
216,91,938
216,92,833
216,94,1059
216,95,849
216,97,983
216,98,771
216,99,1034
216,101,842
216,102,995
216,104,836
216,105,1011
216,107,889
216,108,948
216,109,840
216,111,1097
216,112,900
216,114,1037
216,115,885
216,116,1107
216,118,998
216,119,1092
216,121,905
216,122,1062
216,124,984
216,125,1094
216,126,875
216,128,1227
216,129,1077
216,131,1135
216,132,878
216,134,1080
216,135,1057
216,136,1149
216,138,909
216,139,1173
216,141,1140
216,142,1205
216,143,1005
216,145,1198
216,146,1146
216,148,1195
216,149,921
216,151,1258
216,152,1144
216,153,1295
216,155,955
216,156,1283
216,158,1258
216,159,1254
216,161,1034
216,162,1309
216,163,1339
216,165,1250
216,166,1013
216,168,1282
216,169,1351
216,170,1314
216,172,1014
216,173,1385
216,175,1359
216,176,1405
216,178,1039
216,179,1354
216,180,1321
216,182,1293
216,183,1055
216,185,1395
216,186,1420
216,188,1418
216,189,1123
216,190,1455
216,192,1365
216,193,1408
216,195,1054
216,196,1358
216,197,1440
216,199,1410
216,200,1074
216,202,1388
216,203,1436
216,205,1410
216,206,1075
216,207,1342
216,209,1502
216,210,1396
216,212,1106
216,213,1510
216,214,1506
216,216,1402
216,217,1088
216,219,1393
216,220,1482
216,222,1402
216,223,1060
216,224,1509
216,226,1415
216,227,1398
216,229,1064
216,230,1379
216,232,1434
216,233,1450
216,234,1080
216,236,1350
216,237,1413
216,239,1414
216,240,1105
216,241,1382
216,243,1396
216,244,1433
216,246,1004
216,247,1399
216,249,1431
216,250,1391
216,251,989
216,253,1299
216,254,1412
216,256,1432
216,257,999
216,259,1357
216,260,1446
216,261,1412
216,263,991
216,264,1383
216,266,1376
216,267,1450
216,268,1101
216,270,1459
216,271,1378
216,273,1462
216,274,962
216,276,1326
216,277,1337
216,278,1457
216,280,963
216,281,1433
216,283,1302
216,284,1501
216,286,986
216,287,1342
216,288,1342
216,290,1490
216,291,939
216,293,1420
216,294,1314
216,295,1618
216,297,913
216,298,1473
216,300,1271
216,301,1559
216,303,979
216,304,1451
216,305,1176
216,307,1522
216,308,955
216,310,1357
216,311,1200
216,313,1624
216,314,975
216,315,1509
216,317,1262
216,318,1677
216,320,907
216,321,1443
216,322,1184
216,324,1568
216,325,952
216,327,1538
216,328,1139
216,330,1562
216,331,882
216,332,1299
216,334,1042
216,335,1528
216,337,896
216,338,1556
216,339,1047
216,341,1581
216,342,807
216,344,1280
216,345,968
216,347,1432
216,348,713
216,349,1300
216,351,900
216,352,1354
216,354,673
216,355,1190
216,357,865
216,358,1198
216,359,589
216,361,1068
216,362,636
216,364,1210
216,365,362
216,366,811
216,367,1524
217,10,218
217,11,234
217,13,246
217,14,399
217,16,279
217,17,322
217,18,278
217,20,345
217,21,242
217,23,347
217,24,304
217,26,447
217,27,332
217,28,399
217,30,325
217,31,414
217,33,304
217,34,419
217,36,348
217,37,469
217,38,380
217,40,391
217,41,360
217,43,472
217,44,352
217,45,432
217,47,354
217,48,491
217,50,408
217,51,456
217,53,407
217,54,489
217,55,341
217,57,482
217,58,388
217,60,556
217,61,467
217,63,451
217,64,391
217,65,493
217,67,440
217,68,480
217,70,443
217,71,532
217,72,457
217,74,454
217,75,459
217,77,499
217,78,434
217,80,442
217,81,418
217,82,559
217,84,435
217,85,485
217,87,450
217,88,488
217,89,470
217,91,509
217,92,440
217,94,631
217,95,495
217,97,531
217,98,452
217,99,541
217,101,503
217,102,531
217,104,433
217,105,558
217,107,489
217,108,556
217,109,482
217,111,568
217,112,503
217,114,514
217,115,470
217,116,615
217,118,559
217,119,643
217,121,541
217,122,601
217,124,521
217,125,562
217,126,526
217,128,616
217,129,559
217,131,702
217,132,502
217,134,639
217,135,609
217,136,603
217,138,504
217,139,654
217,141,657
217,142,763
217,143,540
217,145,654
217,146,615
217,148,698
217,149,548
217,151,740
217,152,711
217,153,805
217,155,634
217,156,822
217,158,692
217,159,789
217,161,609
217,162,763
217,163,715
217,165,815
217,166,605
217,168,829
217,169,746
217,170,892
217,172,617
217,173,853
217,175,710
217,176,932
217,178,621
217,179,906
217,180,722
217,182,967
217,183,640
217,185,929
217,186,762
217,188,997
217,189,708
217,190,971
217,192,864
217,193,975
217,195,691
217,196,936
217,197,779
217,199,1023
217,200,677
217,202,1088
217,203,730
217,205,1015
217,206,665
217,207,1028
217,209,794
217,210,1078
217,212,715
217,213,1003
217,214,780
217,216,978
217,217,674
217,219,1044
217,220,794
217,222,1095
217,223,752
217,224,1096
217,226,777
217,227,1052
217,229,681
217,230,977
217,232,737
217,233,1042
217,234,665
217,236,1075
217,237,765
217,239,1027
217,240,705
217,241,1045
217,243,789
217,244,1054
217,246,722
217,247,1017
217,249,743
217,250,1097
217,251,674
217,253,1019
217,254,756
217,256,1033
217,257,692
217,259,1013
217,260,730
217,261,1067
217,263,698
217,264,986
217,266,711
217,267,1088
217,268,679
217,270,1009
217,271,751
217,273,982
217,274,697
217,276,1024
217,277,688
217,278,1031
217,280,659
217,281,967
217,283,738
217,284,911
217,286,663
217,287,913
217,288,681
217,290,999
217,291,727
217,293,969
217,294,716
217,295,966
217,297,666
217,298,897
217,300,693
217,301,1007
217,303,737
217,304,929
217,305,658
217,307,894
217,308,707
217,310,855
217,311,731
217,313,959
217,314,764
217,315,866
217,317,688
217,318,888
217,320,724
217,321,847
217,322,686
217,324,865
217,325,715
217,327,805
217,328,635
217,330,774
217,331,703
217,332,817
217,334,612
217,335,832
217,337,768
217,338,830
217,339,621
217,341,682
217,342,621
217,344,700
217,345,555
217,347,691
217,348,621
217,349,633
217,351,536
217,352,615
217,354,506
217,355,623
217,357,472
217,358,503
217,359,405
217,361,492
217,362,364
217,364,482
217,365,212
217,366,330
217,367,914
219,10,273
219,11,306
219,13,339
219,14,501
219,16,380
219,17,472
219,18,331
219,20,464
219,21,358
219,23,477
219,24,369
219,26,504
219,27,469
219,28,480
219,30,410
219,31,500
219,33,385
219,34,502
219,36,411
219,37,585
219,38,525
219,40,589
219,41,437
219,43,603
219,44,463
219,45,615
219,47,444
219,48,632
219,50,524
219,51,664
219,53,510
219,54,654
219,55,484
219,57,652
219,58,527
219,60,714
219,61,539
219,63,745
219,64,517
219,65,653
219,67,526
219,68,714
219,70,509
219,71,693
219,72,576
219,74,805
219,75,599
219,77,683
219,78,611
219,80,785
219,81,558
219,82,773
219,84,636
219,85,810
219,87,582
219,88,737
219,89,682
219,91,747
219,92,650
219,94,768
219,95,752
219,97,834
219,98,605
219,99,769
219,101,766
219,102,911
219,104,641
219,105,792
219,107,767
219,108,951
219,109,702
219,111,797
219,112,786
219,114,941
219,115,664
219,116,835
219,118,834
219,119,1045
219,121,737
219,122,881
219,124,767
219,125,974
219,126,727
219,128,901
219,129,849
219,131,1045
219,132,748
219,134,920
219,135,898
219,136,987
219,138,778
219,139,950
219,141,1000
219,142,1059
219,143,777
219,145,986
219,146,1035
219,148,1030
219,149,805
219,151,1010
219,152,1055
219,153,1103
219,155,840
219,156,1007
219,158,1030
219,159,1066
219,161,840
219,162,999
219,163,1159
219,165,1220
219,166,933
219,168,1065
219,169,1102
219,170,1178
219,172,833
219,173,1093
219,175,1191
219,176,1258
219,178,921
219,179,1176
219,180,1254
219,182,1230
219,183,959
219,185,1052
219,186,1241
219,188,1236
219,189,923
219,190,1202
219,192,1266
219,193,1262
219,195,929
219,196,1158
219,197,1242
219,199,1272
219,200,957
219,202,1135
219,203,1222
219,205,1376
219,206,974
219,207,1160
219,209,1231
219,210,1341
219,212,1034
219,213,1228
219,214,1251
219,216,1346
219,217,1000
219,219,1184
219,220,1286
219,222,1369
219,223,950
219,224,1164
219,226,1219
219,227,1393
219,229,942
219,230,1188
219,232,1204
219,233,1402
219,234,960
219,236,1189
219,237,1278
219,239,1408
219,240,986
219,241,1135
219,243,1190
219,244,1392
219,246,973
219,247,1123
219,249,1112
219,250,1330
219,251,957
219,253,1151
219,254,1174
219,256,1403
219,257,957
219,259,1114
219,260,1189
219,261,1361
219,263,954
219,264,1179
219,266,1075
219,267,1350
219,268,924
219,270,1120
219,271,1159
219,273,1401
219,274,890
219,276,1080
219,277,994
219,278,1334
219,280,933
219,281,1089
219,283,1056
219,284,1404
219,286,941
219,287,1067
219,288,1008
219,290,1361
219,291,889
219,293,1094
219,294,1061
219,295,1348
219,297,890
219,298,1053
219,300,965
219,301,1339
219,303,925
219,304,1107
219,305,946
219,307,1323
219,308,914
219,310,1046
219,311,926
219,313,1256
219,314,958
219,315,1153
219,317,913
219,318,1297
219,320,932
219,321,1104
219,322,882
219,324,1204
219,325,839
219,327,1124
219,328,834
219,330,1196
219,331,803
219,332,1075
219,334,754
219,335,1131
219,337,803
219,338,1069
219,339,774
219,341,1078
219,342,768
219,344,967
219,345,672
219,347,1003
219,348,692
219,349,923
219,351,637
219,352,900
219,354,665
219,355,858
219,357,468
219,358,808
219,359,452
219,361,679
219,362,358
219,364,730
219,365,237
219,366,372
219,367,802
220,10,162
220,11,181
220,13,243
220,14,338
220,16,226
220,17,356
220,18,271
220,20,335
220,21,207
220,23,378
220,24,299
220,26,319
220,27,237
220,28,344
220,30,358
220,31,359
220,33,258
220,34,378
220,36,356
220,37,355
220,38,283
220,40,466
220,41,373
220,43,370
220,44,295
220,45,449
220,47,394
220,48,431
220,50,338
220,51,521
220,53,386
220,54,429
220,55,277
220,57,472
220,58,415
220,60,439
220,61,334
220,63,596
220,64,444
220,65,443
220,67,324
220,68,502
220,70,400
220,71,480
220,72,345
220,74,576
220,75,424
220,77,454
220,78,354
220,80,582
220,81,427
220,82,458
220,84,364
220,85,648
220,87,451
220,88,488
220,89,406
220,91,617
220,92,419
220,94,528
220,95,431
220,97,657
220,98,429
220,99,535
220,101,399
220,102,652
220,104,443
220,105,531
220,107,417
220,108,716
220,109,452
220,111,515
220,112,435
220,114,701
220,115,422
220,116,582
220,118,485
220,119,770
220,121,495
220,122,655
220,124,540
220,125,715
220,126,469
220,128,638
220,129,550
220,131,781
220,132,502
220,134,737
220,135,521
220,136,756
220,138,508
220,139,696
220,141,505
220,142,808
220,143,529
220,145,805
220,146,579
220,148,833
220,149,500
220,151,729
220,152,618
220,153,858
220,155,528
220,156,831
220,158,597
220,159,921
220,161,578
220,162,878
220,163,689
220,165,890
220,166,599
220,168,907
220,169,663
220,170,966
220,172,607
220,173,970
220,175,734
220,176,1030
220,178,646
220,179,1077
220,180,732
220,182,1109
220,183,620
220,185,1064
220,186,784
220,188,966
220,189,665
220,190,1071
220,192,751
220,193,1173
220,195,656
220,196,1120
220,197,776
220,199,1094
220,200,658
220,202,1233
220,203,803
220,205,1185
220,206,646
220,207,1125
220,209,840
220,210,1130
220,212,690
220,213,1202
220,214,851
220,216,1185
220,217,707
220,219,1102
220,220,837
220,222,1192
220,223,721
220,224,1220
220,226,920
220,227,1233
220,229,653
220,230,1118
220,232,812
220,233,1181
220,234,672
220,236,1165
220,237,881
220,239,1258
220,240,739
220,241,1156
220,243,771
220,244,1219
220,246,743
220,247,1064
220,249,847
220,250,1302
220,251,789
220,253,1159
220,254,814
220,256,1246
220,257,717
220,259,1138
220,260,845
220,261,1263
220,263,765
220,264,1106
220,266,813
220,267,1234
220,268,798
220,270,1096
220,271,804
220,273,1303
220,274,797
220,276,1089
220,277,767
220,278,1217
220,280,832
220,281,1083
220,283,887
220,284,1194
220,286,837
220,287,1033
220,288,829
220,290,1178
220,291,852
220,293,1110
220,294,853
220,295,1195
220,297,886
220,298,1076
220,300,746
220,301,1183
220,303,878
220,304,1040
220,305,804
220,307,1140
220,308,831
220,310,984
220,311,808
220,313,1140
220,314,887
220,315,1036
220,317,770
220,318,1179
220,320,831
220,321,941
220,322,790
220,324,1041
220,325,877
220,327,989
220,328,794
220,330,1015
220,331,755
220,332,900
220,334,801
220,335,926
220,337,800
220,338,930
220,339,695
220,341,961
220,342,726
220,344,812
220,345,668
220,347,865
220,348,643
220,349,749
220,351,646
220,352,750
220,354,583
220,355,685
220,357,628
220,358,585
220,359,429
220,361,506
220,362,418
220,364,512
220,365,232
220,366,331
220,367,1112
222,10,468
222,11,421
222,13,499
222,14,685
222,16,502
222,17,525
222,18,523
222,20,632
222,21,478
222,23,597
222,24,559
222,26,750
222,27,558
222,28,657
222,30,619
222,31,805
222,33,586
222,34,683
222,36,691
222,37,854
222,38,584
222,40,742
222,41,654
222,43,841
222,44,593
222,45,775
222,47,701
222,48,862
222,50,665
222,51,816
222,53,732
222,54,927
222,55,661
222,57,743
222,58,726
222,60,963
222,61,627
222,63,764
222,64,773
222,65,920
222,67,676
222,68,782
222,70,770
222,71,921
222,72,716
222,74,863
222,75,804
222,77,943
222,78,686
222,80,821
222,81,802
222,82,943
222,84,705
222,85,837
222,87,786
222,88,973
222,89,760
222,91,857
222,92,786
222,94,944
222,95,814
222,97,835
222,98,807
222,99,969
222,101,764
222,102,859
222,104,763
222,105,987
222,107,820
222,108,893
222,109,822
222,111,1055
222,112,841
222,114,967
222,115,822
222,116,985
222,118,931
222,119,970
222,121,874
222,122,1047
222,124,959
222,125,986
222,126,815
222,128,1062
222,129,1048
222,131,1034
222,132,862
222,134,1068
222,135,1061
222,136,1069
222,138,827
222,139,1057
222,141,1085
222,142,1081
222,143,905
222,145,1142
222,146,1208
222,148,1146
222,149,957
222,151,1083
222,152,1217
222,153,1150
222,155,939
222,156,1250
222,158,1341
222,159,1246
222,161,955
222,162,1142
222,163,1184
222,165,1255
222,166,943
222,168,1184
222,169,1368
222,170,1178
222,172,941
222,173,1186
222,175,1300
222,176,1325
222,178,1001
222,179,1328
222,180,1412
222,182,1363
222,183,1048
222,185,1257
222,186,1403
222,188,1334
222,189,1030
222,190,1379
222,192,1511
222,193,1329
222,195,1044
222,196,1354
222,197,1414
222,199,1377
222,200,1082
222,202,1348
222,203,1495
222,205,1467
222,206,1067
222,207,1275
222,209,1429
222,210,1377
222,212,1054
222,213,1396
222,214,1513
222,216,1377
222,217,1049
222,219,1394
222,220,1414
222,222,1415
222,223,1055
222,224,1466
222,226,1488
222,227,1458
222,229,1010
222,230,1399
222,232,1423
222,233,1339
222,234,1067
222,236,1414
222,237,1451
222,239,1424
222,240,1046
222,241,1329
222,243,1397
222,244,1382
222,246,1111
222,247,1385
222,249,1559
222,250,1495
222,251,1046
222,253,1270
222,254,1322
222,256,1341
222,257,1028
222,259,1404
222,260,1470
222,261,1479
222,263,1015
222,264,1388
222,266,1370
222,267,1438
222,268,1012
222,270,1431
222,271,1438
222,273,1528
222,274,996
222,276,1415
222,277,1312
222,278,1333
222,280,1028
222,281,1443
222,283,1343
222,284,1545
222,286,938
222,287,1396
222,288,1294
222,290,1471
222,291,1023
222,293,1448
222,294,1370
222,295,1519
222,297,957
222,298,1330
222,300,1245
222,301,1467
222,303,941
222,304,1408
222,305,1255
222,307,1533
222,308,918
222,310,1366
222,311,1137
222,313,1564
222,314,903
222,315,1492
222,317,1246
222,318,1601
222,320,887
222,321,1393
222,322,1119
222,324,1465
222,325,872
222,327,1410
222,328,1134
222,330,1511
222,331,778
222,332,1254
222,334,1058
222,335,1428
222,337,849
222,338,1433
222,339,1013
222,341,1342
222,342,775
222,344,1174
222,345,910
222,347,1260
222,348,659
222,349,1169
222,351,840
222,352,1231
222,354,594
222,355,1025
222,357,794
222,358,1081
222,359,523
222,361,932
222,362,589
222,364,998
222,365,297
222,366,523
222,367,1145
223,10,219
223,11,274
223,13,232
223,14,368
223,16,258
223,17,332
223,18,274
223,20,368
223,21,257
223,23,337
223,24,282
223,26,426
223,27,328
223,28,399
223,30,328
223,31,477
223,33,335
223,34,407
223,36,345
223,37,488
223,38,333
223,40,367
223,41,366
223,43,491
223,44,360
223,45,463
223,47,377
223,48,508
223,50,383
223,51,417
223,53,410
223,54,557
223,55,403
223,57,506
223,58,386
223,60,561
223,61,352
223,63,480
223,64,424
223,65,584
223,67,399
223,68,503
223,70,403
223,71,559
223,72,389
223,74,455
223,75,459
223,77,568
223,78,451
223,80,546
223,81,372
223,82,573
223,84,399
223,85,515
223,87,470
223,88,580
223,89,472
223,91,566
223,92,457
223,94,560
223,95,454
223,97,525
223,98,444
223,99,566
223,101,479
223,102,544
223,104,427
223,105,557
223,107,461
223,108,518
223,109,511
223,111,600
223,112,538
223,114,540
223,115,478
223,116,565
223,118,550
223,119,635
223,121,494
223,122,597
223,124,562
223,125,587
223,126,507
223,128,635
223,129,584
223,131,630
223,132,539
223,134,614
223,135,581
223,136,695
223,138,480
223,139,629
223,141,609
223,142,676
223,143,520
223,145,655
223,146,653
223,148,679
223,149,545
223,151,659
223,152,672
223,153,782
223,155,614
223,156,705
223,158,646
223,159,790
223,161,596
223,162,742
223,163,628
223,165,822
223,166,570
223,168,812
223,169,668
223,170,807
223,172,601
223,173,770
223,175,686
223,176,876
223,178,571
223,179,851
223,180,747
223,182,927
223,183,625
223,185,816
223,186,695
223,188,906
223,189,619
223,190,880
223,192,735
223,193,1041
223,195,605
223,196,913
223,197,714
223,199,966
223,200,662
223,202,966
223,203,804
223,205,1045
223,206,687
223,207,959
223,209,762
223,210,1052
223,212,623
223,213,952
223,214,770
223,216,993
223,217,674
223,219,984
223,220,766
223,222,1019
223,223,647
223,224,1077
223,226,781
223,227,1001
223,229,700
223,230,997
223,232,699
223,233,1085
223,234,670
223,236,966
223,237,867
223,239,1048
223,240,654
223,241,980
223,243,760
223,244,1079
223,246,703
223,247,1026
223,249,833
223,250,1046
223,251,657
223,253,980
223,254,758
223,256,1019
223,257,658
223,259,992
223,260,769
223,261,1000
223,263,641
223,264,1011
223,266,746
223,267,1019
223,268,686
223,270,1041
223,271,767
223,273,1008
223,274,696
223,276,956
223,277,719
223,278,1066
223,280,682
223,281,971
223,283,736
223,284,984
223,286,687
223,287,990
223,288,703
223,290,978
223,291,699
223,293,959
223,294,780
223,295,1034
223,297,726
223,298,945
223,300,737
223,301,1022
223,303,723
223,304,891
223,305,712
223,307,937
223,308,730
223,310,875
223,311,669
223,313,862
223,314,728
223,315,870
223,317,693
223,318,930
223,320,753
223,321,877
223,322,707
223,324,806
223,325,716
223,327,837
223,328,700
223,330,776
223,331,692
223,332,805
223,334,670
223,335,756
223,337,663
223,338,868
223,339,638
223,341,771
223,342,693
223,344,696
223,345,619
223,347,658
223,348,610
223,349,634
223,351,526
223,352,636
223,354,545
223,355,656
223,357,502
223,358,476
223,359,412
223,361,473
223,362,382
223,364,409
223,365,228
223,366,346
223,367,997
224,10,280
224,11,357
224,13,312
224,14,405
224,16,381
224,17,452
224,18,369
224,20,473
224,21,375
224,23,469
224,24,352
224,26,529
224,27,451
224,28,485
224,30,400
224,31,517
224,33,458
224,34,585
224,36,460
224,37,545
224,38,486
224,40,602
224,41,479
224,43,562
224,44,507
224,45,636
224,47,528
224,48,678
224,50,538
224,51,666
224,53,556
224,54,628
224,55,556
224,57,715
224,58,572
224,60,698
224,61,587
224,63,672
224,64,545
224,65,651
224,67,620
224,68,737
224,70,614
224,71,736
224,72,595
224,74,781
224,75,639
224,77,746
224,78,691
224,80,789
224,81,668
224,82,776
224,84,693
224,85,799
224,87,648
224,88,755
224,89,672
224,91,884
224,92,644
224,94,779
224,95,715
224,97,817
224,98,655
224,99,787
224,101,779
224,102,839
224,104,682
224,105,799
224,107,818
224,108,864
224,109,670
224,111,877
224,112,814
224,114,899
224,115,784
224,116,859
224,118,891
224,119,900
224,121,726
224,122,883
224,124,912
224,125,979
224,126,793
224,128,875
224,129,919
224,131,941
224,132,725
224,134,922
224,135,997
224,136,998
224,138,766
224,139,899
224,141,987
224,142,995
224,143,848
224,145,998
224,146,1082
224,148,994
224,149,828
224,151,961
224,152,1098
224,153,1063
224,155,852
224,156,1064
224,158,1098
224,159,1055
224,161,838
224,162,1012
224,163,1131
224,165,1152
224,166,903
224,168,1030
224,169,1234
224,170,1172
224,172,818
224,173,1021
224,175,1209
224,176,1156
224,178,884
224,179,1152
224,180,1232
224,182,1215
224,183,900
224,185,1129
224,186,1243
224,188,1169
224,189,996
224,190,1166
224,192,1310
224,193,1209
224,195,952
224,196,1084
224,197,1239
224,199,1254
224,200,991
224,202,1175
224,203,1286
224,205,1335
224,206,955
224,207,1096
224,209,1236
224,210,1255
224,212,1022
224,213,1160
224,214,1270
224,216,1329
224,217,935
224,219,1092
224,220,1243
224,222,1349
224,223,1023
224,224,1145
224,226,1266
224,227,1341
224,229,991
224,230,1146
224,232,1242
224,233,1354
224,234,975
224,236,1112
224,237,1267
224,239,1332
224,240,1000
224,241,1179
224,243,1169
224,244,1348
224,246,1003
224,247,1142
224,249,1205
224,250,1407
224,251,908
224,253,1053
224,254,1100
224,256,1370
224,257,1055
224,259,1063
224,260,1120
224,261,1421
224,263,931
224,264,1094
224,266,1097
224,267,1358
224,268,958
224,270,1043
224,271,1132
224,273,1375
224,274,964
224,276,1093
224,277,1046
224,278,1314
224,280,920
224,281,1051
224,283,1051
224,284,1370
224,286,920
224,287,1051
224,288,1005
224,290,1370
224,291,934
224,293,1092
224,294,1023
224,295,1368
224,297,934
224,298,1113
224,300,989
224,301,1319
224,303,917
224,304,1118
224,305,925
224,307,1353
224,308,899
224,310,1093
224,311,900
224,313,1250
224,314,933
224,315,1122
224,317,936
224,318,1304
224,320,866
224,321,1132
224,322,881
224,324,1237
224,325,874
224,327,1103
224,328,838
224,330,1165
224,331,900
224,332,1073
224,334,803
224,335,1087
224,337,812
224,338,1109
224,339,772
224,341,1128
224,342,759
224,344,979
224,345,702
224,347,999
224,348,719
224,349,905
224,351,593
224,352,965
224,354,634
224,355,901
224,357,507
224,358,820
224,359,465
224,361,724
224,362,380
224,364,668
224,365,247
224,366,434
224,367,904
226,10,180
226,11,214
226,13,262
226,14,351
226,16,208
226,17,332
226,18,258
226,20,294
226,21,237
226,23,342
226,24,333
226,26,380
226,27,243
226,28,370
226,30,310
226,31,354
226,33,310
226,34,443
226,36,358
226,37,436
226,38,305
226,40,460
226,41,358
226,43,386
226,44,297
226,45,559
226,47,401
226,48,442
226,50,313
226,51,515
226,53,414
226,54,424
226,55,345
226,57,547
226,58,434
226,60,483
226,61,363
226,63,561
226,64,408
226,65,426
226,67,360
226,68,559
226,70,449
226,71,468
226,72,405
226,74,595
226,75,429
226,77,456
226,78,374
226,80,620
226,81,447
226,82,523
226,84,388
226,85,572
226,87,415
226,88,463
226,89,418
226,91,659
226,92,443
226,94,539
226,95,412
226,97,630
226,98,466
226,99,495
226,101,408
226,102,620
226,104,458
226,105,568
226,107,462
226,108,691
226,109,455
226,111,536
226,112,458
226,114,724
226,115,469
226,116,581
226,118,494
226,119,706
226,121,487
226,122,563
226,124,513
226,125,765
226,126,509
226,128,620
226,129,561
226,131,768
226,132,472
226,134,680
226,135,486
226,136,745
226,138,521
226,139,716
226,141,558
226,142,808
226,143,529
226,145,709
226,146,553
226,148,784
226,149,523
226,151,760
226,152,616
226,153,792
226,155,562
226,156,796
226,158,629
226,159,834
226,161,533
226,162,843
226,163,626
226,165,946
226,166,587
226,168,894
226,169,643
226,170,961
226,172,533
226,173,860
226,175,676
226,176,973
226,178,617
226,179,987
226,180,694
226,182,1000
226,183,566
226,185,1013
226,186,695
226,188,981
226,189,623
226,190,1074
226,192,717
226,193,1032
226,195,566
226,196,961
226,197,740
226,199,995
226,200,622
226,202,1028
226,203,770
226,205,1039
226,206,640
226,207,1010
226,209,777
226,210,1086
226,212,621
226,213,1107
226,214,790
226,216,1109
226,217,659
226,219,1070
226,220,788
226,222,1104
226,223,662
226,224,1146
226,226,800
226,227,1138
226,229,666
226,230,1068
226,232,827
226,233,1131
226,234,680
226,236,1049
226,237,814
226,239,1223
226,240,694
226,241,1066
226,243,747
226,244,1194
226,246,737
226,247,1122
226,249,779
226,250,1206
226,251,694
226,253,1073
226,254,742
226,256,1193
226,257,731
226,259,1095
226,260,833
226,261,1221
226,263,615
226,264,1023
226,266,842
226,267,1188
226,268,698
226,270,1107
226,271,822
226,273,1236
226,274,742
226,276,1092
226,277,757
226,278,1300
226,280,795
226,281,1056
226,283,788
226,284,1245
226,286,814
226,287,1071
226,288,787
226,290,1193
226,291,839
226,293,1136
226,294,812
226,295,1200
226,297,812
226,298,1062
226,300,773
226,301,1229
226,303,877
226,304,1024
226,305,761
226,307,1120
226,308,819
226,310,1022
226,311,778
226,313,1073
226,314,835
226,315,974
226,317,781
226,318,1060
226,320,784
226,321,986
226,322,814
226,324,1103
226,325,798
226,327,955
226,328,726
226,330,986
226,331,778
226,332,859
226,334,747
226,335,925
226,337,825
226,338,895
226,339,697
226,341,902
226,342,685
226,344,802
226,345,717
226,347,903
226,348,679
226,349,730
226,351,645
226,352,688
226,354,510
226,355,689
226,357,612
226,358,672
226,359,438
226,361,515
226,362,388
226,364,509
226,365,238
226,366,396
226,367,1174
227,10,433
227,11,474
227,13,470
227,14,673
227,16,477
227,17,498
227,18,517
227,20,621
227,21,552
227,23,550
227,24,580
227,26,792
227,27,576
227,28,657
227,30,603
227,31,795
227,33,648
227,34,714
227,36,700
227,37,848
227,38,607
227,40,674
227,41,693
227,43,826
227,44,665
227,45,806
227,47,756
227,48,929
227,50,670
227,51,749
227,53,703
227,54,937
227,55,678
227,57,825
227,58,810
227,60,952
227,61,720
227,63,741
227,64,784
227,65,886
227,67,723
227,68,891
227,70,834
227,71,869
227,72,774
227,74,801
227,75,789
227,77,847
227,78,729
227,80,894
227,81,855
227,82,936
227,84,725
227,85,883
227,87,800
227,88,978
227,89,732
227,91,884
227,92,806
227,94,955
227,95,811
227,97,823
227,98,813
227,99,885
227,101,805
227,102,941
227,104,789
227,105,955
227,107,853
227,108,883
227,109,775
227,111,989
227,112,880
227,114,891
227,115,868
227,116,974
227,118,916
227,119,916
227,121,851
227,122,976
227,124,905
227,125,965
227,126,836
227,128,1071
227,129,1051
227,131,1023
227,132,824
227,134,1025
227,135,946
227,136,992
227,138,855
227,139,1111
227,141,1070
227,142,1113
227,143,901
227,145,1136
227,146,1111
227,148,1034
227,149,905
227,151,1110
227,152,1179
227,153,1075
227,155,895
227,156,1118
227,158,1200
227,159,1122
227,161,887
227,162,1182
227,163,1229
227,165,1184
227,166,913
227,168,1224
227,169,1284
227,170,1155
227,172,933
227,173,1206
227,175,1267
227,176,1185
227,178,1009
227,179,1183
227,180,1267
227,182,1203
227,183,949
227,185,1196
227,186,1293
227,188,1217
227,189,926
227,190,1253
227,192,1253
227,193,1311
227,195,989
227,196,1235
227,197,1335
227,199,1287
227,200,967
227,202,1265
227,203,1334
227,205,1259
227,206,930
227,207,1239
227,209,1353
227,210,1327
227,212,1020
227,213,1291
227,214,1342
227,216,1251
227,217,940
227,219,1312
227,220,1307
227,222,1271
227,223,966
227,224,1290
227,226,1368
227,227,1337
227,229,971
227,230,1243
227,232,1329
227,233,1334
227,234,1058
227,236,1333
227,237,1296
227,239,1322
227,240,924
227,241,1302
227,243,1408
227,244,1392
227,246,1038
227,247,1301
227,249,1302
227,250,1289
227,251,938
227,253,1259
227,254,1319
227,256,1258
227,257,921
227,259,1333
227,260,1363
227,261,1386
227,263,928
227,264,1299
227,266,1283
227,267,1487
227,268,946
227,270,1323
227,271,1322
227,273,1427
227,274,951
227,276,1335
227,277,1255
227,278,1364
227,280,946
227,281,1355
227,283,1317
227,284,1397
227,286,920
227,287,1332
227,288,1329
227,290,1470
227,291,964
227,293,1486
227,294,1217
227,295,1523
227,297,915
227,298,1352
227,300,1244
227,301,1487
227,303,954
227,304,1417
227,305,1212
227,307,1489
227,308,918
227,310,1396
227,311,1204
227,313,1529
227,314,883
227,315,1476
227,317,1231
227,318,1627
227,320,856
227,321,1420
227,322,1211
227,324,1506
227,325,844
227,327,1410
227,328,1124
227,330,1451
227,331,811
227,332,1278
227,334,1027
227,335,1489
227,337,832
227,338,1341
227,339,1075
227,341,1441
227,342,784
227,344,1313
227,345,913
227,347,1367
227,348,649
227,349,1204
227,351,823
227,352,1265
227,354,633
227,355,1151
227,357,788
227,358,1184
227,359,540
227,361,966
227,362,633
227,364,1107
227,365,350
227,366,696
227,367,1269
229,10,161
229,11,226
229,13,209
229,14,327
229,16,216
229,17,305
229,18,259
229,20,306
229,21,220
229,23,308
229,24,274
229,26,410
229,27,292
229,28,337
229,30,312
229,31,399
229,33,280
229,34,352
229,36,336
229,37,439
229,38,331
229,40,355
229,41,322
229,43,433
229,44,323
229,45,419
229,47,361
229,48,501
229,50,378
229,51,416
229,53,362
229,54,521
229,55,358
229,57,420
229,58,375
229,60,496
229,61,416
229,63,420
229,64,355
229,65,479
229,67,350
229,68,433
229,70,382
229,71,569
229,72,420
229,74,478
229,75,386
229,77,510
229,78,358
229,80,474
229,81,402
229,82,539
229,84,425
229,85,470
229,87,391
229,88,524
229,89,404
229,91,519
229,92,406
229,94,559
229,95,473
229,97,503
229,98,423
229,99,517
229,101,434
229,102,490
229,104,395
229,105,525
229,107,544
229,108,475
229,109,439
229,111,511
229,112,428
229,114,505
229,115,443
229,116,519
229,118,568
229,119,560
229,121,448
229,122,528
229,124,482
229,125,589
229,126,433
229,128,552
229,129,557
229,131,663
229,132,464
229,134,571
229,135,560
229,136,610
229,138,496
229,139,602
229,141,674
229,142,657
229,143,494
229,145,648
229,146,589
229,148,665
229,149,512
229,151,649
229,152,649
229,153,711
229,155,499
229,156,642
229,158,638
229,159,716
229,161,527
229,162,679
229,163,656
229,165,818
229,166,559
229,168,708
229,169,663
229,170,791
229,172,600
229,173,750
229,175,723
229,176,883
229,178,559
229,179,781
229,180,673
229,182,809
229,183,572
229,185,791
229,186,718
229,188,887
229,189,564
229,190,880
229,192,707
229,193,967
229,195,527
229,196,917
229,197,694
229,199,941
229,200,631
229,202,950
229,203,684
229,205,1007
229,206,581
229,207,860
229,209,728
229,210,1064
229,212,621
229,213,968
229,214,713
229,216,1007
229,217,611
229,219,931
229,220,730
229,222,975
229,223,624
229,224,994
229,226,767
229,227,1011
229,229,608
229,230,926
229,232,712
229,233,1017
229,234,682
229,236,952
229,237,757
229,239,999
229,240,624
229,241,925
229,243,680
229,244,1008
229,246,646
229,247,999
229,249,697
229,250,1065
229,251,596
229,253,931
229,254,754
229,256,1046
229,257,667
229,259,985
229,260,732
229,261,969
229,263,620
229,264,938
229,266,685
229,267,997
229,268,650
229,270,1005
229,271,687
229,273,1013
229,274,609
229,276,949
229,277,635
229,278,973
229,280,666
229,281,954
229,283,714
229,284,939
229,286,648
229,287,948
229,288,684
229,290,978
229,291,730
229,293,894
229,294,642
229,295,961
229,297,653
229,298,918
229,300,702
229,301,959
229,303,731
229,304,926
229,305,670
229,307,867
229,308,666
229,310,863
229,311,662
229,313,899
229,314,749
229,315,932
229,317,688
229,318,851
229,320,687
229,321,891
229,322,681
229,324,827
229,325,672
229,327,882
229,328,629
229,330,783
229,331,609
229,332,726
229,334,610
229,335,699
229,337,700
229,338,790
229,339,536
229,341,703
229,342,645
229,344,728
229,345,550
229,347,605
229,348,592
229,349,640
229,351,455
229,352,570
229,354,467
229,355,539
229,357,455
229,358,486
229,359,394
229,361,474
229,362,319
229,364,454
229,365,188
229,366,324
229,367,825
230,10,258
230,11,270
230,13,291
230,14,421
230,16,311
230,17,410
230,18,312
230,20,431
230,21,298
230,23,395
230,24,331
230,26,490
230,27,426
230,28,504
230,30,366
230,31,462
230,33,387
230,34,506
230,36,408
230,37,545
230,38,495
230,40,595
230,41,440
230,43,549
230,44,458
230,45,616
230,47,450
230,48,567
230,50,539
230,51,623
230,53,440
230,54,582
230,55,476
230,57,675
230,58,475
230,60,647
230,61,573
230,63,708
230,64,559
230,65,598
230,67,529
230,68,708
230,70,540
230,71,701
230,72,595
230,74,751
230,75,553
230,77,664
230,78,540
230,80,731
230,81,548
230,82,699
230,84,656
230,85,767
230,87,552
230,88,668
230,89,648
230,91,716
230,92,561
230,94,693
230,95,716
230,97,792
230,98,640
230,99,717
230,101,661
230,102,773
230,104,578
230,105,713
230,107,710
230,108,850
230,109,659
230,111,810
230,112,784
230,114,798
230,115,670
230,116,766
230,118,930
230,119,920
230,121,709
230,122,779
230,124,788
230,125,831
230,126,710
230,128,790
230,129,907
230,131,920
230,132,766
230,134,884
230,135,924
230,136,911
230,138,704
230,139,879
230,141,969
230,142,998
230,143,770
230,145,904
230,146,976
230,148,928
230,149,741
230,151,921
230,152,1070
230,153,1006
230,155,729
230,156,937
230,158,1015
230,159,969
230,161,784
230,162,1021
230,163,1104
230,165,1091
230,166,797
230,168,1003
230,169,1132
230,170,1031
230,172,781
230,173,1027
230,175,1105
230,176,1128
230,178,880
230,179,1023
230,180,1195
230,182,1112
230,183,852
230,185,990
230,186,1162
230,188,1168
230,189,878
230,190,1037
230,192,1204
230,193,1100
230,195,840
230,196,1059
230,197,1200
230,199,1133
230,200,954
230,202,1050
230,203,1198
230,205,1148
230,206,915
230,207,1051
230,209,1203
230,210,1245
230,212,898
230,213,1083
230,214,1202
230,216,1231
230,217,886
230,219,1034
230,220,1228
230,222,1279
230,223,890
230,224,1017
230,226,1204
230,227,1280
230,229,918
230,230,1106
230,232,1165
230,233,1273
230,234,929
230,236,1061
230,237,1133
230,239,1239
230,240,926
230,241,1059
230,243,1091
230,244,1312
230,246,889
230,247,1101
230,249,1135
230,250,1271
230,251,886
230,253,1115
230,254,1121
230,256,1277
230,257,886
230,259,1044
230,260,1042
230,261,1264
230,263,880
230,264,1038
230,266,1086
230,267,1352
230,268,894
230,270,1060
230,271,1103
230,273,1348
230,274,923
230,276,1025
230,277,995
230,278,1376
230,280,853
230,281,1013
230,283,1003
230,284,1316
230,286,919
230,287,1056
230,288,972
230,290,1333
230,291,885
230,293,1047
230,294,994
230,295,1341
230,297,873
230,298,1099
230,300,970
230,301,1349
230,303,906
230,304,1065
230,305,914
230,307,1245
230,308,929
230,310,1053
230,311,847
230,313,1303
230,314,907
230,315,1088
230,317,908
230,318,1259
230,320,861
230,321,1144
230,322,844
230,324,1211
230,325,869
230,327,1093
230,328,825
230,330,1139
230,331,842
230,332,1055
230,334,701
230,335,1093
230,337,817
230,338,1099
230,339,712
230,341,1080
230,342,743
230,344,891
230,345,628
230,347,963
230,348,632
230,349,913
230,351,612
230,352,961
230,354,655
230,355,808
230,357,485
230,358,761
230,359,463
230,361,661
230,362,333
230,364,667
230,365,208
230,366,359
230,367,669
232,10,174
232,11,189
232,13,208
232,14,295
232,16,216
232,17,327
232,18,238
232,20,284
232,21,168
232,23,315
232,24,274
232,26,314
232,27,215
232,28,394
232,30,326
232,31,312
232,33,226
232,34,388
232,36,286
232,37,319
232,38,251
232,40,427
232,41,326
232,43,386
232,44,279
232,45,438
232,47,326
232,48,412
232,50,276
232,51,507
232,53,368
232,54,384
232,55,298
232,57,497
232,58,358
232,60,472
232,61,313
232,63,522
232,64,385
232,65,415
232,67,271
232,68,525
232,70,369
232,71,426
232,72,331
232,74,582
232,75,369
232,77,388
232,78,334
232,80,546
232,81,407
232,82,496
232,84,330
232,85,593
232,87,395
232,88,432
232,89,335
232,91,590
232,92,419
232,94,463
232,95,386
232,97,586
232,98,437
232,99,456
232,101,426
232,102,623
232,104,408
232,105,472
232,107,453
232,108,606
232,109,414
232,111,534
232,112,430
232,114,643
232,115,435
232,116,548
232,118,431
232,119,707
232,121,430
232,122,581
232,124,428
232,125,681
232,126,427
232,128,586
232,129,456
232,131,716
232,132,457
232,134,637
232,135,498
232,136,704
232,138,444
232,139,645
232,141,476
232,142,776
232,143,475
232,145,686
232,146,532
232,148,735
232,149,465
232,151,708
232,152,538
232,153,800
232,155,534
232,156,768
232,158,580
232,159,790
232,161,456
232,162,828
232,163,611
232,165,862
232,166,527
232,168,768
232,169,581
232,170,871
232,172,509
232,173,824
232,175,618
232,176,890
232,178,537
232,179,924
232,180,654
232,182,951
232,183,563
232,185,901
232,186,724
232,188,937
232,189,562
232,190,953
232,192,706
232,193,972
232,195,546
232,196,957
232,197,672
232,199,950
232,200,559
232,202,1027
232,203,713
232,205,1053
232,206,591
232,207,1004
232,209,751
232,210,1116
232,212,590
232,213,1034
232,214,726
232,216,1140
232,217,612
232,219,1032
232,220,706
232,222,1040
232,223,624
232,224,1037
232,226,796
232,227,1076
232,229,610
232,230,1057
232,232,736
232,233,1128
232,234,674
232,236,1090
232,237,772
232,239,1130
232,240,625
232,241,1065
232,243,805
232,244,1123
232,246,660
232,247,1091
232,249,758
232,250,1188
232,251,705
232,253,1030
232,254,735
232,256,1127
232,257,699
232,259,1114
232,260,813
232,261,1246
232,263,750
232,264,1100
232,266,742
232,267,1169
232,268,777
232,270,1058
232,271,760
232,273,1235
232,274,733
232,276,1011
232,277,756
232,278,1205
232,280,766
232,281,1116
232,283,778
232,284,1177
232,286,778
232,287,1023
232,288,727
232,290,1178
232,291,823
232,293,998
232,294,801
232,295,1241
232,297,788
232,298,1058
232,300,800
232,301,1148
232,303,840
232,304,1050
232,305,776
232,307,1127
232,308,864
232,310,990
232,311,755
232,313,1073
232,314,866
232,315,1029
232,317,797
232,318,1083
232,320,840
232,321,952
232,322,801
232,324,1003
232,325,831
232,327,953
232,328,770
232,330,1045
232,331,766
232,332,871
232,334,721
232,335,939
232,337,761
232,338,840
232,339,725
232,341,874
232,342,714
232,344,743
232,345,684
232,347,834
232,348,629
232,349,765
232,351,625
232,352,755
232,354,516
232,355,684
232,357,630
232,358,648
232,359,412
232,361,475
232,362,395
232,364,491
232,365,216
232,366,377
232,367,1014
233,10,401
233,11,395
233,13,412
233,14,567
233,16,434
233,17,494
233,18,476
233,20,599
233,21,445
233,23,506
233,24,493
233,26,661
233,27,504
233,28,594
233,30,559
233,31,670
233,33,542
233,34,653
233,36,593
233,37,733
233,38,565
233,40,652
233,41,602
233,43,760
233,44,626
233,45,670
233,47,654
233,48,806
233,50,627
233,51,726
233,53,685
233,54,806
233,55,624
233,57,753
233,58,714
233,60,767
233,61,592
233,63,714
233,64,710
233,65,810
233,67,669
233,68,724
233,70,737
233,71,860
233,72,676
233,74,763
233,75,753
233,77,851
233,78,666
233,80,798
233,81,761
233,82,892
233,84,710
233,85,778
233,87,780
233,88,914
233,89,717
233,91,834
233,92,777
233,94,861
233,95,724
233,97,831
233,98,795
233,99,909
233,101,757
233,102,860
233,104,762
233,105,940
233,107,725
233,108,825
233,109,773
233,111,943
233,112,885
233,114,884
233,115,801
233,116,844
233,118,849
233,119,881
233,121,830
233,122,891
233,124,874
233,125,842
233,126,808
233,128,921
233,129,950
233,131,923
233,132,834
233,134,988
233,135,987
233,136,949
233,138,798
233,139,942
233,141,1087
233,142,998
233,143,858
233,145,1049
233,146,1151
233,148,988
233,149,804
233,151,970
233,152,1124
233,153,1077
233,155,875
233,156,1090
233,158,1176
233,159,1019
233,161,787
233,162,1057
233,163,1150
233,165,1081
233,166,918
233,168,1117
233,169,1241
233,170,1095
233,172,928
233,173,1105
233,175,1198
233,176,1115
233,178,954
233,179,1195
233,180,1284
233,182,1094
233,183,895
233,185,1163
233,186,1296
233,188,1153
233,189,1006
233,190,1188
233,192,1319
233,193,1216
233,195,996
233,196,1172
233,197,1264
233,199,1212
233,200,914
233,202,1281
233,203,1423
233,205,1291
233,206,943
233,207,1236
233,209,1318
233,210,1209
233,212,987
233,213,1241
233,214,1323
233,216,1236
233,217,951
233,219,1255
233,220,1308
233,222,1232
233,223,940
233,224,1348
233,226,1457
233,227,1333
233,229,1013
233,230,1234
233,232,1278
233,233,1247
233,234,993
233,236,1338
233,237,1423
233,239,1272
233,240,941
233,241,1245
233,243,1319
233,244,1279
233,246,935
233,247,1280
233,249,1411
233,250,1436
233,251,1010
233,253,1216
233,254,1311
233,256,1290
233,257,961
233,259,1286
233,260,1316
233,261,1402
233,263,940
233,264,1265
233,266,1288
233,267,1317
233,268,964
233,270,1397
233,271,1377
233,273,1445
233,274,929
233,276,1369
233,277,1300
233,278,1396
233,280,944
233,281,1399
233,283,1298
233,284,1491
233,286,933
233,287,1322
233,288,1297
233,290,1425
233,291,936
233,293,1442
233,294,1343
233,295,1496
233,297,894
233,298,1251
233,300,1227
233,301,1433
233,303,944
233,304,1391
233,305,1308
233,307,1551
233,308,919
233,310,1312
233,311,1099
233,313,1462
233,314,952
233,315,1460
233,317,1260
233,318,1552
233,320,885
233,321,1340
233,322,1101
233,324,1451
233,325,837
233,327,1345
233,328,1158
233,330,1407
233,331,795
233,332,1259
233,334,991
233,335,1375
233,337,779
233,338,1319
233,339,1007
233,341,1362
233,342,687
233,344,1186
233,345,923
233,347,1295
233,348,631
233,349,1135
233,351,777
233,352,1109
233,354,582
233,355,1000
233,357,702
233,358,962
233,359,468
233,361,908
233,362,526
233,364,915
233,365,263
233,366,504
233,367,1103
234,10,169
234,11,232
234,13,205
234,14,304
234,16,204
234,17,298
234,18,223
234,20,333
234,21,281
234,23,349
234,24,284
234,26,387
234,27,250
234,28,378
234,30,307
234,31,398
234,33,333
234,34,387
234,36,298
234,37,454
234,38,274
234,40,411
234,41,323
234,43,475
234,44,348
234,45,447
234,47,376
234,48,510
234,50,367
234,51,415
234,53,348
234,54,529
234,55,336
234,57,469
234,58,355
234,60,479
234,61,356
234,63,429
234,64,350
234,65,547
234,67,420
234,68,508
234,70,398
234,71,529
234,72,385
234,74,503
234,75,360
234,77,560
234,78,445
234,80,485
234,81,388
234,82,540
234,84,424
234,85,515
234,87,417
234,88,556
234,89,445
234,91,523
234,92,432
234,94,539
234,95,452
234,97,488
234,98,466
234,99,543
234,101,520
234,102,517
234,104,353
234,105,569
234,107,502
234,108,499
234,109,401
234,111,496
234,112,510
234,114,542
234,115,391
234,116,508
234,118,552
234,119,538
234,121,473
234,122,577
234,124,546
234,125,550
234,126,462
234,128,581
234,129,606
234,131,571
234,132,481
234,134,590
234,135,618
234,136,603
234,138,518
234,139,556
234,141,626
234,142,610
234,143,524
234,145,643
234,146,657
234,148,689
234,149,460
234,151,580
234,152,605
234,153,685
234,155,552
234,156,653
234,158,696
234,159,725
234,161,532
234,162,653
234,163,696
234,165,681
234,166,537
234,168,730
234,169,689
234,170,806
234,172,497
234,173,716
234,175,693
234,176,752
234,178,558
234,179,799
234,180,725
234,182,837
234,183,579
234,185,797
234,186,715
234,188,893
234,189,541
234,190,842
234,192,771
234,193,950
234,195,571
234,196,826
234,197,679
234,199,904
234,200,590
234,202,945
234,203,769
234,205,874
234,206,575
234,207,879
234,209,692
234,210,949
234,212,611
234,213,933
234,214,746
234,216,933
234,217,606
234,219,852
234,220,693
234,222,970
234,223,634
234,224,1047
234,226,731
234,227,1071
234,229,630
234,230,932
234,232,734
234,233,965
234,234,640
234,236,959
234,237,776
234,239,1064
234,240,657
234,241,958
234,243,717
234,244,1023
234,246,631
234,247,1011
234,249,764
234,250,1097
234,251,675
234,253,966
234,254,762
234,256,1067
234,257,659
234,259,1023
234,260,787
234,261,1042
234,263,660
234,264,935
234,266,755
234,267,952
234,268,693
234,270,1061
234,271,799
234,273,1040
234,274,660
234,276,920
234,277,690
234,278,989
234,280,651
234,281,969
234,283,780
234,284,929
234,286,672
234,287,926
234,288,682
234,290,960
234,291,689
234,293,969
234,294,759
234,295,984
234,297,663
234,298,998
234,300,742
234,301,946
234,303,690
234,304,921
234,305,732
234,307,916
234,308,724
234,310,847
234,311,705
234,313,907
234,314,777
234,315,900
234,317,706
234,318,894
234,320,720
234,321,865
234,322,709
234,324,817
234,325,679
234,327,857
234,328,668
234,330,743
234,331,691
234,332,813
234,334,633
234,335,746
234,337,683
234,338,796
234,339,629
234,341,720
234,342,646
234,344,690
234,345,590
234,347,653
234,348,582
234,349,645
234,351,509
234,352,586
234,354,481
234,355,640
234,357,433
234,358,491
234,359,348
234,361,453
234,362,352
234,364,414
234,365,197
234,366,327
234,367,769
236,10,278
236,11,277
236,13,311
236,14,378
236,16,329
236,17,378
236,18,333
236,20,410
236,21,380
236,23,437
236,24,376
236,26,467
236,27,414
236,28,409
236,30,398
236,31,460
236,33,473
236,34,534
236,36,426
236,37,534
236,38,447
236,40,586
236,41,470
236,43,577
236,44,523
236,45,649
236,47,482
236,48,600
236,50,534
236,51,652
236,53,519
236,54,608
236,55,647
236,57,713
236,58,489
236,60,614
236,61,582
236,63,695
236,64,506
236,65,665
236,67,603
236,68,715
236,70,575
236,71,693
236,72,639
236,74,766
236,75,571
236,77,769
236,78,650
236,80,831
236,81,554
236,82,731
236,84,662
236,85,727
236,87,603
236,88,755
236,89,711
236,91,801
236,92,641
236,94,735
236,95,747
236,97,773
236,98,717
236,99,770
236,101,769
236,102,837
236,104,642
236,105,737
236,107,815
236,108,808
236,109,723
236,111,816
236,112,868
236,114,865
236,115,746
236,116,792
236,118,873
236,119,830
236,121,764
236,122,817
236,124,917
236,125,925
236,126,768
236,128,825
236,129,976
236,131,910
236,132,802
236,134,855
236,135,978
236,136,907
236,138,767
236,139,883
236,141,1041
236,142,960
236,143,751
236,145,951
236,146,1060
236,148,964
236,149,740
236,151,838
236,152,1076
236,153,925
236,155,790
236,156,984
236,158,1124
236,159,971
236,161,823
236,162,925
236,163,1150
236,165,1047
236,166,901
236,168,941
236,169,1142
236,170,1116
236,172,855
236,173,938
236,175,1158
236,176,967
236,178,897
236,179,995
236,180,1222
236,182,1159
236,183,865
236,185,939
236,186,1252
236,188,1066
236,189,933
236,190,1045
236,192,1286
236,193,1134
236,195,909
236,196,995
236,197,1186
236,199,1145
236,200,937
236,202,1059
236,203,1246
236,205,1224
236,206,893
236,207,991
236,209,1248
236,210,1166
236,212,929
236,213,1122
236,214,1234
236,216,1290
236,217,924
236,219,1079
236,220,1220
236,222,1235
236,223,906
236,224,1108
236,226,1208
236,227,1309
236,229,952
236,230,1069
236,232,1203
236,233,1235
236,234,994
236,236,1066
236,237,1245
236,239,1286
236,240,988
236,241,1009
236,243,1169
236,244,1309
236,246,949
236,247,1072
236,249,1198
236,250,1241
236,251,954
236,253,1040
236,254,1151
236,256,1352
236,257,1000
236,259,1080
236,260,1163
236,261,1261
236,263,937
236,264,1040
236,266,1111
236,267,1355
236,268,953
236,270,1066
236,271,1155
236,273,1341
236,274,963
236,276,1074
236,277,1056
236,278,1364
236,280,890
236,281,1133
236,283,1100
236,284,1409
236,286,933
236,287,942
236,288,998
236,290,1384
236,291,956
236,293,1122
236,294,1062
236,295,1412
236,297,916
236,298,1074
236,300,995
236,301,1342
236,303,897
236,304,1136
236,305,994
236,307,1307
236,308,901
236,310,1077
236,311,878
236,313,1245
236,314,866
236,315,1161
236,317,927
236,318,1303
236,320,919
236,321,1092
236,322,872
236,324,1170
236,325,838
236,327,1136
236,328,843
236,330,1186
236,331,820
236,332,1057
236,334,809
236,335,1155
236,337,779
236,338,1085
236,339,734
236,341,1087
236,342,724
236,344,932
236,345,684
236,347,982
236,348,637
236,349,922
236,351,577
236,352,895
236,354,601
236,355,868
236,357,511
236,358,770
236,359,458
236,361,649
236,362,404
236,364,618
236,365,230
236,366,408
236,367,773
237,10,134
237,11,209
237,13,196
237,14,289
237,16,189
237,17,300
237,18,244
237,20,256
237,21,191
237,23,333
237,24,282
237,26,344
237,27,200
237,28,368
237,30,304
237,31,301
237,33,237
237,34,398
237,36,333
237,37,368
237,38,279
237,40,420
237,41,346
237,43,381
237,44,252
237,45,482
237,47,377
237,48,404
237,50,274
237,51,476
237,53,364
237,54,394
237,55,310
237,57,539
237,58,383
237,60,412
237,61,346
237,63,550
237,64,386
237,65,433
237,67,300
237,68,557
237,70,431
237,71,496
237,72,354
237,74,550
237,75,402
237,77,475
237,78,312
237,80,588
237,81,449
237,82,512
237,84,365
237,85,534
237,87,393
237,88,420
237,89,358
237,91,614
237,92,437
237,94,540
237,95,372
237,97,667
237,98,376
237,99,477
237,101,361
237,102,576
237,104,473
237,105,551
237,107,423
237,108,581
237,109,395
237,111,576
237,112,433
237,114,669
237,115,428
237,116,554
237,118,480
237,119,656
237,121,423
237,122,598
237,124,461
237,125,674
237,126,434
237,128,589
237,129,506
237,131,717
237,132,490
237,134,607
237,135,516
237,136,685
237,138,487
237,139,651
237,141,539
237,142,673
237,143,482
237,145,677
237,146,560
237,148,749
237,149,499
237,151,690
237,152,553
237,153,731
237,155,482
237,156,758
237,158,577
237,159,756
237,161,528
237,162,771
237,163,608
237,165,728
237,166,485
237,168,783
237,169,629
237,170,814
237,172,509
237,173,791
237,175,648
237,176,870
237,178,539
237,179,858
237,180,638
237,182,917
237,183,488
237,185,843
237,186,657
237,188,928
237,189,549
237,190,884
237,192,670
237,193,930
237,195,554
237,196,877
237,197,712
237,199,953
237,200,551
237,202,971
237,203,709
237,205,993
237,206,564
237,207,925
237,209,689
237,210,1026
237,212,557
237,213,919
237,214,754
237,216,1022
237,217,569
237,219,951
237,220,793
237,222,1089
237,223,571
237,224,1071
237,226,755
237,227,1080
237,229,589
237,230,1068
237,232,745
237,233,1106
237,234,592
237,236,1051
237,237,777
237,239,1127
237,240,614
237,241,984
237,243,732
237,244,1130
237,246,650
237,247,1076
237,249,811
237,250,1129
237,251,650
237,253,1020
237,254,788
237,256,1216
237,257,747
237,259,1122
237,260,767
237,261,1212
237,263,707
237,264,988
237,266,772
237,267,1214
237,268,798
237,270,1079
237,271,783
237,273,1240
237,274,757
237,276,1002
237,277,778
237,278,1245
237,280,772
237,281,1114
237,283,789
237,284,1281
237,286,746
237,287,1100
237,288,742
237,290,1166
237,291,849
237,293,1085
237,294,820
237,295,1260
237,297,845
237,298,1009
237,300,767
237,301,1172
237,303,841
237,304,1045
237,305,711
237,307,1149
237,308,809
237,310,946
237,311,770
237,313,1081
237,314,851
237,315,959
237,317,828
237,318,1085
237,320,843
237,321,958
237,322,789
237,324,1063
237,325,806
237,327,927
237,328,725
237,330,914
237,331,763
237,332,893
237,334,771
237,335,939
237,337,758
237,338,840
237,339,661
237,341,836
237,342,695
237,344,780
237,345,693
237,347,754
237,348,605
237,349,677
237,351,597
237,352,691
237,354,520
237,355,648
237,357,605
237,358,644
237,359,367
237,361,452
237,362,390
237,364,452
237,365,209
237,366,346
237,367,940
239,10,373
239,11,367
239,13,414
239,14,498
239,16,446
239,17,409
239,18,413
239,20,528
239,21,461
239,23,541
239,24,545
239,26,650
239,27,548
239,28,519
239,30,622
239,31,674
239,33,567
239,34,660
239,36,634
239,37,717
239,38,531
239,40,594
239,41,645
239,43,748
239,44,590
239,45,765
239,47,719
239,48,792
239,50,668
239,51,715
239,53,714
239,54,729
239,55,651
239,57,785
239,58,768
239,60,847
239,61,670
239,63,741
239,64,707
239,65,811
239,67,659
239,68,737
239,70,768
239,71,852
239,72,703
239,74,769
239,75,749
239,77,765
239,78,684
239,80,812
239,81,729
239,82,828
239,84,724
239,85,764
239,87,800
239,88,861
239,89,721
239,91,846
239,92,851
239,94,863
239,95,811
239,97,799
239,98,763
239,99,811
239,101,811
239,102,824
239,104,805
239,105,858
239,107,834
239,108,882
239,109,747
239,111,813
239,112,860
239,114,885
239,115,785
239,116,929
239,118,999
239,119,909
239,121,831
239,122,923
239,124,963
239,125,916
239,126,806
239,128,963
239,129,1017
239,131,1021
239,132,755
239,134,960
239,135,999
239,136,931
239,138,807
239,139,968
239,141,1084
239,142,1043
239,143,871
239,145,978
239,146,1087
239,148,1002
239,149,818
239,151,1022
239,152,1166
239,153,1058
239,155,874
239,156,1057
239,158,1115
239,159,1004
239,161,831
239,162,1041
239,163,1210
239,165,1117
239,166,888
239,168,1074
239,169,1202
239,170,1071
239,172,820
239,173,1081
239,175,1211
239,176,1079
239,178,877
239,179,1108
239,180,1194
239,182,1071
239,183,894
239,185,1112
239,186,1300
239,188,1102
239,189,898
239,190,1098
239,192,1251
239,193,1113
239,195,879
239,196,1120
239,197,1312
239,199,1180
239,200,908
239,202,1159
239,203,1226
239,205,1139
239,206,873
239,207,1127
239,209,1306
239,210,1194
239,212,918
239,213,1250
239,214,1291
239,216,1213
239,217,913
239,219,1147
239,220,1304
239,222,1216
239,223,913
239,224,1242
239,226,1336
239,227,1216
239,229,889
239,230,1169
239,232,1300
239,233,1302
239,234,980
239,236,1226
239,237,1241
239,239,1283
239,240,919
239,241,1232
239,243,1310
239,244,1218
239,246,958
239,247,1232
239,249,1315
239,250,1241
239,251,910
239,253,1237
239,254,1343
239,256,1273
239,257,938
239,259,1313
239,260,1291
239,261,1353
239,263,892
239,264,1247
239,266,1304
239,267,1344
239,268,972
239,270,1385
239,271,1383
239,273,1363
239,274,901
239,276,1335
239,277,1280
239,278,1430
239,280,967
239,281,1324
239,283,1266
239,284,1415
239,286,865
239,287,1315
239,288,1212
239,290,1441
239,291,922
239,293,1406
239,294,1274
239,295,1594
239,297,902
239,298,1313
239,300,1265
239,301,1485
239,303,968
239,304,1427
239,305,1235
239,307,1589
239,308,901
239,310,1387
239,311,1252
239,313,1593
239,314,914
239,315,1552
239,317,1230
239,318,1660
239,320,898
239,321,1342
239,322,1149
239,324,1538
239,325,904
239,327,1434
239,328,1069
239,330,1516
239,331,778
239,332,1401
239,334,1034
239,335,1483
239,337,816
239,338,1385
239,339,1012
239,341,1463
239,342,738
239,344,1248
239,345,955
239,347,1359
239,348,657
239,349,1199
239,351,866
239,352,1257
239,354,582
239,355,1086
239,357,766
239,358,1129
239,359,491
239,361,976
239,362,570
239,364,1086
239,365,279
239,366,683
239,367,1332
240,10,130
240,11,206
240,13,172
240,14,293
240,16,182
240,17,265
240,18,205
240,20,285
240,21,185
240,23,264
240,24,250
240,26,373
240,27,247
240,28,304
240,30,258
240,31,342
240,33,195
240,34,329
240,36,276
240,37,412
240,38,292
240,40,386
240,41,303
240,43,369
240,44,276
240,45,359
240,47,312
240,48,456
240,50,316
240,51,386
240,53,323
240,54,442
240,55,328
240,57,401
240,58,319
240,60,482
240,61,370
240,63,420
240,64,335
240,65,472
240,67,348
240,68,433
240,70,408
240,71,451
240,72,389
240,74,477
240,75,355
240,77,493
240,78,349
240,80,401
240,81,369
240,82,453
240,84,424
240,85,483
240,87,395
240,88,460
240,89,375
240,91,455
240,92,409
240,94,492
240,95,443
240,97,460
240,98,409
240,99,522
240,101,449
240,102,428
240,104,385
240,105,452
240,107,481
240,108,486
240,109,422
240,111,488
240,112,514
240,114,512
240,115,404
240,116,514
240,118,560
240,119,529
240,121,413
240,122,542
240,124,493
240,125,506
240,126,398
240,128,530
240,129,555
240,131,567
240,132,429
240,134,553
240,135,497
240,136,547
240,138,412
240,139,575
240,141,605
240,142,588
240,143,486
240,145,557
240,146,592
240,148,599
240,149,447
240,151,574
240,152,612
240,153,690
240,155,484
240,156,610
240,158,594
240,159,659
240,161,491
240,162,603
240,163,644
240,165,734
240,166,500
240,168,687
240,169,601
240,170,688
240,172,535
240,173,671
240,175,639
240,176,785
240,178,468
240,179,767
240,180,668
240,182,813
240,183,487
240,185,750
240,186,680
240,188,882
240,189,504
240,190,802
240,192,632
240,193,850
240,195,536
240,196,791
240,197,697
240,199,845
240,200,567
240,202,865
240,203,661
240,205,905
240,206,511
240,207,859
240,209,643
240,210,929
240,212,584
240,213,942
240,214,657
240,216,896
240,217,557
240,219,925
240,220,674
240,222,962
240,223,582
240,224,955
240,226,693
240,227,979
240,229,577
240,230,896
240,232,682
240,233,1006
240,234,567
240,236,912
240,237,670
240,239,911
240,240,559
240,241,925
240,243,768
240,244,944
240,246,616
240,247,951
240,249,699
240,250,996
240,251,575
240,253,912
240,254,714
240,256,1040
240,257,611
240,259,1003
240,260,710
240,261,973
240,263,603
240,264,911
240,266,728
240,267,1017
240,268,625
240,270,967
240,271,682
240,273,1015
240,274,643
240,276,963
240,277,762
240,278,962
240,280,647
240,281,892
240,283,718
240,284,1031
240,286,621
240,287,937
240,288,684
240,290,996
240,291,775
240,293,916
240,294,681
240,295,913
240,297,626
240,298,889
240,300,714
240,301,946
240,303,657
240,304,959
240,305,665
240,307,876
240,308,687
240,310,824
240,311,674
240,313,915
240,314,713
240,315,906
240,317,680
240,318,836
240,320,634
240,321,828
240,322,609
240,324,824
240,325,710
240,327,845
240,328,606
240,330,766
240,331,645
240,332,716
240,334,567
240,335,764
240,337,705
240,338,744
240,339,592
240,341,655
240,342,630
240,344,622
240,345,517
240,347,589
240,348,548
240,349,585
240,351,457
240,352,519
240,354,439
240,355,532
240,357,435
240,358,480
240,359,363
240,361,398
240,362,294
240,364,384
240,365,165
240,366,288
240,367,683
241,10,185
241,11,237
241,13,241
241,14,367
241,16,295
241,17,361
241,18,304
241,20,327
241,21,267
241,23,356
241,24,322
241,26,406
241,27,382
241,28,474
241,30,326
241,31,391
241,33,376
241,34,474
241,36,393
241,37,469
241,38,446
241,40,511
241,41,400
241,43,490
241,44,436
241,45,529
241,47,467
241,48,555
241,50,527
241,51,653
241,53,475
241,54,554
241,55,486
241,57,573
241,58,487
241,60,575
241,61,529
241,63,699
241,64,491
241,65,542
241,67,505
241,68,660
241,70,480
241,71,616
241,72,551
241,74,669
241,75,569
241,77,591
241,78,565
241,80,686
241,81,499
241,82,661
241,84,642
241,85,703
241,87,585
241,88,667
241,89,610
241,91,744
241,92,577
241,94,709
241,95,699
241,97,700
241,98,588
241,99,685
241,101,696
241,102,713
241,104,574
241,105,723
241,107,789
241,108,790
241,109,612
241,111,733
241,112,770
241,114,772
241,115,645
241,116,729
241,118,864
241,119,836
241,121,645
241,122,792
241,124,851
241,125,790
241,126,642
241,128,750
241,129,947
241,131,846
241,132,656
241,134,837
241,135,907
241,136,792
241,138,719
241,139,800
241,141,993
241,142,859
241,143,703
241,145,861
241,146,955
241,148,938
241,149,684
241,151,880
241,152,1053
241,153,826
241,155,759
241,156,886
241,158,1063
241,159,882
241,161,709
241,162,922
241,163,1131
241,165,1033
241,166,775
241,168,917
241,169,1041
241,170,993
241,172,758
241,173,890
241,175,1122
241,176,954
241,178,788
241,179,997
241,180,1111
241,182,1005
241,183,778
241,185,925
241,186,1197
241,188,1079
241,189,773
241,190,990
241,192,1043
241,193,1038
241,195,745
241,196,954
241,197,1114
241,199,1124
241,200,793
241,202,993
241,203,1209
241,205,1105
241,206,879
241,207,927
241,209,1180
241,210,1119
241,212,870
241,213,972
241,214,1194
241,216,1215
241,217,912
241,219,1006
241,220,1185
241,222,1255
241,223,912
241,224,992
241,226,1095
241,227,1211
241,229,893
241,230,960
241,232,1154
241,233,1199
241,234,894
241,236,985
241,237,1149
241,239,1287
241,240,871
241,241,1031
241,243,1171
241,244,1259
241,246,831
241,247,950
241,249,1140
241,250,1243
241,251,889
241,253,988
241,254,1067
241,256,1349
241,257,908
241,259,1112
241,260,1080
241,261,1244
241,263,880
241,264,1023
241,266,1043
241,267,1289
241,268,916
241,270,1053
241,271,1037
241,273,1345
241,274,896
241,276,1067
241,277,979
241,278,1402
241,280,899
241,281,1081
241,283,1005
241,284,1332
241,286,891
241,287,1053
241,288,962
241,290,1325
241,291,924
241,293,1074
241,294,997
241,295,1350
241,297,875
241,298,1083
241,300,943
241,301,1337
241,303,904
241,304,1058
241,305,927
241,307,1272
241,308,901
241,310,1002
241,311,856
241,313,1274
241,314,883
241,315,1136
241,317,895
241,318,1266
241,320,895
241,321,1103
241,322,781
241,324,1270
241,325,811
241,327,1086
241,328,800
241,330,1126
241,331,760
241,332,1008
241,334,775
241,335,1067
241,337,802
241,338,1048
241,339,722
241,341,1069
241,342,684
241,344,866
241,345,624
241,347,956
241,348,580
241,349,837
241,351,523
241,352,834
241,354,513
241,355,809
241,357,456
241,358,706
241,359,377
241,361,589
241,362,337
241,364,580
241,365,191
241,366,332
241,367,628
243,10,113
243,11,141
243,13,178
243,14,258
243,16,166
243,17,258
243,18,209
243,20,254
243,21,169
243,23,268
243,24,235
243,26,284
243,27,212
243,28,333
243,30,250
243,31,308
243,33,169
243,34,319
243,36,285
243,37,334
243,38,225
243,40,422
243,41,290
243,43,336
243,44,202
243,45,397
243,47,349
243,48,345
243,50,272
243,51,462
243,53,317
243,54,380
243,55,246
243,57,487
243,58,348
243,60,408
243,61,285
243,63,509
243,64,340
243,65,422
243,67,278
243,68,485
243,70,396
243,71,420
243,72,304
243,74,555
243,75,353
243,77,406
243,78,295
243,80,539
243,81,342
243,82,398
243,84,305
243,85,588
243,87,386
243,88,422
243,89,351
243,91,551
243,92,373
243,94,468
243,95,385
243,97,576
243,98,371
243,99,456
243,101,358
243,102,561
243,104,385
243,105,449
243,107,378
243,108,583
243,109,347
243,111,479
243,112,384
243,114,572
243,115,419
243,116,477
243,118,398
243,119,664
243,121,383
243,122,515
243,124,442
243,125,586
243,126,379
243,128,578
243,129,434
243,131,663
243,132,415
243,134,576
243,135,472
243,136,599
243,138,417
243,139,569
243,141,473
243,142,695
243,143,427
243,145,635
243,146,500
243,148,636
243,149,447
243,151,602
243,152,524
243,153,696
243,155,418
243,156,640
243,158,502
243,159,718
243,161,434
243,162,648
243,163,553
243,165,732
243,166,469
243,168,754
243,169,581
243,170,749
243,172,458
243,173,747
243,175,594
243,176,809
243,178,470
243,179,810
243,180,592
243,182,828
243,183,450
243,185,841
243,186,593
243,188,871
243,189,494
243,190,813
243,192,677
243,193,882
243,195,483
243,196,886
243,197,628
243,199,891
243,200,495
243,202,946
243,203,699
243,205,950
243,206,490
243,207,904
243,209,668
243,210,984
243,212,515
243,213,996
243,214,699
243,216,1032
243,217,575
243,219,900
243,220,723
243,222,956
243,223,569
243,224,967
243,226,723
243,227,1136
243,229,539
243,230,1037
243,232,680
243,233,1056
243,234,611
243,236,996
243,237,731
243,239,1139
243,240,571
243,241,993
243,243,747
243,244,1103
243,246,629
243,247,1036
243,249,804
243,250,1129
243,251,644
243,253,971
243,254,736
243,256,1172
243,257,671
243,259,1070
243,260,750
243,261,1173
243,263,684
243,264,988
243,266,723
243,267,1241
243,268,739
243,270,1137
243,271,764
243,273,1262
243,274,720
243,276,1060
243,277,743
243,278,1211
243,280,753
243,281,1103
243,283,796
243,284,1220
243,286,803
243,287,996
243,288,768
243,290,1196
243,291,854
243,293,1063
243,294,833
243,295,1200
243,297,813
243,298,994
243,300,800
243,301,1188
243,303,842
243,304,1034
243,305,787
243,307,1144
243,308,805
243,310,937
243,311,744
243,313,1101
243,314,884
243,315,1017
243,317,712
243,318,1079
243,320,813
243,321,934
243,322,796
243,324,990
243,325,814
243,327,889
243,328,725
243,330,972
243,331,733
243,332,823
243,334,697
243,335,902
243,337,729
243,338,837
243,339,726
243,341,889
243,342,661
243,344,731
243,345,651
243,347,747
243,348,560
243,349,666
243,351,602
243,352,651
243,354,491
243,355,576
243,357,561
243,358,573
243,359,359
243,361,435
243,362,363
243,364,428
243,365,189
243,366,293
243,367,832
244,10,349
244,11,290
244,13,331
244,14,495
244,16,365
244,17,420
244,18,437
244,20,465
244,21,382
244,23,434
244,24,459
244,26,510
244,27,469
244,28,552
244,30,499
244,31,631
244,33,474
244,34,543
244,36,513
244,37,651
244,38,501
244,40,632
244,41,598
244,43,704
244,44,574
244,45,644
244,47,604
244,48,677
244,50,564
244,51,660
244,53,638
244,54,697
244,55,581
244,57,684
244,58,683
244,60,773
244,61,621
244,63,721
244,64,712
244,65,731
244,67,616
244,68,724
244,70,690
244,71,767
244,72,632
244,74,679
244,75,711
244,77,729
244,78,658
244,80,677
244,81,792
244,82,713
244,84,680
244,85,738
244,87,756
244,88,819
244,89,708
244,91,816
244,92,710
244,94,788
244,95,769
244,97,770
244,98,790
244,99,841
244,101,775
244,102,763
244,104,746
244,105,767
244,107,771
244,108,782
244,109,769
244,111,905
244,112,876
244,114,800
244,115,726
244,116,836
244,118,871
244,119,830
244,121,766
244,122,804
244,124,868
244,125,848
244,126,775
244,128,927
244,129,1002
244,131,839
244,132,820
244,134,911
244,135,976
244,136,845
244,138,789
244,139,878
244,141,975
244,142,928
244,143,832
244,145,908
244,146,1060
244,148,911
244,149,794
244,151,929
244,152,1129
244,153,935
244,155,856
244,156,1014
244,158,1150
244,159,971
244,161,802
244,162,977
244,163,1123
244,165,997
244,166,861
244,168,1063
244,169,1177
244,170,1003
244,172,843
244,173,1050
244,175,1135
244,176,1000
244,178,880
244,179,1093
244,180,1269
244,182,1022
244,183,816
244,185,1118
244,186,1200
244,188,1047
244,189,896
244,190,1087
244,192,1319
244,193,1081
244,195,879
244,196,1019
244,197,1261
244,199,1107
244,200,905
244,202,1187
244,203,1358
244,205,1210
244,206,945
244,207,1109
244,209,1254
244,210,1179
244,212,893
244,213,1242
244,214,1311
244,216,1270
244,217,851
244,219,1158
244,220,1292
244,222,1184
244,223,996
244,224,1189
244,226,1365
244,227,1209
244,229,900
244,230,1243
244,232,1231
244,233,1225
244,234,949
244,236,1152
244,237,1414
244,239,1217
244,240,910
244,241,1195
244,243,1230
244,244,1274
244,246,996
244,247,1273
244,249,1447
244,250,1261
244,251,891
244,253,1206
244,254,1277
244,256,1239
244,257,931
244,259,1284
244,260,1352
244,261,1306
244,263,851
244,264,1234
244,266,1255
244,267,1355
244,268,975
244,270,1379
244,271,1327
244,273,1476
244,274,858
244,276,1245
244,277,1234
244,278,1417
244,280,890
244,281,1304
244,283,1313
244,284,1434
244,286,909
244,287,1315
244,288,1240
244,290,1513
244,291,961
244,293,1403
244,294,1330
244,295,1497
244,297,944
244,298,1278
244,300,1195
244,301,1503
244,303,972
244,304,1375
244,305,1240
244,307,1591
244,308,921
244,310,1282
244,311,1161
244,313,1481
244,314,944
244,315,1523
244,317,1230
244,318,1589
244,320,860
244,321,1304
244,322,1059
244,324,1485
244,325,875
244,327,1373
244,328,1083
244,330,1484
244,331,762
244,332,1210
244,334,1001
244,335,1353
244,337,739
244,338,1326
244,339,985
244,341,1329
244,342,667
244,344,1093
244,345,878
244,347,1149
244,348,615
244,349,1100
244,351,760
244,352,1080
244,354,526
244,355,924
244,357,654
244,358,928
244,359,408
244,361,767
244,362,476
244,364,836
244,365,203
244,366,472
244,367,879
246,10,157
246,11,184
246,13,149
246,14,253
246,16,192
246,17,239
246,18,196
246,20,241
246,21,184
246,23,301
246,24,221
246,26,336
246,27,233
246,28,320
246,30,259
246,31,327
246,33,269
246,34,356
246,36,296
246,37,374
246,38,286
246,40,353
246,41,280
246,43,406
246,44,314
246,45,445
246,47,284
246,48,422
246,50,292
246,51,355
246,53,322
246,54,428
246,55,320
246,57,431
246,58,323
246,60,508
246,61,394
246,63,450
246,64,345
246,65,495
246,67,331
246,68,456
246,70,340
246,71,459
246,72,398
246,74,500
246,75,383
246,77,454
246,78,380
246,80,437
246,81,361
246,82,474
246,84,415
246,85,430
246,87,404
246,88,460
246,89,413
246,91,468
246,92,387
246,94,466
246,95,447
246,97,495
246,98,384
246,99,472
246,101,502
246,102,475
246,104,390
246,105,499
246,107,415
246,108,491
246,109,393
246,111,504
246,112,494
246,114,512
246,115,417
246,116,495
246,118,538
246,119,469
246,121,459
246,122,515
246,124,510
246,125,534
246,126,413
246,128,514
246,129,570
246,131,500
246,132,438
246,134,551
246,135,555
246,136,570
246,138,434
246,139,500
246,141,581
246,142,585
246,143,489
246,145,553
246,146,633
246,148,638
246,149,483
246,151,559
246,152,598
246,153,643
246,155,462
246,156,638
246,158,610
246,159,674
246,161,466
246,162,588
246,163,645
246,165,677
246,166,523
246,168,650
246,169,652
246,170,793
246,172,507
246,173,687
246,175,660
246,176,745
246,178,537
246,179,696
246,180,663
246,182,821
246,183,473
246,185,708
246,186,648
246,188,784
246,189,546
246,190,762
246,192,715
246,193,845
246,195,528
246,196,784
246,197,680
246,199,849
246,200,549
246,202,784
246,203,743
246,205,932
246,206,512
246,207,820
246,209,653
246,210,914
246,212,586
246,213,879
246,214,699
246,216,973
246,217,551
246,219,856
246,220,634
246,222,914
246,223,592
246,224,875
246,226,748
246,227,940
246,229,567
246,230,936
246,232,701
246,233,1003
246,234,640
246,236,949
246,237,691
246,239,984
246,240,569
246,241,900
246,243,660
246,244,1013
246,246,612
246,247,959
246,249,781
246,250,937
246,251,665
246,253,984
246,254,702
246,256,1004
246,257,611
246,259,1001
246,260,762
246,261,1032
246,263,570
246,264,928
246,266,733
246,267,949
246,268,648
246,270,984
246,271,711
246,273,1032
246,274,671
246,276,945
246,277,640
246,278,1021
246,280,646
246,281,980
246,283,738
246,284,1016
246,286,630
246,287,901
246,288,719
246,290,979
246,291,721
246,293,921
246,294,772
246,295,949
246,297,684
246,298,943
246,300,702
246,301,916
246,303,735
246,304,848
246,305,696
246,307,923
246,308,694
246,310,844
246,311,683
246,313,889
246,314,676
246,315,903
246,317,704
246,318,894
246,320,715
246,321,873
246,322,631
246,324,788
246,325,683
246,327,828
246,328,651
246,330,730
246,331,620
246,332,725
246,334,574
246,335,732
246,337,608
246,338,702
246,339,591
246,341,650
246,342,578
246,344,630
246,345,548
246,347,541
246,348,533
246,349,572
246,351,486
246,352,473
246,354,409
246,355,525
246,357,398
246,358,422
246,359,338
246,361,379
246,362,278
246,364,374
246,365,174
246,366,269
246,367,672
247,10,238
247,11,222
247,13,238
247,14,287
247,16,256
247,17,327
247,18,302
247,20,338
247,21,315
247,23,310
247,24,334
247,26,420
247,27,338
247,28,407
247,30,359
247,31,446
247,33,413
247,34,451
247,36,398
247,37,473
247,38,434
247,40,496
247,41,438
247,43,519
247,44,494
247,45,593
247,47,471
247,48,561
247,50,545
247,51,580
247,53,528
247,54,541
247,55,555
247,57,638
247,58,494
247,60,607
247,61,585
247,63,623
247,64,562
247,65,619
247,67,617
247,68,653
247,70,537
247,71,647
247,72,597
247,74,696
247,75,578
247,77,672
247,78,663
247,80,728
247,81,609
247,82,695
247,84,703
247,85,737
247,87,582
247,88,723
247,89,711
247,91,768
247,92,622
247,94,699
247,95,817
247,97,707
247,98,652
247,99,740
247,101,767
247,102,707
247,104,672
247,105,723
247,107,775
247,108,728
247,109,693
247,111,771
247,112,850
247,114,765
247,115,647
247,116,709
247,118,917
247,119,732
247,121,735
247,122,798
247,124,871
247,125,777
247,126,720
247,128,776
247,129,964
247,131,775
247,132,739
247,134,842
247,135,972
247,136,776
247,138,733
247,139,796
247,141,989
247,142,857
247,143,737
247,145,913
247,146,1046
247,148,913
247,149,781
247,151,832
247,152,1065
247,153,859
247,155,769
247,156,894
247,158,1098
247,159,838
247,161,751
247,162,859
247,163,1116
247,165,941
247,166,812
247,168,895
247,169,1090
247,170,957
247,172,791
247,173,903
247,175,1118
247,176,928
247,178,858
247,179,986
247,180,1132
247,182,959
247,183,854
247,185,902
247,186,1121
247,188,1036
247,189,856
247,190,980
247,192,1182
247,193,1034
247,195,852
247,196,880
247,197,1208
247,199,1072
247,200,924
247,202,1011
247,203,1201
247,205,1119
247,206,855
247,207,1004
247,209,1155
247,210,1114
247,212,940
247,213,1025
247,214,1233
247,216,1087
247,217,921
247,219,952
247,220,1146
247,222,1131
247,223,917
247,224,1050
247,226,1170
247,227,1209
247,229,932
247,230,969
247,232,1217
247,233,1158
247,234,958
247,236,1010
247,237,1162
247,239,1272
247,240,872
247,241,977
247,243,1126
247,244,1209
247,246,892
247,247,1093
247,249,1129
247,250,1282
247,251,884
247,253,1072
247,254,1078
247,256,1307
247,257,905
247,259,1086
247,260,1105
247,261,1292
247,263,879
247,264,1024
247,266,1030
247,267,1276
247,268,962
247,270,1101
247,271,1076
247,273,1371
247,274,908
247,276,1026
247,277,1051
247,278,1298
247,280,879
247,281,1093
247,283,1008
247,284,1307
247,286,916
247,287,1039
247,288,1035
247,290,1298
247,291,928
247,293,1070
247,294,1065
247,295,1375
247,297,892
247,298,1064
247,300,953
247,301,1296
247,303,910
247,304,1126
247,305,991
247,307,1284
247,308,836
247,310,1036
247,311,851
247,313,1279
247,314,796
247,315,1103
247,317,905
247,318,1198
247,320,859
247,321,1043
247,322,824
247,324,1293
247,325,803
247,327,1109
247,328,818
247,330,1182
247,331,737
247,332,1040
247,334,810
247,335,1128
247,337,745
247,338,1048
247,339,779
247,341,1067
247,342,638
247,344,912
247,345,604
247,347,943
247,348,573
247,349,894
247,351,558
247,352,835
247,354,528
247,355,808
247,357,455
247,358,707
247,359,378
247,361,607
247,362,316
247,364,521
247,365,191
247,366,349
247,367,650
249,10,107
249,11,157
249,13,165
249,14,249
249,16,144
249,17,216
249,18,194
249,20,241
249,21,155
249,23,270
249,24,211
249,26,267
249,27,204
249,28,303
249,30,242
249,31,283
249,33,193
249,34,359
249,36,288
249,37,320
249,38,224
249,40,401
249,41,296
249,43,323
249,44,242
249,45,414
249,47,327
249,48,406
249,50,278
249,51,427
249,53,342
249,54,388
249,55,281
249,57,479
249,58,397
249,60,393
249,61,302
249,63,483
249,64,334
249,65,399
249,67,298
249,68,478
249,70,349
249,71,446
249,72,358
249,74,510
249,75,376
249,77,458
249,78,323
249,80,528
249,81,387
249,82,474
249,84,330
249,85,562
249,87,385
249,88,437
249,89,367
249,91,563
249,92,394
249,94,492
249,95,394
249,97,530
249,98,389
249,99,441
249,101,346
249,102,538
249,104,384
249,105,478
249,107,422
249,108,574
249,109,400
249,111,478
249,112,424
249,114,543
249,115,385
249,116,535
249,118,441
249,119,566
249,121,384
249,122,495
249,124,415
249,125,560
249,126,424
249,128,531
249,129,466
249,131,575
249,132,402
249,134,537
249,135,467
249,136,594
249,138,392
249,139,566
249,141,490
249,142,585
249,143,442
249,145,602
249,146,472
249,148,646
249,149,473
249,151,638
249,152,544
249,153,697
249,155,428
249,156,682
249,158,538
249,159,634
249,161,417
249,162,700
249,163,539
249,165,728
249,166,451
249,168,691
249,169,593
249,170,772
249,172,448
249,173,733
249,175,593
249,176,739
249,178,465
249,179,759
249,180,622
249,182,790
249,183,491
249,185,718
249,186,618
249,188,805
249,189,464
249,190,832
249,192,678
249,193,861
249,195,520
249,196,796
249,197,639
249,199,812
249,200,503
249,202,849
249,203,677
249,205,962
249,206,514
249,207,840
249,209,667
249,210,879
249,212,548
249,213,918
249,214,696
249,216,951
249,217,557
249,219,967
249,220,684
249,222,963
249,223,528
249,224,965
249,226,727
249,227,1056
249,229,517
249,230,883
249,232,746
249,233,1014
249,234,583
249,236,1015
249,237,748
249,239,1052
249,240,563
249,241,983
249,243,717
249,244,1114
249,246,657
249,247,1009
249,249,753
249,250,1126
249,251,673
249,253,1003
249,254,776
249,256,1097
249,257,663
249,259,1058
249,260,775
249,261,1112
249,263,685
249,264,962
249,266,737
249,267,1200
249,268,726
249,270,1028
249,271,734
249,273,1193
249,274,770
249,276,1077
249,277,788
249,278,1195
249,280,753
249,281,1055
249,283,770
249,284,1156
249,286,750
249,287,1001
249,288,814
249,290,1240
249,291,859
249,293,998
249,294,800
249,295,1211
249,297,780
249,298,1037
249,300,809
249,301,1234
249,303,827
249,304,1004
249,305,785
249,307,1146
249,308,739
249,310,948
249,311,738
249,313,1080
249,314,848
249,315,971
249,317,763
249,318,1081
249,320,760
249,321,899
249,322,754
249,324,1026
249,325,737
249,327,905
249,328,698
249,330,902
249,331,688
249,332,870
249,334,722
249,335,887
249,337,675
249,338,805
249,339,639
249,341,787
249,342,611
249,344,802
249,345,668
249,347,773
249,348,541
249,349,635
249,351,559
249,352,604
249,354,471
249,355,612
249,357,520
249,358,584
249,359,354
249,361,414
249,362,282
249,364,406
249,365,137
249,366,314
249,367,815
250,10,285
250,11,265
250,13,324
250,14,367
250,16,341
250,17,323
250,18,331
250,20,349
250,21,357
250,23,453
250,24,460
250,26,516
250,27,455
250,28,461
250,30,482
250,31,511
250,33,469
250,34,546
250,36,541
250,37,608
250,38,508
250,40,516
250,41,571
250,43,661
250,44,523
250,45,671
250,47,649
250,48,691
250,50,605
250,51,583
250,53,646
250,54,668
250,55,579
250,57,698
250,58,755
250,60,691
250,61,579
250,63,694
250,64,652
250,65,681
250,67,615
250,68,757
250,70,731
250,71,734
250,72,706
250,74,694
250,75,802
250,77,778
250,78,704
250,80,709
250,81,811
250,82,814
250,84,750
250,85,672
250,87,763
250,88,741
250,89,698
250,91,741
250,92,785
250,94,797
250,95,725
250,97,763
250,98,745
250,99,762
250,101,766
250,102,830
250,104,780
250,105,786
250,107,788
250,108,772
250,109,752
250,111,794
250,112,815
250,114,748
250,115,767
250,116,865
250,118,907
250,119,808
250,121,784
250,122,835
250,124,839
250,125,811
250,126,799
250,128,853
250,129,962
250,131,850
250,132,728
250,134,936
250,135,940
250,136,870
250,138,752
250,139,920
250,141,1015
250,142,919
250,143,810
250,145,900
250,146,1048
250,148,887
250,149,791
250,151,898
250,152,1056
250,153,964
250,155,780
250,156,1006
250,158,1035
250,159,937
250,161,779
250,162,972
250,163,1067
250,165,985
250,166,796
250,168,989
250,169,1090
250,170,966
250,172,827
250,173,964
250,175,1168
250,176,1002
250,178,852
250,179,1036
250,180,1123
250,182,984
250,183,797
250,185,1105
250,186,1179
250,188,1068
250,189,848
250,190,1064
250,192,1163
250,193,1041
250,195,805
250,196,1009
250,197,1215
250,199,1095
250,200,865
250,202,1131
250,203,1229
250,205,1096
250,206,901
250,207,1088
250,209,1182
250,210,1134
250,212,847
250,213,1126
250,214,1273
250,216,1062
250,217,830
250,219,1064
250,220,1291
250,222,1115
250,223,907
250,224,1180
250,226,1345
250,227,1091
250,229,944
250,230,1104
250,232,1254
250,233,1116
250,234,906
250,236,1239
250,237,1218
250,239,1157
250,240,832
250,241,1191
250,243,1286
250,244,1136
250,246,923
250,247,1258
250,249,1270
250,250,1198
250,251,873
250,253,1201
250,254,1252
250,256,1262
250,257,914
250,259,1271
250,260,1253
250,261,1255
250,263,884
250,264,1202
250,266,1262
250,267,1286
250,268,922
250,270,1323
250,271,1280
250,273,1425
250,274,840
250,276,1220
250,277,1224
250,278,1376
250,280,933
250,281,1374
250,283,1228
250,284,1432
250,286,906
250,287,1306
250,288,1175
250,290,1466
250,291,969
250,293,1474
250,294,1259
250,295,1545
250,297,888
250,298,1428
250,300,1235
250,301,1484
250,303,904
250,304,1364
250,305,1268
250,307,1462
250,308,888
250,310,1359
250,311,1147
250,313,1492
250,314,897
250,315,1474
250,317,1119
250,318,1603
250,320,884
250,321,1353
250,322,1152
250,324,1474
250,325,832
250,327,1409
250,328,1089
250,330,1454
250,331,769
250,332,1284
250,334,989
250,335,1434
250,337,739
250,338,1262
250,339,960
250,341,1312
250,342,638
250,344,1146
250,345,863
250,347,1229
250,348,633
250,349,1097
250,351,781
250,352,1069
250,354,504
250,355,948
250,357,679
250,358,976
250,359,370
250,361,805
250,362,513
250,364,894
250,365,233
250,366,471
250,367,915
251,10,84
251,11,172
251,13,133
251,14,183
251,16,131
251,17,207
251,18,151
251,20,235
251,21,157
251,23,207
251,24,197
251,26,265
251,27,212
251,28,252
251,30,211
251,31,305
251,33,183
251,34,282
251,36,239
251,37,329
251,38,220
251,40,315
251,41,238
251,43,326
251,44,244
251,45,351
251,47,312
251,48,362
251,50,267
251,51,384
251,53,274
251,54,377
251,55,263
251,57,379
251,58,295
251,60,399
251,61,298
251,63,419
251,64,332
251,65,403
251,67,343
251,68,384
251,70,332
251,71,429
251,72,380
251,74,399
251,75,370
251,77,412
251,78,340
251,80,410
251,81,357
251,82,463
251,84,414
251,85,400
251,87,364
251,88,422
251,89,393
251,91,398
251,92,389
251,94,426
251,95,459
251,97,424
251,98,364
251,99,428
251,101,400
251,102,422
251,104,365
251,105,428
251,107,484
251,108,447
251,109,401
251,111,420
251,112,494
251,114,453
251,115,401
251,116,476
251,118,526
251,119,513
251,121,428
251,122,448
251,124,495
251,125,466
251,126,382
251,128,480
251,129,557
251,131,513
251,132,421
251,134,465
251,135,548
251,136,532
251,138,437
251,139,513
251,141,586
251,142,587
251,143,418
251,145,523
251,146,568
251,148,569
251,149,436
251,151,529
251,152,602
251,153,583
251,155,462
251,156,556
251,158,560
251,159,646
251,161,461
251,162,560
251,163,599
251,165,686
251,166,460
251,168,647
251,169,584
251,170,678
251,172,458
251,173,617
251,175,651
251,176,744
251,178,495
251,179,707
251,180,570
251,182,750
251,183,480
251,185,689
251,186,591
251,188,820
251,189,484
251,190,713
251,192,610
251,193,801
251,195,460
251,196,727
251,197,630
251,199,864
251,200,521
251,202,783
251,203,605
251,205,853
251,206,497
251,207,790
251,209,605
251,210,871
251,212,528
251,213,892
251,214,687
251,216,935
251,217,516
251,219,849
251,220,623
251,222,920
251,223,531
251,224,878
251,226,668
251,227,951
251,229,559
251,230,849
251,232,656
251,233,943
251,234,556
251,236,912
251,237,649
251,239,962
251,240,557
251,241,933
251,243,673
251,244,1027
251,246,575
251,247,897
251,249,686
251,250,955
251,251,593
251,253,921
251,254,688
251,256,966
251,257,620
251,259,923
251,260,705
251,261,956
251,263,606
251,264,930
251,266,639
251,267,1003
251,268,641
251,270,941
251,271,656
251,273,1031
251,274,555
251,276,944
251,277,660
251,278,938
251,280,666
251,281,935
251,283,657
251,284,946
251,286,589
251,287,881
251,288,705
251,290,952
251,291,630
251,293,944
251,294,653
251,295,919
251,297,664
251,298,857
251,300,713
251,301,921
251,303,684
251,304,881
251,305,671
251,307,871
251,308,674
251,310,837
251,311,650
251,313,856
251,314,745
251,315,914
251,317,669
251,318,783
251,320,580
251,321,771
251,322,640
251,324,763
251,325,672
251,327,781
251,328,573
251,330,700
251,331,576
251,332,694
251,334,544
251,335,699
251,337,644
251,338,667
251,339,555
251,341,618
251,342,510
251,344,604
251,345,467
251,347,594
251,348,511
251,349,493
251,351,418
251,352,451
251,354,405
251,355,486
251,357,389
251,358,400
251,359,310
251,361,340
251,362,243
251,364,305
251,365,133
251,366,220
251,367,499
253,10,149
253,11,188
253,13,206
253,14,258
253,16,224
253,17,264
253,18,222
253,20,280
253,21,223
253,23,298
253,24,293
253,26,375
253,27,306
253,28,348
253,30,337
253,31,320
253,33,312
253,34,362
253,36,374
253,37,406
253,38,368
253,40,450
253,41,355
253,43,444
253,44,400
253,45,484
253,47,429
253,48,530
253,50,468
253,51,497
253,53,377
253,54,479
253,55,449
253,57,533
253,58,450
253,60,557
253,61,475
253,63,590
253,64,458
253,65,555
253,67,525
253,68,572
253,70,509
253,71,602
253,72,596
253,74,591
253,75,548
253,77,616
253,78,556
253,80,624
253,81,543
253,82,614
253,84,600
253,85,688
253,87,530
253,88,641
253,89,631
253,91,686
253,92,567
253,94,670
253,95,727
253,97,693
253,98,555
253,99,656
253,101,683
253,102,692
253,104,566
253,105,639
253,107,771
253,108,692
253,109,595
253,111,690
253,112,728
253,114,689
253,115,601
253,116,754
253,118,843
253,119,737
253,121,636
253,122,716
253,124,831
253,125,753
253,126,593
253,128,686
253,129,840
253,131,767
253,132,616
253,134,808
253,135,889
253,136,713
253,138,650
253,139,716
253,141,950
253,142,784
253,143,677
253,145,810
253,146,982
253,148,765
253,149,650
253,151,796
253,152,1039
253,153,811
253,155,722
253,156,862
253,158,1022
253,159,801
253,161,691
253,162,904
253,163,1022
253,165,856
253,166,728
253,168,895
253,169,987
253,170,839
253,172,722
253,173,851
253,175,1098
253,176,895
253,178,738
253,179,896
253,180,1116
253,182,912
253,183,701
253,185,884
253,186,1098
253,188,925
253,189,771
253,190,874
253,192,1039
253,193,1003
253,195,757
253,196,894
253,197,1195
253,199,1039
253,200,842
253,202,925
253,203,1066
253,205,1059
253,206,788
253,207,871
253,209,1097
253,210,1031
253,212,844
253,213,926
253,214,1124
253,216,1093
253,217,845
253,219,900
253,220,1118
253,222,1149
253,223,836
253,224,991
253,226,1126
253,227,1128
253,229,838
253,230,1003
253,232,1107
253,233,1214
253,234,856
253,236,975
253,237,1146
253,239,1129
253,240,888
253,241,971
253,243,1142
253,244,1201
253,246,881
253,247,950
253,249,1074
253,250,1254
253,251,866
253,253,1015
253,254,1060
253,256,1222
253,257,864
253,259,987
253,260,1063
253,261,1267
253,263,853
253,264,1038
253,266,1016
253,267,1378
253,268,900
253,270,1037
253,271,1049
253,273,1253
253,274,893
253,276,1039
253,277,1039
253,278,1410
253,280,870
253,281,1061
253,283,1021
253,284,1186
253,286,897
253,287,1047
253,288,971
253,290,1261
253,291,931
253,293,1091
253,294,930
253,295,1342
253,297,884
253,298,1075
253,300,942
253,301,1316
253,303,848
253,304,1055
253,305,928
253,307,1393
253,308,872
253,310,1094
253,311,899
253,313,1272
253,314,887
253,315,1125
253,317,840
253,318,1227
253,320,862
253,321,1035
253,322,829
253,324,1155
253,325,797
253,327,1054
253,328,809
253,330,1081
253,331,773
253,332,1009
253,334,803
253,335,1066
253,337,775
253,338,969
253,339,675
253,341,1016
253,342,606
253,344,838
253,345,562
253,347,875
253,348,568
253,349,782
253,351,510
253,352,805
253,354,492
253,355,667
253,357,452
253,358,632
253,359,349
253,361,532
253,362,279
253,364,507
253,365,184
253,366,291
253,367,452
254,10,68
254,11,118
254,13,135
254,14,193
254,16,120
254,17,201
254,18,153
254,20,199
254,21,119
254,23,178
254,24,167
254,26,202
254,27,113
254,28,256
254,30,240
254,31,248
254,33,170
254,34,256
254,36,255
254,37,263
254,38,191
254,40,321
254,41,279
254,43,306
254,44,191
254,45,392
254,47,264
254,48,305
254,50,209
254,51,399
254,53,293
254,54,309
254,55,220
254,57,420
254,58,323
254,60,373
254,61,256
254,63,449
254,64,276
254,65,359
254,67,269
254,68,413
254,70,345
254,71,409
254,72,312
254,74,487
254,75,344
254,77,369
254,78,292
254,80,483
254,81,342
254,82,393
254,84,303
254,85,540
254,87,359
254,88,408
254,89,324
254,91,438
254,92,378
254,94,388
254,95,388
254,97,519
254,98,388
254,99,424
254,101,296
254,102,459
254,104,344
254,105,406
254,107,378
254,108,534
254,109,368
254,111,453
254,112,422
254,114,535
254,115,386
254,116,485
254,118,396
254,119,535
254,121,385
254,122,458
254,124,411
254,125,556
254,126,335
254,128,514
254,129,444
254,131,594
254,132,386
254,134,526
254,135,452
254,136,560
254,138,351
254,139,539
254,141,460
254,142,587
254,143,354
254,145,568
254,146,474
254,148,577
254,149,371
254,151,592
254,152,503
254,153,617
254,155,402
254,156,606
254,158,502
254,159,590
254,161,367
254,162,570
254,163,522
254,165,698
254,166,409
254,168,638
254,169,479
254,170,675
254,172,395
254,173,703
254,175,578
254,176,716
254,178,393
254,179,750
254,180,548
254,182,742
254,183,434
254,185,723
254,186,565
254,188,773
254,189,443
254,190,799
254,192,562
254,193,808
254,195,436
254,196,738
254,197,586
254,199,818
254,200,448
254,202,846
254,203,564
254,205,850
254,206,426
254,207,804
254,209,639
254,210,893
254,212,514
254,213,842
254,214,650
254,216,892
254,217,475
254,219,829
254,220,617
254,222,962
254,223,475
254,224,923
254,226,692
254,227,947
254,229,487
254,230,919
254,232,662
254,233,1043
254,234,571
254,236,981
254,237,722
254,239,1070
254,240,566
254,241,955
254,243,722
254,244,1052
254,246,638
254,247,964
254,249,756
254,250,1112
254,251,670
254,253,966
254,254,708
254,256,1145
254,257,689
254,259,1007
254,260,744
254,261,1152
254,263,676
254,264,1005
254,266,805
254,267,1130
254,268,718
254,270,1053
254,271,775
254,273,1193
254,274,712
254,276,1031
254,277,749
254,278,1213
254,280,790
254,281,1089
254,283,733
254,284,1190
254,286,805
254,287,995
254,288,756
254,290,1168
254,291,872
254,293,1048
254,294,793
254,295,1219
254,297,799
254,298,987
254,300,768
254,301,1151
254,303,838
254,304,1015
254,305,775
254,307,1174
254,308,792
254,310,938
254,311,784
254,313,1101
254,314,826
254,315,986
254,317,768
254,318,999
254,320,766
254,321,920
254,322,699
254,324,966
254,325,741
254,327,915
254,328,672
254,330,898
254,331,714
254,332,784
254,334,656
254,335,846
254,337,687
254,338,776
254,339,640
254,341,814
254,342,615
254,344,658
254,345,592
254,347,686
254,348,498
254,349,610
254,351,531
254,352,618
254,354,419
254,355,500
254,357,492
254,358,510
254,359,280
254,361,353
254,362,319
254,364,380
254,365,149
254,366,289
254,367,682
256,10,243
256,11,221
256,13,232
256,14,290
256,16,275
256,17,280
256,18,289
256,20,328
256,21,321
256,23,308
256,24,348
256,26,433
256,27,350
256,28,403
256,30,426
256,31,490
256,33,455
256,34,456
256,36,445
256,37,479
256,38,439
256,40,486
256,41,486
256,43,538
256,44,441
256,45,544
256,47,592
256,48,557
256,50,527
256,51,607
256,53,565
256,54,581
256,55,525
256,57,581
256,58,574
256,60,598
256,61,567
256,63,633
256,64,666
256,65,647
256,67,553
256,68,659
256,70,606
256,71,624
256,72,572
256,74,649
256,75,685
256,77,678
256,78,629
256,80,676
256,81,683
256,82,650
256,84,608
256,85,692
256,87,724
256,88,730
256,89,684
256,91,661
256,92,704
256,94,704
256,95,711
256,97,721
256,98,694
256,99,738
256,101,719
256,102,729
256,104,722
256,105,736
256,107,740
256,108,675
256,109,692
256,111,754
256,112,761
256,114,754
256,115,652
256,116,753
256,118,822
256,119,723
256,121,743
256,122,789
256,124,827
256,125,762
256,126,694
256,128,786
256,129,865
256,131,768
256,132,748
256,134,867
256,135,906
256,136,776
256,138,709
256,139,867
256,141,912
256,142,818
256,143,765
256,145,863
256,146,1069
256,148,839
256,149,750
256,151,831
256,152,1029
256,153,893
256,155,783
256,156,858
256,158,1080
256,159,883
256,161,732
256,162,928
256,163,1058
256,165,917
256,166,786
256,168,946
256,169,1158
256,170,997
256,172,804
256,173,901
256,175,1131
256,176,988
256,178,822
256,179,1063
256,180,1154
256,182,959
256,183,811
256,185,1036
256,186,1128
256,188,989
256,189,854
256,190,1073
256,192,1212
256,193,987
256,195,800
256,196,1017
256,197,1148
256,199,1010
256,200,884
256,202,1043
256,203,1263
256,205,1040
256,206,815
256,207,1112
256,209,1136
256,210,1076
256,212,882
256,213,1150
256,214,1364
256,216,1156
256,217,862
256,219,1111
256,220,1174
256,222,1172
256,223,866
256,224,1196
256,226,1340
256,227,1130
256,229,842
256,230,1170
256,232,1193
256,233,1114
256,234,896
256,236,1160
256,237,1298
256,239,1199
256,240,825
256,241,1120
256,243,1245
256,244,1202
256,246,899
256,247,1240
256,249,1315
256,250,1322
256,251,937
256,253,1185
256,254,1253
256,256,1223
256,257,900
256,259,1257
256,260,1379
256,261,1321
256,263,932
256,264,1238
256,266,1248
256,267,1328
256,268,935
256,270,1306
256,271,1349
256,273,1353
256,274,919
256,276,1273
256,277,1255
256,278,1422
256,280,958
256,281,1436
256,283,1426
256,284,1430
256,286,904
256,287,1294
256,288,1219
256,290,1499
256,291,944
256,293,1325
256,294,1340
256,295,1518
256,297,928
256,298,1378
256,300,1189
256,301,1473
256,303,924
256,304,1417
256,305,1311
256,307,1517
256,308,914
256,310,1274
256,311,1148
256,313,1511
256,314,880
256,315,1471
256,317,1204
256,318,1571
256,320,818
256,321,1321
256,322,1032
256,324,1448
256,325,793
256,327,1333
256,328,1054
256,330,1382
256,331,734
256,332,1180
256,334,957
256,335,1227
256,337,716
256,338,1215
256,339,914
256,341,1255
256,342,572
256,344,958
256,345,783
256,347,1147
256,348,537
256,349,1011
256,351,712
256,352,963
256,354,494
256,355,767
256,357,555
256,358,818
256,359,349
256,361,629
256,362,418
256,364,691
256,365,213
256,366,369
256,367,674
257,10,88
257,11,126
257,13,114
257,14,167
257,16,143
257,17,185
257,18,152
257,20,214
257,21,162
257,23,205
257,24,163
257,26,256
257,27,164
257,28,222
257,30,207
257,31,279
257,33,198
257,34,310
257,36,242
257,37,343
257,38,214
257,40,282
257,41,223
257,43,324
257,44,285
257,45,347
257,47,253
257,48,367
257,50,263
257,51,388
257,53,319
257,54,408
257,55,328
257,57,382
257,58,282
257,60,393
257,61,295
257,63,389
257,64,338
257,65,409
257,67,352
257,68,407
257,70,339
257,71,394
257,72,370
257,74,416
257,75,360
257,77,441
257,78,402
257,80,477
257,81,357
257,82,426
257,84,369
257,85,406
257,87,395
257,88,483
257,89,427
257,91,476
257,92,344
257,94,441
257,95,409
257,97,461
257,98,377
257,99,412
257,101,464
257,102,451
257,104,380
257,105,440
257,107,442
257,108,445
257,109,360
257,111,454
257,112,519
257,114,484
257,115,446
257,116,476
257,118,524
257,119,475
257,121,397
257,122,524
257,124,542
257,125,542
257,126,402
257,128,470
257,129,520
257,131,513
257,132,471
257,134,520
257,135,634
257,136,530
257,138,429
257,139,504
257,141,550
257,142,578
257,143,459
257,145,521
257,146,585
257,148,589
257,149,393
257,151,472
257,152,603
257,153,616
257,155,412
257,156,553
257,158,616
257,159,636
257,161,433
257,162,557
257,163,594
257,165,621
257,166,509
257,168,597
257,169,626
257,170,707
257,172,461
257,173,616
257,175,595
257,176,738
257,178,484
257,179,673
257,180,622
257,182,756
257,183,480
257,185,616
257,186,624
257,188,744
257,189,477
257,190,739
257,192,654
257,193,790
257,195,465
257,196,707
257,197,642
257,199,805
257,200,480
257,202,779
257,203,671
257,205,845
257,206,524
257,207,747
257,209,611
257,210,860
257,212,521
257,213,768
257,214,631
257,216,862
257,217,549
257,219,838
257,220,655
257,222,967
257,223,545
257,224,858
257,226,681
257,227,958
257,229,557
257,230,827
257,232,696
257,233,976
257,234,554
257,236,871
257,237,744
257,239,1045
257,240,560
257,241,863
257,243,704
257,244,933
257,246,575
257,247,914
257,249,704
257,250,1068
257,251,619
257,253,920
257,254,691
257,256,926
257,257,587
257,259,933
257,260,724
257,261,1043
257,263,594
257,264,930
257,266,706
257,267,986
257,268,588
257,270,938
257,271,713
257,273,1043
257,274,654
257,276,947
257,277,689
257,278,972
257,280,620
257,281,1007
257,283,746
257,284,965
257,286,651
257,287,886
257,288,691
257,290,942
257,291,649
257,293,969
257,294,776
257,295,997
257,297,625
257,298,907
257,300,672
257,301,980
257,303,650
257,304,916
257,305,733
257,307,887
257,308,673
257,310,882
257,311,630
257,313,767
257,314,735
257,315,844
257,317,651
257,318,814
257,320,657
257,321,806
257,322,622
257,324,757
257,325,646
257,327,766
257,328,615
257,330,690
257,331,573
257,332,719
257,334,555
257,335,654
257,337,625
257,338,655
257,339,503
257,341,565
257,342,559
257,344,588
257,345,487
257,347,454
257,348,448
257,349,465
257,351,384
257,352,441
257,354,366
257,355,411
257,357,376
257,358,345
257,359,298
257,361,306
257,362,212
257,364,292
257,365,125
257,366,206
257,367,422
259,10,160
259,11,154
259,13,166
259,14,221
259,16,199
259,17,208
259,18,213
259,20,237
259,21,219
259,23,236
259,24,262
259,26,285
259,27,320
259,28,297
259,30,326
259,31,329
259,33,343
259,34,363
259,36,329
259,37,386
259,38,372
259,40,387
259,41,370
259,43,409
259,44,383
259,45,466
259,47,411
259,48,492
259,50,442
259,51,468
259,53,471
259,54,508
259,55,467
259,57,539
259,58,466
259,60,466
259,61,502
259,63,531
259,64,486
259,65,518
259,67,572
259,68,573
259,70,526
259,71,569
259,72,618
259,74,645
259,75,520
259,77,609
259,78,672
259,80,627
259,81,559
259,82,564
259,84,654
259,85,608
259,87,580
259,88,655
259,89,694
259,91,660
259,92,611
259,94,699
259,95,668
259,97,660
259,98,621
259,99,653
259,101,765
259,102,686
259,104,591
259,105,641
259,107,765
259,108,665
259,109,635
259,111,739
259,112,844
259,114,747
259,115,697
259,116,721
259,118,879
259,119,743
259,121,685
259,122,754
259,124,876
259,125,723
259,126,727
259,128,726
259,129,971
259,131,682
259,132,694
259,134,840
259,135,989
259,136,792
259,138,676
259,139,856
259,141,1013
259,142,766
259,143,698
259,145,837
259,146,1062
259,148,781
259,149,729
259,151,818
259,152,1080
259,153,759
259,155,714
259,156,910
259,158,1071
259,159,789
259,161,739
259,162,809
259,163,1024
259,165,834
259,166,764
259,168,900
259,169,1117
259,170,864
259,172,719
259,173,817
259,175,1124
259,176,862
259,178,781
259,179,921
259,180,1067
259,182,932
259,183,716
259,185,860
259,186,1123
259,188,918
259,189,802
259,190,962
259,192,1097
259,193,1002
259,195,768
259,196,855
259,197,1175
259,199,988
259,200,845
259,202,926
259,203,1191
259,205,987
259,206,842
259,207,934
259,209,1182
259,210,1061
259,212,867
259,213,1006
259,214,1121
259,216,1086
259,217,870
259,219,879
259,220,1167
259,222,1108
259,223,921
259,224,987
259,226,1171
259,227,1131
259,229,936
259,230,907
259,232,1145
259,233,1116
259,234,907
259,236,1036
259,237,1101
259,239,1159
259,240,885
259,241,968
259,243,1122
259,244,1187
259,246,913
259,247,955
259,249,1171
259,250,1326
259,251,887
259,253,920
259,254,1078
259,256,1214
259,257,898
259,259,1092
259,260,1113
259,261,1271
259,263,864
259,264,1041
259,266,1023
259,267,1263
259,268,934
259,270,1066
259,271,1085
259,273,1265
259,274,911
259,276,1009
259,277,1070
259,278,1298
259,280,908
259,281,1124
259,283,1095
259,284,1288
259,286,886
259,287,1007
259,288,996
259,290,1303
259,291,911
259,293,1135
259,294,998
259,295,1353
259,297,860
259,298,1048
259,300,996
259,301,1338
259,303,825
259,304,1128
259,305,962
259,307,1267
259,308,808
259,310,1043
259,311,895
259,313,1270
259,314,836
259,315,1119
259,317,835
259,318,1309
259,320,781
259,321,1050
259,322,833
259,324,1149
259,325,775
259,327,1034
259,328,775
259,330,1096
259,331,743
259,332,963
259,334,691
259,335,1109
259,337,677
259,338,944
259,339,615
259,341,1012
259,342,600
259,344,843
259,345,580
259,347,860
259,348,515
259,349,760
259,351,471
259,352,774
259,354,405
259,355,688
259,357,394
259,358,552
259,359,319
259,361,486
259,362,255
259,364,416
259,365,126
259,366,258
259,367,409
260,10,80
260,11,106
260,13,106
260,14,157
260,16,103
260,17,159
260,18,111
260,20,149
260,21,108
260,23,182
260,24,162
260,26,214
260,27,119
260,28,230
260,30,185
260,31,239
260,33,162
260,34,273
260,36,204
260,37,272
260,38,166
260,40,318
260,41,234
260,43,259
260,44,170
260,45,338
260,47,274
260,48,355
260,50,250
260,51,385
260,53,257
260,54,315
260,55,215
260,57,408
260,58,289
260,60,370
260,61,257
260,63,415
260,64,327
260,65,380
260,67,261
260,68,443
260,70,338
260,71,418
260,72,303
260,74,496
260,75,331
260,77,416
260,78,293
260,80,462
260,81,372
260,82,398
260,84,312
260,85,441
260,87,358
260,88,423
260,89,341
260,91,504
260,92,368
260,94,404
260,95,365
260,97,515
260,98,360
260,99,388
260,101,370
260,102,487
260,104,357
260,105,389
260,107,397
260,108,526
260,109,362
260,111,424
260,112,416
260,114,516
260,115,355
260,116,493
260,118,441
260,119,586
260,121,367
260,122,472
260,124,456
260,125,546
260,126,378
260,128,498
260,129,458
260,131,552
260,132,387
260,134,536
260,135,470
260,136,590
260,138,392
260,139,525
260,141,440
260,142,569
260,143,378
260,145,553
260,146,481
260,148,587
260,149,364
260,151,544
260,152,474
260,153,614
260,155,421
260,156,615
260,158,457
260,159,606
260,161,383
260,162,586
260,163,547
260,165,616
260,166,429
260,168,636
260,169,536
260,170,625
260,172,378
260,173,635
260,175,558
260,176,653
260,178,403
260,179,703
260,180,568
260,182,672
260,183,395
260,185,703
260,186,615
260,188,762
260,189,399
260,190,817
260,192,611
260,193,743
260,195,413
260,196,753
260,197,562
260,199,764
260,200,438
260,202,810
260,203,636
260,205,840
260,206,407
260,207,794
260,209,638
260,210,854
260,212,467
260,213,901
260,214,660
260,216,820
260,217,455
260,219,883
260,220,631
260,222,908
260,223,495
260,224,923
260,226,647
260,227,1002
260,229,538
260,230,859
260,232,651
260,233,981
260,234,542
260,236,964
260,237,655
260,239,999
260,240,584
260,241,970
260,243,695
260,244,1006
260,246,612
260,247,1007
260,249,733
260,250,1091
260,251,556
260,253,977
260,254,730
260,256,1089
260,257,648
260,259,1021
260,260,699
260,261,1103
260,263,652
260,264,1002
260,266,714
260,267,1096
260,268,678
260,270,1012
260,271,746
260,273,1216
260,274,731
260,276,1013
260,277,742
260,278,1144
260,280,775
260,281,1010
260,283,748
260,284,1205
260,286,760
260,287,950
260,288,812
260,290,1137
260,291,799
260,293,1021
260,294,723
260,295,1188
260,297,808
260,298,974
260,300,780
260,301,1112
260,303,716
260,304,964
260,305,698
260,307,1034
260,308,724
260,310,977
260,311,722
260,313,980
260,314,803
260,315,874
260,317,715
260,318,983
260,320,739
260,321,877
260,322,752
260,324,863
260,325,669
260,327,848
260,328,641
260,330,833
260,331,628
260,332,728
260,334,641
260,335,785
260,337,620
260,338,658
260,339,564
260,341,718
260,342,513
260,344,628
260,345,575
260,347,631
260,348,448
260,349,503
260,351,392
260,352,552
260,354,394
260,355,466
260,357,415
260,358,446
260,359,255
260,361,347
260,362,260
260,364,303
260,365,115
260,366,255
260,367,587
261,10,171
261,11,188
261,13,203
261,14,252
261,16,230
261,17,212
261,18,231
261,20,290
261,21,288
261,23,308
261,24,326
261,26,361
261,27,342
261,28,327
261,30,352
261,31,382
261,33,395
261,34,405
261,36,425
261,37,444
261,38,445
261,40,402
261,41,461
261,43,492
261,44,478
261,45,533
261,47,496
261,48,597
261,50,533
261,51,507
261,53,537
261,54,557
261,55,537
261,57,562
261,58,588
261,60,598
261,61,574
261,63,561
261,64,630
261,65,609
261,67,573
261,68,601
261,70,649
261,71,628
261,72,620
261,74,590
261,75,721
261,77,654
261,78,583
261,80,689
261,81,714
261,82,638
261,84,694
261,85,624
261,87,718
261,88,682
261,89,668
261,91,726
261,92,741
261,94,691
261,95,712
261,97,658
261,98,721
261,99,658
261,101,688
261,102,716
261,104,704
261,105,688
261,107,747
261,108,739
261,109,694
261,111,711
261,112,751
261,114,774
261,115,659
261,116,726
261,118,849
261,119,811
261,121,690
261,122,819
261,124,834
261,125,769
261,126,675
261,128,785
261,129,908
261,131,794
261,132,742
261,134,818
261,135,895
261,136,826
261,138,700
261,139,826
261,141,950
261,142,855
261,143,766
261,145,865
261,146,1016
261,148,815
261,149,696
261,151,801
261,152,1062
261,153,878
261,155,653
261,156,961
261,158,995
261,159,910
261,161,672
261,162,956
261,163,1078
261,165,939
261,166,764
261,168,1008
261,169,1022
261,170,834
261,172,751
261,173,999
261,175,1140
261,176,937
261,178,740
261,179,954
261,180,1086
261,182,948
261,183,718
261,185,958
261,186,1156
261,188,950
261,189,758
261,190,1029
261,192,1070
261,193,941
261,195,729
261,196,984
261,197,1149
261,199,958
261,200,810
261,202,1046
261,203,1140
261,205,1032
261,206,746
261,207,989
261,209,1161
261,210,1050
261,212,818
261,213,1145
261,214,1152
261,216,1015
261,217,790
261,219,1055
261,220,1246
261,222,1065
261,223,841
261,224,1097
261,226,1192
261,227,1089
261,229,827
261,230,1111
261,232,1201
261,233,1093
261,234,893
261,236,1232
261,237,1212
261,239,1147
261,240,846
261,241,1140
261,243,1218
261,244,1195
261,246,927
261,247,1302
261,249,1266
261,250,1188
261,251,868
261,253,1163
261,254,1226
261,256,1291
261,257,917
261,259,1248
261,260,1259
261,261,1306
261,263,867
261,264,1297
261,266,1282
261,267,1342
261,268,921
261,270,1330
261,271,1275
261,273,1435
261,274,834
261,276,1306
261,277,1260
261,278,1352
261,280,982
261,281,1429
261,283,1312
261,284,1477
261,286,837
261,287,1360
261,288,1267
261,290,1460
261,291,950
261,293,1427
261,294,1283
261,295,1547
261,297,897
261,298,1366
261,300,1257
261,301,1481
261,303,878
261,304,1409
261,305,1320
261,307,1555
261,308,844
261,310,1394
261,311,1175
261,313,1510
261,314,860
261,315,1455
261,317,1156
261,318,1518
261,320,831
261,321,1295
261,322,1192
261,324,1445
261,325,795
261,327,1421
261,328,1019
261,330,1455
261,331,732
261,332,1203
261,334,1007
261,335,1335
261,337,694
261,338,1223
261,339,878
261,341,1265
261,342,614
261,344,1064
261,345,787
261,347,1055
261,348,518
261,349,999
261,351,676
261,352,962
261,354,385
261,355,760
261,357,589
261,358,838
261,359,350
261,361,696
261,362,419
261,364,726
261,365,165
261,366,441
261,367,767
263,10,58
263,11,111
263,13,84
263,14,125
263,16,71
263,17,116
263,18,80
263,20,125
263,21,77
263,23,172
263,24,109
263,26,196
263,27,119
263,28,199
263,30,164
263,31,204
263,33,130
263,34,231
263,36,183
263,37,245
263,38,195
263,40,260
263,41,205
263,43,250
263,44,171
263,45,307
263,47,220
263,48,278
263,50,217
263,51,340
263,53,252
263,54,315
263,55,222
263,57,322
263,58,268
263,60,341
263,61,263
263,63,298
263,64,276
263,65,390
263,67,273
263,68,364
263,70,293
263,71,340
263,72,347
263,74,400
263,75,323
263,77,328
263,78,308
263,80,352
263,81,314
263,82,376
263,84,382
263,85,395
263,87,349
263,88,370
263,89,382
263,91,408
263,92,359
263,94,390
263,95,406
263,97,370
263,98,371
263,99,380
263,101,378
263,102,357
263,104,333
263,105,386
263,107,418
263,108,429
263,109,376
263,111,415
263,112,441
263,114,415
263,115,353
263,116,421
263,118,492
263,119,470
263,121,350
263,122,412
263,124,478
263,125,432
263,126,375
263,128,437
263,129,489
263,131,470
263,132,398
263,134,468
263,135,540
263,136,496
263,138,400
263,139,396
263,141,539
263,142,526
263,143,415
263,145,478
263,146,554
263,148,501
263,149,373
263,151,450
263,152,545
263,153,598
263,155,459
263,156,527
263,158,518
263,159,585
263,161,408
263,162,501
263,163,642
263,165,666
263,166,418
263,168,600
263,169,555
263,170,577
263,172,413
263,173,569
263,175,569
263,176,682
263,178,468
263,179,607
263,180,570
263,182,667
263,183,454
263,185,621
263,186,549
263,188,725
263,189,480
263,190,642
263,192,619
263,193,745
263,195,452
263,196,687
263,197,606
263,199,811
263,200,472
263,202,740
263,203,607
263,205,764
263,206,438
263,207,746
263,209,574
263,210,904
263,212,542
263,213,807
263,214,576
263,216,816
263,217,463
263,219,737
263,220,615
263,222,887
263,223,558
263,224,884
263,226,576
263,227,880
263,229,485
263,230,861
263,232,590
263,233,907
263,234,558
263,236,870
263,237,673
263,239,881
263,240,527
263,241,848
263,243,657
263,244,973
263,246,578
263,247,824
263,249,671
263,250,971
263,251,524
263,253,872
263,254,657
263,256,1013
263,257,591
263,259,896
263,260,657
263,261,982
263,263,609
263,264,906
263,266,678
263,267,1009
263,268,642
263,270,917
263,271,642
263,273,1061
263,274,577
263,276,883
263,277,708
263,278,895
263,280,618
263,281,901
263,283,662
263,284,936
263,286,612
263,287,877
263,288,660
263,290,957
263,291,618
263,293,963
263,294,658
263,295,929
263,297,587
263,298,815
263,300,622
263,301,873
263,303,653
263,304,798
263,305,692
263,307,762
263,308,611
263,310,810
263,311,677
263,313,812
263,314,633
263,315,839
263,317,642
263,318,771
263,320,615
263,321,751
263,322,584
263,324,692
263,325,614
263,327,751
263,328,547
263,330,672
263,331,511
263,332,632
263,334,504
263,335,571
263,337,559
263,338,638
263,339,441
263,341,508
263,342,427
263,344,491
263,345,428
263,347,456
263,348,391
263,349,455
263,351,337
263,352,374
263,354,269
263,355,347
263,357,287
263,358,316
263,359,230
263,361,266
263,362,190
263,364,271
263,365,105
263,366,178
263,367,362
264,10,93
264,11,99
264,13,141
264,14,158
264,16,160
264,17,176
264,18,154
264,20,176
264,21,187
264,23,189
264,24,205
264,26,261
264,27,224
264,28,280
264,30,245
264,31,261
264,33,248
264,34,276
264,36,269
264,37,320
264,38,270
264,40,330
264,41,300
264,43,350
264,44,289
264,45,352
264,47,332
264,48,377
264,50,387
264,51,472
264,53,358
264,54,439
264,55,378
264,57,427
264,58,368
264,60,442
264,61,441
264,63,475
264,64,447
264,65,446
264,67,447
264,68,502
264,70,460
264,71,503
264,72,514
264,74,510
264,75,478
264,77,515
264,78,509
264,80,553
264,81,479
264,82,564
264,84,543
264,85,558
264,87,469
264,88,495
264,89,596
264,91,538
264,92,538
264,94,626
264,95,677
264,97,616
264,98,537
264,99,587
264,101,652
264,102,626
264,104,550
264,105,600
264,107,673
264,108,636
264,109,542
264,111,641
264,112,748
264,114,638
264,115,583
264,116,645
264,118,794
264,119,676
264,121,609
264,122,687
264,124,803
264,125,619
264,126,534
264,128,709
264,129,885
264,131,712
264,132,611
264,134,710
264,135,808
264,136,654
264,138,559
264,139,701
264,141,884
264,142,705
264,143,658
264,145,777
264,146,914
264,148,710
264,149,632
264,151,729
264,152,933
264,153,714
264,155,665
264,156,823
264,158,1011
264,159,755
264,161,635
264,162,761
264,163,994
264,165,826
264,166,669
264,168,837
264,169,979
264,170,773
264,172,639
264,173,798
264,175,1008
264,176,786
264,178,688
264,179,849
264,180,998
264,182,846
264,183,667
264,185,887
264,186,1031
264,188,885
264,189,731
264,190,873
264,192,1031
264,193,865
264,195,693
264,196,817
264,197,1042
264,199,916
264,200,806
264,202,875
264,203,1052
264,205,918
264,206,766
264,207,830
264,209,1072
264,210,930
264,212,779
264,213,868
264,214,1060
264,216,1023
264,217,741
264,219,871
264,220,1101
264,222,1090
264,223,801
264,224,916
264,226,1081
264,227,1093
264,229,764
264,230,882
264,232,1060
264,233,1167
264,234,788
264,236,950
264,237,1036
264,239,1143
264,240,807
264,241,925
264,243,1130
264,244,1171
264,246,843
264,247,934
264,249,1090
264,250,1174
264,251,848
264,253,1006
264,254,1056
264,256,1202
264,257,820
264,259,999
264,260,1058
264,261,1262
264,263,845
264,264,942
264,266,1053
264,267,1237
264,268,885
264,270,1027
264,271,1096
264,273,1326
264,274,856
264,276,1060
264,277,931
264,278,1317
264,280,874
264,281,1069
264,283,1047
264,284,1357
264,286,941
264,287,1034
264,288,995
264,290,1322
264,291,897
264,293,1080
264,294,977
264,295,1316
264,297,837
264,298,1035
264,300,949
264,301,1296
264,303,881
264,304,1045
264,305,871
264,307,1362
264,308,775
264,310,1050
264,311,878
264,313,1245
264,314,826
264,315,1023
264,317,841
264,318,1167
264,320,799
264,321,1059
264,322,823
264,324,1087
264,325,764
264,327,957
264,328,707
264,330,1101
264,331,638
264,332,921
264,334,656
264,335,1032
264,337,599
264,338,823
264,339,610
264,341,940
264,342,551
264,344,714
264,345,542
264,347,727
264,348,465
264,349,713
264,351,443
264,352,714
264,354,393
264,355,586
264,357,353
264,358,492
264,359,259
264,361,424
264,362,219
264,364,403
264,365,131
264,366,266
264,367,304
266,10,41
266,11,67
266,13,69
266,14,126
266,16,58
266,17,124
266,18,88
266,20,113
266,21,63
266,23,134
266,24,115
266,26,147
266,27,105
266,28,191
266,30,153
266,31,176
266,33,106
266,34,218
266,36,184
266,37,233
266,38,133
266,40,239
266,41,203
266,43,234
266,44,127
266,45,269
266,47,212
266,48,249
266,50,194
266,51,308
266,53,226
266,54,258
266,55,184
266,57,312
266,58,245
266,60,278
266,61,203
266,63,364
266,64,240
266,65,336
266,67,219
266,68,349
266,70,271
266,71,347
266,72,261
266,74,441
266,75,320
266,77,360
266,78,257
266,80,374
266,81,280
266,82,344
266,84,278
266,85,431
266,87,303
266,88,333
266,89,254
266,91,414
266,92,331
266,94,358
266,95,338
266,97,470
266,98,333
266,99,391
266,101,348
266,102,420
266,104,331
266,105,384
266,107,364
266,108,508
266,109,316
266,111,455
266,112,379
266,114,444
266,115,331
266,116,412
266,118,422
266,119,509
266,121,337
266,122,417
266,124,362
266,125,491
266,126,325
266,128,430
266,129,406
266,131,491
266,132,308
266,134,485
266,135,383
266,136,492
266,138,313
266,139,467
266,141,461
266,142,507
266,143,359
266,145,467
266,146,447
266,148,521
266,149,340
266,151,504
266,152,434
266,153,568
266,155,357
266,156,543
266,158,448
266,159,583
266,161,357
266,162,549
266,163,511
266,165,603
266,166,342
266,168,594
266,169,521
266,170,571
266,172,368
266,173,575
266,175,489
266,176,595
266,178,364
266,179,670
266,180,490
266,182,649
266,183,362
266,185,673
266,186,518
266,188,664
266,189,389
266,190,710
266,192,553
266,193,733
266,195,430
266,196,666
266,197,557
266,199,698
266,200,421
266,202,750
266,203,569
266,205,755
266,206,381
266,207,732
266,209,579
266,210,807
266,212,460
266,213,850
266,214,574
266,216,904
266,217,433
266,219,842
266,220,564
266,222,864
266,223,491
266,224,855
266,226,660
266,227,919
266,229,432
266,230,778
266,232,654
266,233,970
266,234,526
266,236,882
266,237,625
266,239,981
266,240,494
266,241,907
266,243,645
266,244,1032
266,246,617
266,247,935
266,249,655
266,250,1081
266,251,583
266,253,939
266,254,671
266,256,1091
266,257,603
266,259,993
266,260,698
266,261,1109
266,263,617
266,264,951
266,266,721
266,267,1196
266,268,718
266,270,1045
266,271,731
266,273,1203
266,274,725
266,276,1000
266,277,723
266,278,1207
266,280,783
266,281,998
266,283,801
266,284,1116
266,286,697
266,287,933
266,288,743
266,290,1183
266,291,828
266,293,1040
266,294,790
266,295,1116
266,297,776
266,298,956
266,300,737
266,301,1090
266,303,798
266,304,953
266,305,754
266,307,1099
266,308,711
266,310,891
266,311,696
266,313,921
266,314,763
266,315,875
266,317,707
266,318,1018
266,320,731
266,321,808
266,322,682
266,324,850
266,325,640
266,327,687
266,328,632
266,330,795
266,331,565
266,332,683
266,334,631
266,335,709
266,337,574
266,338,649
266,339,586
266,341,664
266,342,449
266,344,541
266,345,510
266,347,588
266,348,422
266,349,477
266,351,437
266,352,540
266,354,315
266,355,380
266,357,345
266,358,389
266,359,207
266,361,288
266,362,216
266,364,281
266,365,125
266,366,181
266,367,437
267,10,162
267,11,126
267,13,144
267,14,171
267,16,202
267,17,156
267,18,167
267,20,188
267,21,198
267,23,224
267,24,237
267,26,272
267,27,263
267,28,331
267,30,287
267,31,292
267,33,316
267,34,312
267,36,348
267,37,395
267,38,313
267,40,415
267,41,390
267,43,394
267,44,395
267,45,408
267,47,424
267,48,468
267,50,437
267,51,447
267,53,469
267,54,410
267,55,452
267,57,498
267,58,484
267,60,519
267,61,505
267,63,500
267,64,551
267,65,519
267,67,496
267,68,557
267,70,554
267,71,561
267,72,535
267,74,556
267,75,576
267,77,564
267,78,569
267,80,601
267,81,631
267,82,575
267,84,600
267,85,581
267,87,612
267,88,600
267,89,637
267,91,548
267,92,629
267,94,616
267,95,652
267,97,638
267,98,636
267,99,631
267,101,658
267,102,618
267,104,645
267,105,593
267,107,756
267,108,696
267,109,662
267,111,690
267,112,759
267,114,698
267,115,608
267,116,705
267,118,792
267,119,687
267,121,640
267,122,722
267,124,861
267,125,743
267,126,665
267,128,722
267,129,777
267,131,737
267,132,667
267,134,731
267,135,897
267,136,708
267,138,629
267,139,745
267,141,901
267,142,751
267,143,682
267,145,811
267,146,926
267,148,807
267,149,636
267,151,753
267,152,900
267,153,818
267,155,678
267,156,856
267,158,1026
267,159,840
267,161,644
267,162,838
267,163,982
267,165,847
267,166,775
267,168,888
267,169,1028
267,170,846
267,172,622
267,173,874
267,175,1033
267,176,895
267,178,698
267,179,931
267,180,1077
267,182,925
267,183,687
267,185,918
267,186,1087
267,188,892
267,189,783
267,190,1010
267,192,1201
267,193,974
267,195,712
267,196,959
267,197,1022
267,199,949
267,200,732
267,202,967
267,203,1179
267,205,964
267,206,758
267,207,975
267,209,1173
267,210,999
267,212,814
267,213,996
267,214,1231
267,216,1083
267,217,764
267,219,1090
267,220,1140
267,222,1050
267,223,832
267,224,1126
267,226,1243
267,227,1063
267,229,793
267,230,1090
267,232,1190
267,233,1146
267,234,875
267,236,1180
267,237,1317
267,239,1186
267,240,880
267,241,1135
267,243,1176
267,244,1136
267,246,869
267,247,1212
267,249,1325
267,250,1266
267,251,851
267,253,1095
267,254,1228
267,256,1141
267,257,918
267,259,1287
267,260,1375
267,261,1285
267,263,871
267,264,1287
267,266,1197
267,267,1303
267,268,920
267,270,1342
267,271,1423
267,273,1345
267,274,877
267,276,1286
267,277,1234
267,278,1394
267,280,944
267,281,1354
267,283,1375
267,284,1403
267,286,879
267,287,1179
267,288,1184
267,290,1387
267,291,925
267,293,1398
267,294,1380
267,295,1583
267,297,872
267,298,1366
267,300,1208
267,301,1499
267,303,847
267,304,1388
267,305,1306
267,307,1469
267,308,785
267,310,1335
267,311,1058
267,313,1459
267,314,802
267,315,1371
267,317,1150
267,318,1493
267,320,781
267,321,1244
267,322,951
267,324,1379
267,325,755
267,327,1231
267,328,999
267,330,1247
267,331,683
267,332,1042
267,334,839
267,335,1183
267,337,595
267,338,1100
267,339,826
267,341,1093
267,342,495
267,344,853
267,345,690
267,347,932
267,348,437
267,349,815
267,351,577
267,352,805
267,354,350
267,355,639
267,357,434
267,358,658
267,359,265
267,361,527
267,362,282
267,364,510
267,365,134
267,366,278
267,367,435
268,10,42
268,11,79
268,13,67
268,14,96
268,16,79
268,17,115
268,18,69
268,20,110
268,21,80
268,23,168
268,24,99
268,26,141
268,27,93
268,28,190
268,30,134
268,31,205
268,33,151
268,34,218
268,36,151
268,37,230
268,38,153
268,40,223
268,41,178
268,43,267
268,44,209
268,45,277
268,47,195
268,48,266
268,50,201
268,51,266
268,53,230
268,54,294
268,55,236
268,57,333
268,58,254
268,60,304
268,61,239
268,63,309
268,64,285
268,65,318
268,67,284
268,68,360
268,70,288
268,71,369
268,72,321
268,74,409
268,75,292
268,77,327
268,78,337
268,80,395
268,81,324
268,82,362
268,84,354
268,85,379
268,87,339
268,88,407
268,89,403
268,91,438
268,92,342
268,94,347
268,95,400
268,97,444
268,98,365
268,99,391
268,101,436
268,102,409
268,104,357
268,105,373
268,107,452
268,108,374
268,109,383
268,111,417
268,112,476
268,114,464
268,115,390
268,116,377
268,118,492
268,119,439
268,121,391
268,122,411
268,124,545
268,125,452
268,126,374
268,128,396
268,129,545
268,131,449
268,132,404
268,134,466
268,135,542
268,136,521
268,138,362
268,139,441
268,141,614
268,142,492
268,143,419
268,145,500
268,146,566
268,148,562
268,149,381
268,151,464
268,152,556
268,153,543
268,155,431
268,156,513
268,158,582
268,159,597
268,161,394
268,162,528
268,163,545
268,165,579
268,166,480
268,168,548
268,169,623
268,170,607
268,172,423
268,173,540
268,175,528
268,176,643
268,178,465
268,179,613
268,180,627
268,182,685
268,183,420
268,185,605
268,186,570
268,188,737
268,189,451
268,190,670
268,192,599
268,193,764
268,195,437
268,196,660
268,197,547
268,199,708
268,200,480
268,202,769
268,203,630
268,205,846
268,206,473
268,207,694
268,209,614
268,210,831
268,212,471
268,213,812
268,214,667
268,216,821
268,217,533
268,219,776
268,220,594
268,222,841
268,223,504
268,224,856
268,226,681
268,227,934
268,229,542
268,230,816
268,232,632
268,233,936
268,234,548
268,236,828
268,237,666
268,239,924
268,240,567
268,241,861
268,243,635
268,244,909
268,246,570
268,247,884
268,249,634
268,250,978
268,251,561
268,253,913
268,254,725
268,256,967
268,257,592
268,259,884
268,260,670
268,261,940
268,263,613
268,264,870
268,266,652
268,267,933
268,268,602
268,270,1001
268,271,709
268,273,1017
268,274,591
268,276,918
268,277,697
268,278,926
268,280,683
268,281,964
268,283,678
268,284,942
268,286,661
268,287,819
268,288,670
268,290,896
268,291,621
268,293,889
268,294,667
268,295,908
268,297,586
268,298,886
268,300,633
268,301,816
268,303,590
268,304,830
268,305,615
268,307,780
268,308,593
268,310,744
268,311,625
268,313,785
268,314,591
268,315,757
268,317,589
268,318,758
268,320,521
268,321,725
268,322,540
268,324,671
268,325,521
268,327,635
268,328,475
268,330,571
268,331,461
268,332,635
268,334,435
268,335,525
268,337,451
268,338,516
268,339,420
268,341,502
268,342,410
268,344,454
268,345,352
268,347,358
268,348,329
268,349,383
268,351,322
268,352,338
268,354,274
268,355,306
268,357,274
268,358,282
268,359,206
268,361,220
268,362,179
268,364,208
268,365,91
268,366,157
268,367,274
270,10,94
270,11,77
270,13,95
270,14,122
270,16,131
270,17,117
270,18,139
270,20,146
270,21,163
270,23,173
270,24,161
270,26,194
270,27,187
270,28,211
270,30,197
270,31,276
270,33,234
270,34,238
270,36,261
270,37,291
270,38,254
270,40,277
270,41,296
270,43,319
270,44,352
270,45,300
270,47,370
270,48,336
270,50,389
270,51,391
270,53,354
270,54,397
270,55,406
270,57,442
270,58,392
270,60,414
270,61,413
270,63,479
270,64,452
270,65,449
270,67,460
270,68,506
270,70,501
270,71,438
270,72,493
270,74,550
270,75,479
270,77,553
270,78,582
270,80,544
270,81,487
270,82,499
270,84,556
270,85,543
270,87,530
270,88,628
270,89,605
270,91,590
270,92,575
270,94,572
270,95,716
270,97,600
270,98,604
270,99,621
270,101,655
270,102,599
270,104,568
270,105,594
270,107,728
270,108,592
270,109,601
270,111,719
270,112,763
270,114,651
270,115,603
270,116,630
270,118,778
270,119,677
270,121,645
270,122,717
270,124,801
270,125,717
270,126,610
270,128,733
270,129,856
270,131,664
270,132,651
270,134,803
270,135,969
270,136,718
270,138,587
270,139,711
270,141,917
270,142,698
270,143,637
270,145,795
270,146,1003
270,148,778
270,149,632
270,151,678
270,152,985
270,153,769
270,155,702
270,156,897
270,158,990
270,159,750
270,161,672
270,162,777
270,163,1044
270,165,746
270,166,693
270,168,847
270,169,1039
270,170,810
270,172,737
270,173,737
270,175,1048
270,176,782
270,178,765
270,179,947
270,180,1049
270,182,905
270,183,718
270,185,832
270,186,1018
270,188,835
270,189,712
270,190,845
270,192,1109
270,193,928
270,195,752
270,196,830
270,197,1073
270,199,941
270,200,786
270,202,940
270,203,1139
270,205,984
270,206,745
270,207,829
270,209,1111
270,210,972
270,212,797
270,213,960
270,214,1119
270,216,1008
270,217,803
270,219,878
270,220,1109
270,222,998
270,223,785
270,224,930
270,226,1121
270,227,1063
270,229,766
270,230,889
270,232,1015
270,233,1144
270,234,856
270,236,956
270,237,1125
270,239,1214
270,240,886
270,241,959
270,243,1083
270,244,1093
270,246,917
270,247,1050
270,249,1074
270,250,1256
270,251,848
270,253,960
270,254,1092
270,256,1211
270,257,893
270,259,1047
270,260,1105
270,261,1194
270,263,831
270,264,952
270,266,1020
270,267,1241
270,268,906
270,270,1103
270,271,1095
270,273,1405
270,274,910
270,276,1036
270,277,926
270,278,1304
270,280,866
270,281,1031
270,283,1120
270,284,1271
270,286,888
270,287,1009
270,288,964
270,290,1281
270,291,779
270,293,1072
270,294,980
270,295,1370
270,297,851
270,298,1044
270,300,953
270,301,1302
270,303,785
270,304,1071
270,305,878
270,307,1190
270,308,782
270,310,1002
270,311,826
270,313,1179
270,314,746
270,315,1105
270,317,831
270,318,1187
270,320,761
270,321,1007
270,322,760
270,324,1076
270,325,606
270,327,956
270,328,644
270,330,986
270,331,542
270,332,823
270,334,601
270,335,879
270,337,549
270,338,788
270,339,590
270,341,878
270,342,517
270,344,684
270,345,494
270,347,675
270,348,389
270,349,637
270,351,414
270,352,613
270,354,301
270,355,490
270,357,296
270,358,468
270,359,245
270,361,353
270,362,202
270,364,301
270,365,81
270,366,186
270,367,252
271,10,42
271,11,47
271,13,56
271,14,80
271,16,59
271,17,80
271,18,68
271,20,105
271,21,65
271,23,95
271,24,92
271,26,122
271,27,96
271,28,130
271,30,115
271,31,158
271,33,98
271,34,187
271,36,165
271,37,174
271,38,150
271,40,187
271,41,181
271,43,223
271,44,158
271,45,277
271,47,211
271,48,233
271,50,200
271,51,278
271,53,199
271,54,265
271,55,207
271,57,319
271,58,239
271,60,270
271,61,220
271,63,338
271,64,277
271,65,282
271,67,221
271,68,344
271,70,287
271,71,321
271,72,275
271,74,361
271,75,283
271,77,332
271,78,301
271,80,360
271,81,294
271,82,382
271,84,329
271,85,432
271,87,333
271,88,367
271,89,329
271,91,424
271,92,292
271,94,398
271,95,370
271,97,428
271,98,345
271,99,403
271,101,357
271,102,438
271,104,360
271,105,377
271,107,363
271,108,445
271,109,376
271,111,390
271,112,379
271,114,474
271,115,318
271,116,430
271,118,399
271,119,496
271,121,354
271,122,439
271,124,401
271,125,497
271,126,349
271,128,420
271,129,455
271,131,472
271,132,354
271,134,508
271,135,413
271,136,489
271,138,359
271,139,496
271,141,442
271,142,527
271,143,385
271,145,478
271,146,445
271,148,533
271,149,369
271,151,494
271,152,451
271,153,533
271,155,375
271,156,574
271,158,494
271,159,554
271,161,361
271,162,534
271,163,481
271,165,588
271,166,369
271,168,570
271,169,520
271,170,575
271,172,315
271,173,612
271,175,557
271,176,648
271,178,388
271,179,658
271,180,521
271,182,609
271,183,369
271,185,635
271,186,560
271,188,655
271,189,385
271,190,726
271,192,539
271,193,698
271,195,385
271,196,714
271,197,562
271,199,716
271,200,395
271,202,743
271,203,589
271,205,758
271,206,458
271,207,727
271,209,597
271,210,775
271,212,454
271,213,795
271,214,597
271,216,870
271,217,447
271,219,819
271,220,588
271,222,864
271,223,430
271,224,857
271,226,634
271,227,875
271,229,490
271,230,815
271,232,667
271,233,966
271,234,527
271,236,899
271,237,717
271,239,1009
271,240,571
271,241,910
271,243,691
271,244,1035
271,246,589
271,247,996
271,249,724
271,250,1043
271,251,548
271,253,832
271,254,727
271,256,1044
271,257,683
271,259,1025
271,260,672
271,261,1104
271,263,583
271,264,1025
271,266,694
271,267,1127
271,268,750
271,270,1033
271,271,782
271,273,1117
271,274,702
271,276,978
271,277,792
271,278,1121
271,280,726
271,281,1018
271,283,740
271,284,1098
271,286,694
271,287,889
271,288,718
271,290,1078
271,291,771
271,293,980
271,294,719
271,295,1091
271,297,681
271,298,937
271,300,684
271,301,1031
271,303,745
271,304,859
271,305,684
271,307,987
271,308,700
271,310,833
271,311,664
271,313,935
271,314,642
271,315,796
271,317,627
271,318,917
271,320,632
271,321,753
271,322,690
271,324,809
271,325,552
271,327,676
271,328,532
271,330,671
271,331,539
271,332,625
271,334,575
271,335,614
271,337,530
271,338,549
271,339,485
271,341,563
271,342,398
271,344,482
271,345,454
271,347,499
271,348,363
271,349,394
271,351,344
271,352,383
271,354,279
271,355,365
271,357,343
271,358,346
271,359,179
271,361,219
271,362,183
271,364,218
271,365,73
271,366,167
271,367,361
273,10,101
273,11,101
273,13,116
273,14,128
273,16,143
273,17,122
273,18,144
273,20,140
273,21,163
273,23,179
273,24,190
273,26,217
273,27,225
273,28,203
273,30,284
273,31,210
273,33,248
273,34,284
273,36,261
273,37,291
273,38,309
273,40,269
273,41,338
273,43,322
273,44,354
273,45,361
273,47,356
273,48,369
273,50,385
273,51,364
273,53,410
273,54,408
273,55,409
273,57,466
273,58,488
273,60,473
273,61,477
273,63,476
273,64,447
273,65,447
273,67,465
273,68,473
273,70,564
273,71,470
273,72,531
273,74,518
273,75,549
273,77,524
273,78,561
273,80,524
273,81,596
273,82,552
273,84,630
273,85,595
273,87,632
273,88,594
273,89,575
273,91,622
273,92,679
273,94,576
273,95,665
273,97,621
273,98,656
273,99,617
273,101,686
273,102,667
273,104,614
273,105,585
273,107,687
273,108,622
273,109,619
273,111,620
273,112,721
273,114,661
273,115,626
273,116,673
273,118,807
273,119,716
273,121,617
273,122,702
273,124,806
273,125,656
273,126,627
273,128,735
273,129,856
273,131,746
273,132,659
273,134,723
273,135,801
273,136,783
273,138,643
273,139,722
273,141,892
273,142,804
273,143,713
273,145,788
273,146,879
273,148,793
273,149,630
273,151,757
273,152,969
273,153,853
273,155,687
273,156,813
273,158,929
273,159,831
273,161,628
273,162,856
273,163,992
273,165,881
273,166,695
273,168,877
273,169,925
273,170,867
273,172,716
273,173,865
273,175,1013
273,176,920
273,178,660
273,179,923
273,180,1021
273,182,895
273,183,663
273,185,870
273,186,995
273,188,925
273,189,728
273,190,1008
273,192,1052
273,193,915
273,195,705
273,196,967
273,197,1044
273,199,951
273,200,757
273,202,1012
273,203,1041
273,205,955
273,206,708
273,207,973
273,209,1130
273,210,1029
273,212,782
273,213,1047
273,214,1167
273,216,1011
273,217,729
273,219,1026
273,220,1198
273,222,1083
273,223,824
273,224,1141
273,226,1185
273,227,1121
273,229,736
273,230,1096
273,232,1187
273,233,1089
273,234,805
273,236,1180
273,237,1229
273,239,1086
273,240,844
273,241,1164
273,243,1238
273,244,1148
273,246,837
273,247,1211
273,249,1249
273,250,1224
273,251,803
273,253,1254
273,254,1255
273,256,1181
273,257,884
273,259,1253
273,260,1287
273,261,1265
273,263,827
273,264,1254
273,266,1251
273,267,1345
273,268,859
273,270,1303
273,271,1309
273,273,1450
273,274,918
273,276,1346
273,277,1213
273,278,1398
273,280,900
273,281,1390
273,283,1312
273,284,1403
273,286,866
273,287,1385
273,288,1264
273,290,1501
273,291,849
273,293,1404
273,294,1297
273,295,1521
273,297,835
273,298,1251
273,300,1187
273,301,1458
273,303,843
273,304,1401
273,305,1245
273,307,1443
273,308,764
273,310,1337
273,311,1071
273,313,1401
273,314,860
273,315,1326
273,317,1029
273,318,1355
273,320,757
273,321,1176
273,322,983
273,324,1317
273,325,653
273,327,1171
273,328,893
273,330,1220
273,331,577
273,332,944
273,334,810
273,335,1085
273,337,535
273,338,1019
273,339,746
273,341,1023
273,342,504
273,344,824
273,345,635
273,347,869
273,348,392
273,349,731
273,351,498
273,352,757
273,354,328
273,355,602
273,357,454
273,358,596
273,359,240
273,361,522
273,362,307
273,364,542
273,365,127
273,366,273
273,367,440
274,10,11
274,11,48
274,13,44
274,14,52
274,16,49
274,17,80
274,18,43
274,20,70
274,21,54
274,23,84
274,24,78
274,26,97
274,27,95
274,28,131
274,30,94
274,31,117
274,33,96
274,34,149
274,36,118
274,37,152
274,38,134
274,40,176
274,41,156
274,43,170
274,44,141
274,45,194
274,47,147
274,48,193
274,50,188
274,51,220
274,53,170
274,54,189
274,55,178
274,57,255
274,58,163
274,60,251
274,61,213
274,63,281
274,64,231
274,65,249
274,67,212
274,68,288
274,70,221
274,71,262
274,72,262
274,74,314
274,75,228
274,77,268
274,78,258
274,80,328
274,81,238
274,82,299
274,84,354
274,85,313
274,87,349
274,88,312
274,89,316
274,91,369
274,92,310
274,94,337
274,95,367
274,97,358
274,98,334
274,99,321
274,101,347
274,102,366
274,104,309
274,105,336
274,107,442
274,108,404
274,109,362
274,111,356
274,112,410
274,114,401
274,115,343
274,116,392
274,118,457
274,119,441
274,121,394
274,122,411
274,124,456
274,125,397
274,126,343
274,128,358
274,129,511
274,131,448
274,132,399
274,134,384
274,135,474
274,136,404
274,138,346
274,139,379
274,141,532
274,142,511
274,143,407
274,145,413
274,146,485
274,148,473
274,149,360
274,151,448
274,152,513
274,153,522
274,155,387
274,156,517
274,158,495
274,159,512
274,161,322
274,162,501
274,163,575
274,165,598
274,166,447
274,168,559
274,169,500
274,170,557
274,172,391
274,173,504
274,175,560
274,176,657
274,178,422
274,179,603
274,180,547
274,182,640
274,183,402
274,185,615
274,186,552
274,188,665
274,189,434
274,190,649
274,192,540
274,193,688
274,195,390
274,196,648
274,197,528
274,199,741
274,200,428
274,202,734
274,203,519
274,205,717
274,206,425
274,207,669
274,209,575
274,210,816
274,212,457
274,213,753
274,214,548
274,216,792
274,217,464
274,219,714
274,220,572
274,222,825
274,223,457
274,224,784
274,226,586
274,227,764
274,229,493
274,230,799
274,232,606
274,233,890
274,234,498
274,236,812
274,237,646
274,239,887
274,240,528
274,241,820
274,243,597
274,244,865
274,246,524
274,247,852
274,249,627
274,250,865
274,251,548
274,253,860
274,254,638
274,256,920
274,257,523
274,259,912
274,260,642
274,261,944
274,263,541
274,264,912
274,266,635
274,267,972
274,268,560
274,270,920
274,271,629
274,273,955
274,274,577
274,276,802
274,277,623
274,278,916
274,280,584
274,281,879
274,283,599
274,284,842
274,286,555
274,287,827
274,288,662
274,290,872
274,291,674
274,293,864
274,294,616
274,295,853
274,297,568
274,298,783
274,300,602
274,301,782
274,303,571
274,304,734
274,305,570
274,307,713
274,308,501
274,310,754
274,311,536
274,313,659
274,314,548
274,315,704
274,317,493
274,318,644
274,320,478
274,321,655
274,322,496
274,324,567
274,325,483
274,327,569
274,328,430
274,330,507
274,331,421
274,332,495
274,334,402
274,335,431
274,337,411
274,338,453
274,339,334
274,341,417
274,342,326
274,344,381
274,345,306
274,347,326
274,348,232
274,349,299
274,351,233
274,352,242
274,354,215
274,355,253
274,357,209
274,358,195
274,359,157
274,361,181
274,362,119
274,364,137
274,365,69
274,366,119
274,367,193
276,10,42
276,11,51
276,13,73
276,14,86
276,16,87
276,17,87
276,18,85
276,20,83
276,21,103
276,23,102
276,24,110
276,26,123
276,27,120
276,28,163
276,30,128
276,31,169
276,33,144
276,34,161
276,36,173
276,37,178
276,38,182
276,40,195
276,41,207
276,43,235
276,44,224
276,45,243
276,47,249
276,48,245
276,50,254
276,51,299
276,53,260
276,54,286
276,55,316
276,57,329
276,58,292
276,60,365
276,61,352
276,63,352
276,64,347
276,65,335
276,67,355
276,68,348
276,70,336
276,71,384
276,72,416
276,74,414
276,75,417
276,77,428
276,78,438
276,80,448
276,81,391
276,82,449
276,84,464
276,85,478
276,87,425
276,88,484
276,89,485
276,91,476
276,92,458
276,94,517
276,95,598
276,97,483
276,98,466
276,99,509
276,101,568
276,102,523
276,104,481
276,105,517
276,107,676
276,108,506
276,109,535
276,111,555
276,112,604
276,114,507
276,115,519
276,116,561
276,118,743
276,119,602
276,121,529
276,122,640
276,124,734
276,125,620
276,126,534
276,128,613
276,129,842
276,131,612
276,132,540
276,134,668
276,135,776
276,136,582
276,138,533
276,139,659
276,141,906
276,142,640
276,143,602
276,145,690
276,146,800
276,148,632
276,149,574
276,151,673
276,152,927
276,153,671
276,155,606
276,156,714
276,158,872
276,159,698
276,161,550
276,162,708
276,163,951
276,165,718
276,166,595
276,168,720
276,169,840
276,170,712
276,172,586
276,173,732
276,175,941
276,176,806
276,178,608
276,179,781
276,180,927
276,182,750
276,183,584
276,185,792
276,186,1000
276,188,795
276,189,643
276,190,783
276,192,949
276,193,779
276,195,638
276,196,793
276,197,974
276,199,891
276,200,711
276,202,865
276,203,971
276,205,841
276,206,688
276,207,787
276,209,1018
276,210,903
276,212,709
276,213,824
276,214,1034
276,216,913
276,217,731
276,219,890
276,220,1027
276,222,1065
276,223,751
276,224,954
276,226,991
276,227,990
276,229,725
276,230,920
276,232,1103
276,233,1097
276,234,785
276,236,908
276,237,1040
276,239,1099
276,240,830
276,241,909
276,243,1006
276,244,1095
276,246,830
276,247,938
276,249,1045
276,250,1215
276,251,744
276,253,935
276,254,1004
276,256,1212
276,257,816
276,259,1006
276,260,1050
276,261,1178
276,263,762
276,264,1003
276,266,1073
276,267,1229
276,268,803
276,270,1047
276,271,1090
276,273,1294
276,274,791
276,276,1035
276,277,1011
276,278,1274
276,280,847
276,281,1022
276,283,935
276,284,1273
276,286,853
276,287,965
276,288,961
276,290,1248
276,291,778
276,293,1055
276,294,973
276,295,1290
276,297,781
276,298,1005
276,300,918
276,301,1268
276,303,821
276,304,994
276,305,876
276,307,1147
276,308,744
276,310,930
276,311,806
276,313,1121
276,314,742
276,315,947
276,317,787
276,318,1155
276,320,660
276,321,891
276,322,690
276,324,994
276,325,569
276,327,836
276,328,632
276,330,938
276,331,531
276,332,754
276,334,522
276,335,779
276,337,506
276,338,709
276,339,476
276,341,736
276,342,405
276,344,555
276,345,429
276,347,626
276,348,358
276,349,471
276,351,347
276,352,465
276,354,279
276,355,405
276,357,251
276,358,383
276,359,170
276,361,266
276,362,145
276,364,256
276,365,85
276,366,165
276,367,191
277,10,23
277,11,42
277,13,40
277,14,58
277,16,40
277,17,66
277,18,45
277,20,63
277,21,43
277,23,69
277,24,69
277,26,89
277,27,54
277,28,84
277,30,95
277,31,108
277,33,73
277,34,113
277,36,111
277,37,116
277,38,85
277,40,172
277,41,108
277,43,142
277,44,107
277,45,181
277,47,151
277,48,184
277,50,119
277,51,200
277,53,174
277,54,189
277,55,124
277,57,236
277,58,169
277,60,189
277,61,157
277,63,239
277,64,179
277,65,244
277,67,169
277,68,295
277,70,220
277,71,261
277,72,205
277,74,284
277,75,266
277,77,292
277,78,224
277,80,307
277,81,259
277,82,268
277,84,280
277,85,344
277,87,243
277,88,323
277,89,266
277,91,338
277,92,273
277,94,305
277,95,309
277,97,367
277,98,302
277,99,332
277,101,262
277,102,367
277,104,268
277,105,326
277,107,331
277,108,387
277,109,298
277,111,367
277,112,318
277,114,403
277,115,287
277,116,409
277,118,363
277,119,439
277,121,302
277,122,414
277,124,347
277,125,398
277,126,276
277,128,409
277,129,376
277,131,451
277,132,303
277,134,415
277,135,385
277,136,407
277,138,327
277,139,391
277,141,419
277,142,499
277,143,273
277,145,426
277,146,430
277,148,486
277,149,333
277,151,446
277,152,431
277,153,530
277,155,286
277,156,464
277,158,424
277,159,533
277,161,299
277,162,472
277,163,456
277,165,486
277,166,340
277,168,525
277,169,450
277,170,569
277,172,294
277,173,492
277,175,470
277,176,523
277,178,341
277,179,604
277,180,502
277,182,579
277,183,339
277,185,572
277,186,518
277,188,581
277,189,315
277,190,660
277,192,493
277,193,606
277,195,404
277,196,607
277,197,523
277,199,661
277,200,400
277,202,685
277,203,524
277,205,700
277,206,359
277,207,725
277,209,507
277,210,703
277,212,419
277,213,738
277,214,557
277,216,781
277,217,425
277,219,777
277,220,571
277,222,838
277,223,417
277,224,846
277,226,586
277,227,810
277,229,455
277,230,726
277,232,621
277,233,849
277,234,501
277,236,895
277,237,658
277,239,933
277,240,533
277,241,860
277,243,626
277,244,942
277,246,565
277,247,938
277,249,667
277,250,1028
277,251,539
277,253,885
277,254,691
277,256,1073
277,257,598
277,259,928
277,260,738
277,261,1074
277,263,657
277,264,931
277,266,697
277,267,1042
277,268,655
277,270,971
277,271,710
277,273,1171
277,274,697
277,276,936
277,277,683
277,278,1049
277,280,726
277,281,931
277,283,747
277,284,1061
277,286,650
277,287,843
277,288,619
277,290,1071
277,291,732
277,293,967
277,294,691
277,295,1054
277,297,712
277,298,923
277,300,657
277,301,959
277,303,662
277,304,824
277,305,632
277,307,894
277,308,657
277,310,702
277,311,602
277,313,823
277,314,604
277,315,727
277,317,588
277,318,824
277,320,582
277,321,642
277,322,591
277,324,764
277,325,488
277,327,587
277,328,502
277,330,629
277,331,437
277,332,539
277,334,469
277,335,573
277,337,400
277,338,478
277,339,441
277,341,489
277,342,328
277,344,380
277,345,422
277,347,402
277,348,283
277,349,337
277,351,317
277,352,338
277,354,203
277,355,237
277,357,241
277,358,265
277,359,127
277,361,181
277,362,162
277,364,181
277,365,62
277,366,130
277,367,252
278,10,77
278,11,54
278,13,83
278,14,103
278,16,73
278,17,69
278,18,108
278,20,115
278,21,117
278,23,108
278,24,138
278,26,177
278,27,148
278,28,161
278,30,169
278,31,178
278,33,180
278,34,182
278,36,211
278,37,215
278,38,228
278,40,189
278,41,265
278,43,231
278,44,256
278,45,268
278,47,298
278,48,272
278,50,285
278,51,303
278,53,298
278,54,289
278,55,352
278,57,356
278,58,378
278,60,307
278,61,349
278,63,358
278,64,390
278,65,365
278,67,406
278,68,411
278,70,421
278,71,389
278,72,442
278,74,471
278,75,499
278,77,445
278,78,470
278,80,428
278,81,481
278,82,397
278,84,472
278,85,484
278,87,533
278,88,489
278,89,524
278,91,554
278,92,525
278,94,531
278,95,590
278,97,591
278,98,567
278,99,515
278,101,652
278,102,519
278,104,547
278,105,545
278,107,600
278,108,576
278,109,551
278,111,600
278,112,726
278,114,624
278,115,536
278,116,616
278,118,665
278,119,657
278,121,612
278,122,658
278,124,737
278,125,586
278,126,573
278,128,607
278,129,768
278,131,685
278,132,593
278,134,657
278,135,789
278,136,681
278,138,599
278,139,636
278,141,800
278,142,737
278,143,631
278,145,726
278,146,865
278,148,738
278,149,594
278,151,767
278,152,810
278,153,683
278,155,592
278,156,798
278,158,958
278,159,771
278,161,564
278,162,757
278,163,897
278,165,791
278,166,674
278,168,780
278,169,964
278,170,824
278,172,622
278,173,755
278,175,921
278,176,791
278,178,670
278,179,862
278,180,1034
278,182,809
278,183,616
278,185,884
278,186,1002
278,188,874
278,189,617
278,190,896
278,192,1031
278,193,837
278,195,651
278,196,951
278,197,1018
278,199,929
278,200,675
278,202,918
278,203,1094
278,205,923
278,206,696
278,207,908
278,209,978
278,210,910
278,212,773
278,213,1067
278,214,1135
278,216,994
278,217,699
278,219,1023
278,220,1051
278,222,951
278,223,725
278,224,1078
278,226,1221
278,227,1061
278,229,770
278,230,1110
278,232,1085
278,233,1019
278,234,825
278,236,1160
278,237,1217
278,239,1088
278,240,793
278,241,1080
278,243,1154
278,244,1189
278,246,853
278,247,1185
278,249,1293
278,250,1200
278,251,832
278,253,1144
278,254,1174
278,256,1230
278,257,851
278,259,1273
278,260,1322
278,261,1324
278,263,828
278,264,1178
278,266,1187
278,267,1314
278,268,857
278,270,1313
278,271,1318
278,273,1390
278,274,828
278,276,1300
278,277,1133
278,278,1383
278,280,896
278,281,1333
278,283,1324
278,284,1505
278,286,857
278,287,1250
278,288,1149
278,290,1386
278,291,799
278,293,1380
278,294,1258
278,295,1444
278,297,800
278,298,1241
278,300,1085
278,301,1355
278,303,814
278,304,1259
278,305,1120
278,307,1367
278,308,749
278,310,1195
278,311,1024
278,313,1292
278,314,706
278,315,1197
278,317,995
278,318,1275
278,320,584
278,321,1080
278,322,892
278,324,1115
278,325,634
278,327,1028
278,328,815
278,330,1001
278,331,507
278,332,921
278,334,665
278,335,923
278,337,464
278,338,826
278,339,643
278,341,830
278,342,355
278,344,623
278,345,536
278,347,666
278,348,321
278,349,544
278,351,387
278,352,560
278,354,241
278,355,447
278,357,326
278,358,461
278,359,166
278,361,356
278,362,195
278,364,349
278,365,77
278,366,189
278,367,255
280,10,25
280,11,38
280,13,29
280,14,43
280,16,37
280,17,54
280,18,60
280,20,52
280,21,43
280,23,71
280,24,54
280,26,84
280,27,64
280,28,115
280,30,68
280,31,109
280,33,85
280,34,129
280,36,72
280,37,120
280,38,83
280,40,134
280,41,105
280,43,149
280,44,121
280,45,177
280,47,115
280,48,176
280,50,154
280,51,228
280,53,156
280,54,191
280,55,178
280,57,206
280,58,173
280,60,206
280,61,166
280,63,219
280,64,200
280,65,233
280,67,233
280,68,242
280,70,198
280,71,251
280,72,232
280,74,284
280,75,222
280,77,248
280,78,289
280,80,318
280,81,213
280,82,261
280,84,260
280,85,328
280,87,280
280,88,305
280,89,349
280,91,366
280,92,269
280,94,299
280,95,345
280,97,355
280,98,313
280,99,289
280,101,335
280,102,344
280,104,340
280,105,325
280,107,356
280,108,368
280,109,306
280,111,367
280,112,408
280,114,401
280,115,327
280,116,330
280,118,468
280,119,396
280,121,357
280,122,386
280,124,445
280,125,410
280,126,338
280,128,358
280,129,515
280,131,425
280,132,388
280,134,415
280,135,520
280,136,459
280,138,358
280,139,394
280,141,483
280,142,483
280,143,386
280,145,420
280,146,484
280,148,503
280,149,373
280,151,437
280,152,478
280,153,508
280,155,379
280,156,492
280,158,531
280,159,496
280,161,389
280,162,448
280,163,536
280,165,530
280,166,428
280,168,516
280,169,528
280,170,565
280,172,394
280,173,486
280,175,502
280,176,583
280,178,397
280,179,576
280,180,558
280,182,624
280,183,366
280,185,567
280,186,499
280,188,630
280,189,447
280,190,636
280,192,593
280,193,665
280,195,397
280,196,559
280,197,543
280,199,622
280,200,419
280,202,661
280,203,582
280,205,751
280,206,449
280,207,683
280,209,579
280,210,729
280,212,456
280,213,670
280,214,609
280,216,798
280,217,433
280,219,709
280,220,527
280,222,768
280,223,485
280,224,801
280,226,598
280,227,845
280,229,482
280,230,775
280,232,582
280,233,867
280,234,489
280,236,823
280,237,711
280,239,890
280,240,494
280,241,759
280,243,589
280,244,886
280,246,520
280,247,845
280,249,628
280,250,919
280,251,498
280,253,775
280,254,582
280,256,882
280,257,572
280,259,910
280,260,658
280,261,956
280,263,505
280,264,806
280,266,677
280,267,858
280,268,518
280,270,860
280,271,686
280,273,879
280,274,547
280,276,766
280,277,570
280,278,818
280,280,575
280,281,808
280,283,594
280,284,841
280,286,546
280,287,798
280,288,566
280,290,766
280,291,527
280,293,778
280,294,602
280,295,796
280,297,537
280,298,707
280,300,526
280,301,680
280,303,520
280,304,633
280,305,449
280,307,675
280,308,451
280,310,645
280,311,479
280,313,646
280,314,459
280,315,631
280,317,445
280,318,583
280,320,429
280,321,562
280,322,414
280,324,432
280,325,430
280,327,504
280,328,328
280,330,423
280,331,367
280,332,419
280,334,316
280,335,357
280,337,294
280,338,355
280,339,276
280,341,319
280,342,250
280,344,308
280,345,256
280,347,247
280,348,245
280,349,250
280,351,197
280,352,241
280,354,151
280,355,213
280,357,153
280,358,165
280,359,128
280,361,156
280,362,102
280,364,116
280,365,56
280,366,88
280,367,112
281,10,39
281,11,45
281,13,50
281,14,51
281,16,57
281,17,73
281,18,70
281,20,71
281,21,86
281,23,87
281,24,91
281,26,92
281,27,108
281,28,92
281,30,110
281,31,128
281,33,138
281,34,146
281,36,141
281,37,159
281,38,162
281,40,156
281,41,180
281,43,181
281,44,214
281,45,221
281,47,226
281,48,210
281,50,253
281,51,264
281,53,230
281,54,252
281,55,289
281,57,258
281,58,243
281,60,271
281,61,302
281,63,269
281,64,276
281,65,322
281,67,344
281,68,335
281,70,337
281,71,343
281,72,425
281,74,353
281,75,359
281,77,400
281,78,413
281,80,417
281,81,370
281,82,388
281,84,487
281,85,418
281,87,442
281,88,441
281,89,543
281,91,440
281,92,469
281,94,462
281,95,580
281,97,451
281,98,477
281,99,495
281,101,612
281,102,525
281,104,464
281,105,487
281,107,642
281,108,548
281,109,517
281,111,556
281,112,727
281,114,573
281,115,523
281,116,566
281,118,728
281,119,616
281,121,570
281,122,576
281,124,747
281,125,591
281,126,555
281,128,570
281,129,819
281,131,612
281,132,602
281,134,626
281,135,852
281,136,598
281,138,565
281,139,619
281,141,829
281,142,649
281,143,588
281,145,720
281,146,911
281,148,667
281,149,582
281,151,666
281,152,896
281,153,649
281,155,601
281,156,819
281,158,991
281,159,700
281,161,599
281,162,629
281,163,890
281,165,722
281,166,637
281,168,786
281,169,953
281,170,730
281,172,563
281,173,675
281,175,895
281,176,719
281,178,622
281,179,767
281,180,976
281,182,790
281,183,635
281,185,736
281,186,929
281,188,766
281,189,695
281,190,824
281,192,1015
281,193,821
281,195,666
281,196,784
281,197,942
281,199,843
281,200,701
281,202,834
281,203,1007
281,205,905
281,206,715
281,207,819
281,209,1006
281,210,870
281,212,755
281,213,922
281,214,1065
281,216,1028
281,217,757
281,219,880
281,220,1017
281,222,934
281,223,778
281,224,943
281,226,1148
281,227,1078
281,229,786
281,230,881
281,232,1060
281,233,1060
281,234,823
281,236,992
281,237,1050
281,239,1143
281,240,788
281,241,915
281,243,963
281,244,1090
281,246,789
281,247,957
281,249,1082
281,250,1147
281,251,775
281,253,971
281,254,1039
281,256,1223
281,257,838
281,259,1058
281,260,1074
281,261,1215
281,263,784
281,264,954
281,266,1029
281,267,1175
281,268,809
281,270,1013
281,271,1045
281,273,1329
281,274,787
281,276,1014
281,277,956
281,278,1281
281,280,853
281,281,1024
281,283,988
281,284,1258
281,286,767
281,287,965
281,288,883
281,290,1233
281,291,721
281,293,1040
281,294,921
281,295,1249
281,297,732
281,298,952
281,300,809
281,301,1203
281,303,724
281,304,902
281,305,781
281,307,1027
281,308,646
281,310,882
281,311,674
281,313,980
281,314,641
281,315,865
281,317,705
281,318,1022
281,320,572
281,321,783
281,322,631
281,324,859
281,325,520
281,327,759
281,328,564
281,330,747
281,331,408
281,332,644
281,334,470
281,335,716
281,337,362
281,338,619
281,339,446
281,341,604
281,342,293
281,344,479
281,345,328
281,347,524
281,348,265
281,349,430
281,351,273
281,352,364
281,354,222
281,355,351
281,357,220
281,358,276
281,359,142
281,361,234
281,362,102
281,364,165
281,365,51
281,366,102
281,367,117
283,10,13
283,11,21
283,13,20
283,14,39
283,16,23
283,17,39
283,18,32
283,20,51
283,21,30
283,23,69
283,24,63
283,26,62
283,27,49
283,28,75
283,30,67
283,31,89
283,33,70
283,34,97
283,36,73
283,37,111
283,38,82
283,40,121
283,41,80
283,43,119
283,44,91
283,45,148
283,47,120
283,48,127
283,50,111
283,51,147
283,53,139
283,54,176
283,55,141
283,57,142
283,58,167
283,60,188
283,61,155
283,63,166
283,64,174
283,65,213
283,67,173
283,68,250
283,70,202
283,71,218
283,72,180
283,74,277
283,75,180
283,77,266
283,78,204
283,80,279
283,81,212
283,82,295
283,84,237
283,85,308
283,87,252
283,88,304
283,89,254
283,91,326
283,92,228
283,94,300
283,95,301
283,97,351
283,98,257
283,99,325
283,101,296
283,102,341
283,104,250
283,105,316
283,107,327
283,108,344
283,109,264
283,111,320
283,112,359
283,114,354
283,115,292
283,116,325
283,118,357
283,119,414
283,121,305
283,122,368
283,124,359
283,125,417
283,126,279
283,128,376
283,129,427
283,131,389
283,132,291
283,134,418
283,135,394
283,136,481
283,138,306
283,139,400
283,141,375
283,142,435
283,143,295
283,145,482
283,146,428
283,148,458
283,149,311
283,151,486
283,152,406
283,153,469
283,155,330
283,156,469
283,158,448
283,159,499
283,161,323
283,162,497
283,163,443
283,165,498
283,166,318
283,168,535
283,169,488
283,170,556
283,172,335
283,173,544
283,175,429
283,176,559
283,178,317
283,179,550
283,180,495
283,182,576
283,183,317
283,185,568
283,186,499
283,188,571
283,189,396
283,190,618
283,192,483
283,193,631
283,195,321
283,196,612
283,197,524
283,199,579
283,200,376
283,202,676
283,203,529
283,205,667
283,206,364
283,207,679
283,209,556
283,210,719
283,212,401
283,213,705
283,214,573
283,216,709
283,217,419
283,219,714
283,220,560
283,222,782
283,223,410
283,224,808
283,226,607
283,227,861
283,229,458
283,230,836
283,232,632
283,233,821
283,234,485
283,236,844
283,237,610
283,239,926
283,240,455
283,241,861
283,243,610
283,244,941
283,246,559
283,247,839
283,249,648
283,250,924
283,251,516
283,253,889
283,254,704
283,256,971
283,257,598
283,259,933
283,260,683
283,261,963
283,263,573
283,264,880
283,266,677
283,267,891
283,268,624
283,270,824
283,271,672
283,273,1031
283,274,540
283,276,904
283,277,647
283,278,981
283,280,608
283,281,800
283,283,715
283,284,962
283,286,601
283,287,778
283,288,634
283,290,896
283,291,626
283,293,810
283,294,627
283,295,936
283,297,599
283,298,720
283,300,640
283,301,848
283,303,574
283,304,715
283,305,536
283,307,763
283,308,514
283,310,680
283,311,502
283,313,705
283,314,522
283,315,610
283,317,505
283,318,641
283,320,449
283,321,549
283,322,473
283,324,528
283,325,399
283,327,514
283,328,461
283,330,516
283,331,372
283,332,423
283,334,352
283,335,455
283,337,333
283,338,356
283,339,294
283,341,366
283,342,260
283,344,337
283,345,281
283,347,320
283,348,201
283,349,225
283,351,203
283,352,255
283,354,166
283,355,212
283,357,198
283,358,215
283,359,94
283,361,146
283,362,86
283,364,129
283,365,41
283,366,111
283,367,175
284,10,49
284,11,41
284,13,58
284,14,48
284,16,62
284,17,61
284,18,56
284,20,61
284,21,78
284,23,78
284,24,86
284,26,99
284,27,115
284,28,115
284,30,139
284,31,124
284,33,150
284,34,154
284,36,166
284,37,148
284,38,166
284,40,164
284,41,162
284,43,186
284,44,214
284,45,216
284,47,216
284,48,213
284,50,243
284,51,218
284,53,242
284,54,245
284,55,264
284,57,298
284,58,288
284,60,273
284,61,302
284,63,274
284,64,276
284,65,310
284,67,320
284,68,334
284,70,333
284,71,325
284,72,393
284,74,358
284,75,402
284,77,323
284,78,432
284,80,389
284,81,448
284,82,363
284,84,440
284,85,402
284,87,386
284,88,401
284,89,485
284,91,497
284,92,497
284,94,492
284,95,578
284,97,505
284,98,478
284,99,402
284,101,537
284,102,529
284,104,531
284,105,454
284,107,613
284,108,537
284,109,513
284,111,525
284,112,677
284,114,544
284,115,485
284,116,569
284,118,688
284,119,623
284,121,528
284,122,576
284,124,678
284,125,634
284,126,488
284,128,588
284,129,693
284,131,653
284,132,553
284,134,647
284,135,739
284,136,659
284,138,552
284,139,623
284,141,763
284,142,735
284,143,561
284,145,721
284,146,852
284,148,716
284,149,590
284,151,701
284,152,834
284,153,718
284,155,625
284,156,743
284,158,823
284,159,753
284,161,586
284,162,704
284,163,886
284,165,830
284,166,582
284,168,734
284,169,881
284,170,770
284,172,579
284,173,688
284,175,898
284,176,823
284,178,647
284,179,830
284,180,950
284,182,826
284,183,590
284,185,819
284,186,981
284,188,866
284,189,656
284,190,862
284,192,968
284,193,882
284,195,626
284,196,858
284,197,1041
284,199,896
284,200,660
284,202,980
284,203,986
284,205,902
284,206,649
284,207,902
284,209,1078
284,210,921
284,212,704
284,213,968
284,214,1037
284,216,896
284,217,661
284,219,986
284,220,1064
284,222,980
284,223,747
284,224,1030
284,226,1102
284,227,1035
284,229,707
284,230,1071
284,232,1129
284,233,1049
284,234,788
284,236,1145
284,237,1152
284,239,1180
284,240,758
284,241,1104
284,243,1147
284,244,1106
284,246,783
284,247,1237
284,249,1214
284,250,1184
284,251,758
284,253,1160
284,254,1206
284,256,1259
284,257,833
284,259,1224
284,260,1201
284,261,1222
284,263,749
284,264,1183
284,266,1219
284,267,1218
284,268,805
284,270,1215
284,271,1251
284,273,1345
284,274,805
284,276,1235
284,277,1255
284,278,1371
284,280,804
284,281,1302
284,283,1268
284,284,1435
284,286,743
284,287,1217
284,288,1207
284,290,1338
284,291,794
284,293,1366
284,294,1167
284,295,1408
284,297,767
284,298,1267
284,300,1131
284,301,1331
284,303,687
284,304,1198
284,305,1049
284,307,1268
284,308,665
284,310,1097
284,311,1004
284,313,1263
284,314,622
284,315,1093
284,317,949
284,318,1259
284,320,577
284,321,1027
284,322,796
284,324,1041
284,325,485
284,327,1028
284,328,739
284,330,1017
284,331,454
284,332,837
284,334,634
284,335,852
284,337,395
284,338,778
284,339,589
284,341,764
284,342,304
284,344,596
284,345,479
284,347,605
284,348,296
284,349,515
284,351,397
284,352,464
284,354,195
284,355,395
284,357,299
284,358,413
284,359,134
284,361,361
284,362,211
284,364,326
284,365,62
284,366,217
284,367,249
286,10,10
286,11,17
286,13,16
286,14,29
286,16,15
286,17,28
286,18,22
286,20,37
286,21,27
286,23,51
286,24,37
286,26,51
286,27,37
286,28,45
286,30,37
286,31,69
286,33,33
286,34,76
286,36,62
286,37,67
286,38,64
286,40,79
286,41,65
286,43,95
286,44,68
286,45,125
286,47,78
286,48,113
286,50,91
286,51,142
286,53,94
286,54,129
286,55,109
286,57,153
286,58,125
286,60,124
286,61,111
286,63,134
286,64,138
286,65,138
286,67,122
286,68,175
286,70,131
286,71,158
286,72,170
286,74,221
286,75,162
286,77,188
286,78,170
286,80,223
286,81,189
286,82,194
286,84,215
286,85,275
286,87,183
286,88,219
286,89,237
286,91,259
286,92,216
286,94,216
286,95,243
286,97,260
286,98,233
286,99,236
286,101,255
286,102,260
286,104,248
286,105,250
286,107,317
286,108,304
286,109,283
286,111,277
286,112,294
286,114,299
286,115,276
286,116,276
286,118,362
286,119,369
286,121,311
286,122,305
286,124,348
286,125,355
286,126,274
286,128,342
286,129,404
286,131,362
286,132,317
286,134,332
286,135,393
286,136,391
286,138,295
286,139,357
286,141,447
286,142,400
286,143,367
286,145,397
286,146,393
286,148,391
286,149,347
286,151,355
286,152,447
286,153,460
286,155,365
286,156,391
286,158,411
286,159,456
286,161,327
286,162,444
286,163,439
286,165,520
286,166,333
286,168,455
286,169,455
286,170,456
286,172,360
286,173,443
286,175,457
286,176,567
286,178,368
286,179,518
286,180,447
286,182,521
286,183,359
286,185,524
286,186,469
286,188,602
286,189,388
286,190,567
286,192,524
286,193,589
286,195,359
286,196,566
286,197,516
286,199,636
286,200,377
286,202,614
286,203,501
286,205,629
286,206,338
286,207,586
286,209,500
286,210,705
286,212,384
286,213,715
286,214,500
286,216,684
286,217,418
286,219,615
286,220,510
286,222,702
286,223,435
286,224,705
286,226,517
286,227,764
286,229,440
286,230,650
286,232,499
286,233,780
286,234,448
286,236,773
286,237,519
286,239,753
286,240,445
286,241,735
286,243,559
286,244,816
286,246,478
286,247,744
286,249,584
286,250,771
286,251,456
286,253,728
286,254,500
286,256,806
286,257,534
286,259,764
286,260,521
286,261,764
286,263,471
286,264,769
286,266,509
286,267,808
286,268,493
286,270,743
286,271,553
286,273,793
286,274,443
286,276,736
286,277,536
286,278,764
286,280,498
286,281,745
286,283,536
286,284,721
286,286,472
286,287,693
286,288,456
286,290,722
286,291,482
286,293,668
286,294,449
286,295,648
286,297,439
286,298,597
286,300,449
286,301,573
286,303,424
286,304,579
286,305,470
286,307,572
286,308,414
286,310,533
286,311,410
286,313,459
286,314,360
286,315,494
286,317,375
286,318,467
286,320,333
286,321,441
286,322,356
286,324,399
286,325,337
286,327,370
286,328,277
286,330,336
286,331,260
286,332,338
286,334,239
286,335,302
286,337,247
286,338,315
286,339,223
286,341,259
286,342,207
286,344,254
286,345,178
286,347,224
286,348,193
286,349,169
286,351,158
286,352,178
286,354,123
286,355,125
286,357,112
286,358,137
286,359,77
286,361,112
286,362,82
286,364,93
286,365,37
286,366,72
286,367,91
287,10,18
287,11,15
287,13,27
287,14,22
287,16,36
287,17,38
287,18,42
287,20,34
287,21,51
287,23,34
287,24,52
287,26,78
287,27,86
287,28,64
287,30,67
287,31,71
287,33,78
287,34,74
287,36,90
287,37,107
287,38,96
287,40,96
287,41,126
287,43,108
287,44,133
287,45,119
287,47,121
287,48,144
287,50,174
287,51,166
287,53,178
287,54,150
287,55,170
287,57,189
287,58,178
287,60,196
287,61,207
287,63,211
287,64,217
287,65,178
287,67,206
287,68,243
287,70,234
287,71,242
287,72,268
287,74,318
287,75,263
287,77,276
287,78,289
287,80,272
287,81,273
287,82,297
287,84,367
287,85,301
287,87,298
287,88,315
287,89,376
287,91,323
287,92,316
287,94,342
287,95,420
287,97,342
287,98,337
287,99,403
287,101,466
287,102,356
287,104,351
287,105,378
287,107,513
287,108,384
287,109,381
287,111,419
287,112,495
287,114,461
287,115,435
287,116,476
287,118,629
287,119,503
287,121,429
287,122,479
287,124,604
287,125,455
287,126,402
287,128,504
287,129,649
287,131,523
287,132,472
287,134,536
287,135,653
287,136,507
287,138,448
287,139,550
287,141,759
287,142,548
287,143,495
287,145,586
287,146,683
287,148,521
287,149,425
287,151,538
287,152,832
287,153,599
287,155,503
287,156,620
287,158,741
287,159,642
287,161,506
287,162,642
287,163,825
287,165,586
287,166,500
287,168,618
287,169,759
287,170,594
287,172,493
287,173,659
287,175,784
287,176,675
287,178,551
287,179,676
287,180,782
287,182,734
287,183,538
287,185,677
287,186,848
287,188,708
287,189,547
287,190,742
287,192,856
287,193,725
287,195,559
287,196,702
287,197,911
287,199,796
287,200,603
287,202,783
287,203,845
287,205,838
287,206,582
287,207,751
287,209,875
287,210,869
287,212,621
287,213,733
287,214,935
287,216,819
287,217,643
287,219,748
287,220,851
287,222,882
287,223,664
287,224,797
287,226,906
287,227,1012
287,229,646
287,230,835
287,232,921
287,233,886
287,234,716
287,236,837
287,237,861
287,239,1054
287,240,704
287,241,885
287,243,967
287,244,1054
287,246,713
287,247,898
287,249,924
287,250,1046
287,251,708
287,253,916
287,254,985
287,256,1100
287,257,712
287,259,934
287,260,854
287,261,1084
287,263,668
287,264,847
287,266,874
287,267,1120
287,268,744
287,270,962
287,271,927
287,273,1203
287,274,727
287,276,928
287,277,883
287,278,1146
287,280,764
287,281,898
287,283,842
287,284,1075
287,286,625
287,287,930
287,288,797
287,290,1058
287,291,668
287,293,882
287,294,756
287,295,1118
287,297,621
287,298,826
287,300,697
287,301,965
287,303,587
287,304,764
287,305,638
287,307,914
287,308,548
287,310,772
287,311,608
287,313,912
287,314,519
287,315,721
287,317,568
287,318,807
287,320,436
287,321,688
287,322,490
287,324,691
287,325,418
287,327,609
287,328,409
287,330,607
287,331,329
287,332,525
287,334,415
287,335,590
287,337,314
287,338,439
287,339,319
287,341,483
287,342,267
287,344,374
287,345,288
287,347,367
287,348,206
287,349,321
287,351,237
287,352,303
287,354,165
287,355,263
287,357,173
287,358,225
287,359,98
287,361,172
287,362,85
287,364,136
287,365,44
287,366,84
287,367,79
288,10,14
288,11,15
288,13,11
288,14,17
288,16,11
288,17,17
288,18,16
288,20,30
288,21,27
288,23,33
288,24,26
288,26,41
288,27,23
288,28,45
288,30,44
288,31,61
288,33,42
288,34,47
288,36,50
288,37,57
288,38,58
288,40,73
288,41,56
288,43,81
288,44,60
288,45,93
288,47,93
288,48,100
288,50,67
288,51,128
288,53,99
288,54,94
288,55,86
288,57,116
288,58,100
288,60,146
288,61,95
288,63,154
288,64,137
288,65,124
288,67,116
288,68,150
288,70,136
288,71,155
288,72,135
288,74,192
288,75,149
288,77,176
288,78,162
288,80,198
288,81,177
288,82,195
288,84,178
288,85,223
288,87,152
288,88,232
288,89,196
288,91,238
288,92,207
288,94,250
288,95,204
288,97,272
288,98,185
288,99,225
288,101,249
288,102,273
288,104,181
288,105,257
288,107,232
288,108,301
288,109,226
288,111,260
288,112,249
288,114,305
288,115,248
288,116,299
288,118,320
288,119,339
288,121,217
288,122,320
288,124,301
288,125,339
288,126,235
288,128,301
288,129,342
288,131,394
288,132,236
288,134,339
288,135,351
288,136,375
288,138,232
288,139,343
288,141,361
288,142,412
288,143,260
288,145,367
288,146,328
288,148,408
288,149,292
288,151,374
288,152,406
288,153,390
288,155,288
288,156,466
288,158,400
288,159,414
288,161,253
288,162,405
288,163,409
288,165,427
288,166,296
288,168,467
288,169,428
288,170,477
288,172,289
288,173,442
288,175,441
288,176,506
288,178,302
288,179,482
288,180,445
288,182,500
288,183,312
288,185,497
288,186,452
288,188,554
288,189,301
288,190,546
288,192,479
288,193,510
288,195,320
288,196,563
288,197,442
288,199,584
288,200,315
288,202,616
288,203,503
288,205,632
288,206,352
288,207,603
288,209,491
288,210,657
288,212,351
288,213,666
288,214,579
288,216,674
288,217,339
288,219,635
288,220,518
288,222,680
288,223,385
288,224,732
288,226,573
288,227,751
288,229,399
288,230,662
288,232,573
288,233,772
288,234,438
288,236,757
288,237,592
288,239,786
288,240,394
288,241,763
288,243,600
288,244,854
288,246,496
288,247,713
288,249,602
288,250,818
288,251,481
288,253,810
288,254,564
288,256,887
288,257,551
288,259,804
288,260,668
288,261,863
288,263,504
288,264,770
288,266,596
288,267,884
288,268,530
288,270,781
288,271,622
288,273,930
288,274,486
288,276,766
288,277,596
288,278,840
288,280,523
288,281,741
288,283,656
288,284,842
288,286,502
288,287,635
288,288,559
288,290,831
288,291,516
288,293,667
288,294,555
288,295,787
288,297,496
288,298,596
288,300,486
288,301,679
288,303,460
288,304,600
288,305,481
288,307,692
288,308,471
288,310,554
288,311,464
288,313,534
288,314,417
288,315,527
288,317,432
288,318,588
288,320,382
288,321,462
288,322,410
288,324,480
288,325,328
288,327,418
288,328,309
288,330,438
288,331,290
288,332,337
288,334,263
288,335,381
288,337,254
288,338,297
288,339,259
288,341,302
288,342,206
288,344,240
288,345,248
288,347,227
288,348,148
288,349,196
288,351,174
288,352,218
288,354,135
288,355,145
288,357,145
288,358,137
288,359,77
288,361,109
288,362,78
288,364,106
288,365,31
288,366,54
288,367,110
290,10,32
290,11,21
290,13,31
290,14,40
290,16,35
290,17,42
290,18,39
290,20,40
290,21,48
290,23,66
290,24,67
290,26,58
290,27,58
290,28,92
290,30,74
290,31,85
290,33,107
290,34,88
290,36,93
290,37,116
290,38,95
290,40,107
290,41,124
290,43,137
290,44,146
290,45,147
290,47,127
290,48,160
290,50,176
290,51,187
290,53,180
290,54,155
290,55,199
290,57,201
290,58,172
290,60,214
290,61,203
290,63,230
290,64,244
290,65,199
290,67,208
290,68,246
290,70,270
290,71,214
290,72,262
290,74,283
290,75,299
290,77,234
290,78,298
290,80,297
290,81,318
290,82,250
290,84,312
290,85,328
290,87,305
290,88,316
290,89,373
290,91,360
290,92,306
290,94,339
290,95,424
290,97,389
290,98,416
290,99,356
290,101,456
290,102,405
290,104,386
290,105,384
290,107,479
290,108,487
290,109,447
290,111,447
290,112,534
290,114,461
290,115,423
290,116,469
290,118,524
290,119,518
290,121,460
290,122,496
290,124,627
290,125,558
290,126,415
290,128,489
290,129,604
290,131,557
290,132,469
290,134,547
290,135,659
290,136,598
290,138,465
290,139,530
290,141,650
290,142,626
290,143,480
290,145,561
290,146,671
290,148,635
290,149,522
290,151,600
290,152,705
290,153,695
290,155,516
290,156,609
290,158,787
290,159,654
290,161,533
290,162,659
290,163,776
290,165,687
290,166,566
290,168,686
290,169,853
290,170,716
290,172,536
290,173,673
290,175,771
290,176,710
290,178,575
290,179,728
290,180,915
290,182,813
290,183,581
290,185,757
290,186,872
290,188,756
290,189,584
290,190,814
290,192,907
290,193,853
290,195,581
290,196,843
290,197,879
290,199,826
290,200,603
290,202,876
290,203,1050
290,205,929
290,206,571
290,207,833
290,209,923
290,210,893
290,212,691
290,213,982
290,214,1002
290,216,950
290,217,626
290,219,938
290,220,992
290,222,871
290,223,703
290,224,985
290,226,1127
290,227,1078
290,229,646
290,230,1038
290,232,1052
290,233,1002
290,234,713
290,236,1061
290,237,1147
290,239,1047
290,240,714
290,241,1014
290,243,1024
290,244,1042
290,246,788
290,247,1099
290,249,1229
290,250,1169
290,251,735
290,253,1128
290,254,1127
290,256,1129
290,257,821
290,259,1200
290,260,1310
290,261,1211
290,263,732
290,264,1099
290,266,1142
290,267,1181
290,268,794
290,270,1184
290,271,1234
290,273,1285
290,274,735
290,276,1143
290,277,1117
290,278,1269
290,280,746
290,281,1207
290,283,1176
290,284,1254
290,286,684
290,287,1108
290,288,1081
290,290,1228
290,291,745
290,293,1111
290,294,1129
290,295,1275
290,297,633
290,298,1036
290,300,990
290,301,1126
290,303,612
290,304,1073
290,305,1006
290,307,1153
290,308,512
290,310,912
290,311,872
290,313,1006
290,314,530
290,315,909
290,317,823
290,318,951
290,320,434
290,321,818
290,322,671
290,324,892
290,325,428
290,327,809
290,328,638
290,330,745
290,331,355
290,332,661
290,334,490
290,335,616
290,337,281
290,338,609
290,339,447
290,341,572
290,342,250
290,344,440
290,345,345
290,347,493
290,348,190
290,349,389
290,351,245
290,352,365
290,354,160
290,355,281
290,357,206
290,358,265
290,359,95
290,361,219
290,362,126
290,364,190
290,365,36
290,366,93
290,367,112
291,10,9
291,11,11
291,13,12
291,14,12
291,16,13
291,17,18
291,18,13
291,20,23
291,21,23
291,23,25
291,24,26
291,26,27
291,27,29
291,28,38
291,30,44
291,31,44
291,33,30
291,34,56
291,36,28
291,37,54
291,38,42
291,40,74
291,41,65
291,43,61
291,44,69
291,45,84
291,47,54
291,48,83
291,50,78
291,51,106
291,53,72
291,54,95
291,55,81
291,57,118
291,58,83
291,60,96
291,61,101
291,63,133
291,64,94
291,65,128
291,67,143
291,68,151
291,70,115
291,71,143
291,72,144
291,74,151
291,75,139
291,77,183
291,78,168
291,80,180
291,81,155
291,82,163
291,84,164
291,85,202
291,87,187
291,88,193
291,89,215
291,91,228
291,92,175
291,94,184
291,95,235
291,97,241
291,98,193
291,99,220
291,101,247
291,102,239
291,104,209
291,105,206
291,107,255
291,108,285
291,109,225
291,111,262
291,112,303
291,114,277
291,115,230
291,116,258
291,118,306
291,119,328
291,121,246
291,122,295
291,124,356
291,125,313
291,126,277
291,128,263
291,129,365
291,131,348
291,132,290
291,134,328
291,135,382
291,136,381
291,138,279
291,139,304
291,141,371
291,142,346
291,143,309
291,145,342
291,146,426
291,148,427
291,149,294
291,151,341
291,152,385
291,153,427
291,155,312
291,156,385
291,158,403
291,159,446
291,161,315
291,162,367
291,163,413
291,165,429
291,166,333
291,168,401
291,169,455
291,170,474
291,172,361
291,173,410
291,175,449
291,176,496
291,178,289
291,179,468
291,180,474
291,182,500
291,183,331
291,185,471
291,186,465
291,188,549
291,189,339
291,190,546
291,192,478
291,193,557
291,195,358
291,196,497
291,197,424
291,199,583
291,200,354
291,202,545
291,203,514
291,205,638
291,206,353
291,207,545
291,209,439
291,210,608
291,212,413
291,213,610
291,214,488
291,216,701
291,217,386
291,219,572
291,220,462
291,222,644
291,223,349
291,224,633
291,226,491
291,227,735
291,229,385
291,230,656
291,232,477
291,233,696
291,234,408
291,236,656
291,237,516
291,239,744
291,240,406
291,241,668
291,243,450
291,244,725
291,246,415
291,247,643
291,249,530
291,250,741
291,251,363
291,253,581
291,254,447
291,256,712
291,257,419
291,259,707
291,260,501
291,261,715
291,263,415
291,264,665
291,266,480
291,267,668
291,268,423
291,270,658
291,271,457
291,273,702
291,274,383
291,276,579
291,277,419
291,278,621
291,280,384
291,281,561
291,283,436
291,284,622
291,286,365
291,287,558
291,288,389
291,290,580
291,291,362
291,293,543
291,294,387
291,295,575
291,297,348
291,298,479
291,300,350
291,301,487
291,303,333
291,304,438
291,305,343
291,307,440
291,308,309
291,310,457
291,311,266
291,313,377
291,314,272
291,315,389
291,317,275
291,318,361
291,320,243
291,321,332
291,322,238
291,324,308
291,325,223
291,327,299
291,328,217
291,330,249
291,331,190
291,332,252
291,334,196
291,335,228
291,337,169
291,338,211
291,339,164
291,341,199
291,342,150
291,344,166
291,345,131
291,347,145
291,348,116
291,349,117
291,351,122
291,352,116
291,354,107
291,355,109
291,357,91
291,358,92
291,359,48
291,361,78
291,362,55
291,364,58
291,365,21
291,366,50
291,367,68
293,10,20
293,11,8
293,13,24
293,14,21
293,16,32
293,17,22
293,18,25
293,20,17
293,21,33
293,23,38
293,24,29
293,26,33
293,27,51
293,28,55
293,30,59
293,31,58
293,33,66
293,34,52
293,36,65
293,37,68
293,38,75
293,40,79
293,41,83
293,43,81
293,44,82
293,45,87
293,47,115
293,48,103
293,50,125
293,51,114
293,53,136
293,54,122
293,55,172
293,57,144
293,58,115
293,60,137
293,61,149
293,63,161
293,64,161
293,65,170
293,67,194
293,68,175
293,70,181
293,71,164
293,72,231
293,74,212
293,75,214
293,77,224
293,78,299
293,80,227
293,81,234
293,82,264
293,84,285
293,85,260
293,87,243
293,88,287
293,89,379
293,91,288
293,92,284
293,94,279
293,95,375
293,97,321
293,98,320
293,99,306
293,101,435
293,102,334
293,104,318
293,105,361
293,107,440
293,108,345
293,109,363
293,111,402
293,112,484
293,114,403
293,115,367
293,116,395
293,118,542
293,119,461
293,121,382
293,122,411
293,124,568
293,125,491
293,126,402
293,128,474
293,129,568
293,131,463
293,132,439
293,134,522
293,135,675
293,136,507
293,138,434
293,139,477
293,141,670
293,142,509
293,143,453
293,145,542
293,146,679
293,148,551
293,149,425
293,151,491
293,152,698
293,153,513
293,155,500
293,156,633
293,158,783
293,159,588
293,161,478
293,162,551
293,163,753
293,165,590
293,166,522
293,168,607
293,169,789
293,170,616
293,172,518
293,173,596
293,175,739
293,176,623
293,178,499
293,179,668
293,180,849
293,182,706
293,183,574
293,185,646
293,186,823
293,188,641
293,189,591
293,190,637
293,192,863
293,193,702
293,195,529
293,196,646
293,197,821
293,199,715
293,200,606
293,202,729
293,203,890
293,205,766
293,206,561
293,207,664
293,209,847
293,210,741
293,212,598
293,213,780
293,214,902
293,216,852
293,217,600
293,219,727
293,220,872
293,222,815
293,223,624
293,224,846
293,226,947
293,227,892
293,229,604
293,230,783
293,232,884
293,233,883
293,234,604
293,236,782
293,237,913
293,239,926
293,240,633
293,241,749
293,243,834
293,244,924
293,246,652
293,247,843
293,249,917
293,250,991
293,251,674
293,253,788
293,254,854
293,256,962
293,257,643
293,259,846
293,260,878
293,261,973
293,263,633
293,264,849
293,266,790
293,267,978
293,268,592
293,270,834
293,271,832
293,273,1020
293,274,649
293,276,802
293,277,749
293,278,983
293,280,577
293,281,783
293,283,734
293,284,958
293,286,581
293,287,725
293,288,678
293,290,870
293,291,562
293,293,772
293,294,683
293,295,902
293,297,511
293,298,699
293,300,547
293,301,805
293,303,455
293,304,649
293,305,547
293,307,730
293,308,412
293,310,579
293,311,479
293,313,648
293,314,394
293,315,606
293,317,479
293,318,650
293,320,339
293,321,563
293,322,444
293,324,509
293,325,315
293,327,480
293,328,322
293,330,469
293,331,260
293,332,405
293,334,294
293,335,402
293,337,221
293,338,329
293,339,278
293,341,336
293,342,195
293,344,273
293,345,190
293,347,279
293,348,144
293,349,210
293,351,142
293,352,211
293,354,107
293,355,159
293,357,106
293,358,151
293,359,78
293,361,107
293,362,64
293,364,97
293,365,32
293,366,43
293,367,57
294,10,9
294,11,8
294,13,12
294,14,12
294,16,13
294,17,8
294,18,8
294,20,30
294,21,21
294,23,14
294,24,21
294,26,24
294,27,21
294,28,27
294,30,25
294,31,35
294,33,30
294,34,46
294,36,30
294,37,44
294,38,33
294,40,40
294,41,39
294,43,66
294,44,45
294,45,66
294,47,64
294,48,74
294,50,65
294,51,76
294,53,67
294,54,85
294,55,70
294,57,84
294,58,95
294,60,92
294,61,84
294,63,99
294,64,85
294,65,109
294,67,113
294,68,91
294,70,103
294,71,142
294,72,105
294,74,157
294,75,97
294,77,150
294,78,142
294,80,146
294,81,114
294,82,178
294,84,151
294,85,176
294,87,136
294,88,183
294,89,190
294,91,197
294,92,162
294,94,178
294,95,207
294,97,221
294,98,184
294,99,204
294,101,211
294,102,218
294,104,156
294,105,224
294,107,218
294,108,218
294,109,216
294,111,258
294,112,262
294,114,280
294,115,179
294,116,268
294,118,284
294,119,342
294,121,202
294,122,286
294,124,293
294,125,314
294,126,232
294,128,290
294,129,300
294,131,344
294,132,202
294,134,343
294,135,318
294,136,334
294,138,239
294,139,320
294,141,368
294,142,384
294,143,235
294,145,335
294,146,332
294,148,376
294,149,241
294,151,306
294,152,376
294,153,398
294,155,298
294,156,416
294,158,375
294,159,408
294,161,248
294,162,406
294,163,361
294,165,378
294,166,262
294,168,439
294,169,400
294,170,425
294,172,257
294,173,378
294,175,426
294,176,458
294,178,297
294,179,479
294,180,467
294,182,431
294,183,239
294,185,451
294,186,444
294,188,498
294,189,294
294,190,485
294,192,435
294,193,482
294,195,296
294,196,487
294,197,427
294,199,505
294,200,296
294,202,547
294,203,495
294,205,590
294,206,317
294,207,570
294,209,454
294,210,547
294,212,327
294,213,593
294,214,517
294,216,584
294,217,300
294,219,588
294,220,467
294,222,592
294,223,337
294,224,682
294,226,478
294,227,713
294,229,367
294,230,596
294,232,476
294,233,679
294,234,399
294,236,685
294,237,518
294,239,699
294,240,409
294,241,641
294,243,520
294,244,707
294,246,414
294,247,733
294,249,525
294,250,736
294,251,413
294,253,678
294,254,483
294,256,710
294,257,433
294,259,715
294,260,521
294,261,760
294,263,433
294,264,663
294,266,515
294,267,716
294,268,424
294,270,665
294,271,493
294,273,767
294,274,442
294,276,665
294,277,500
294,278,712
294,280,434
294,281,599
294,283,463
294,284,675
294,286,382
294,287,591
294,288,444
294,290,589
294,291,405
294,293,560
294,294,444
294,295,530
294,297,382
294,298,497
294,300,400
294,301,565
294,303,352
294,304,473
294,305,370
294,307,461
294,308,356
294,310,436
294,311,331
294,313,405
294,314,299
294,315,421
294,317,316
294,318,437
294,320,268
294,321,357
294,322,299
294,324,340
294,325,222
294,327,299
294,328,238
294,330,285
294,331,191
294,332,279
294,334,237
294,335,243
294,337,169
294,338,225
294,339,190
294,341,219
294,342,128
294,344,198
294,345,167
294,347,177
294,348,103
294,349,165
294,351,120
294,352,129
294,354,91
294,355,112
294,357,106
294,358,94
294,359,51
294,361,64
294,362,51
294,364,66
294,365,21
294,366,41
294,367,69
295,10,24
295,11,15
295,13,17
295,14,22
295,16,28
295,17,18
295,18,27
295,20,27
295,21,23
295,23,32
295,24,28
295,26,43
295,27,54
295,28,55
295,30,49
295,31,59
295,33,74
295,34,74
295,36,54
295,37,79
295,38,82
295,40,80
295,41,82
295,43,62
295,44,91
295,45,99
295,47,85
295,48,89
295,50,145
295,51,138
295,53,115
295,54,119
295,55,141
295,57,129
295,58,133
295,60,146
295,61,139
295,63,147
295,64,162
295,65,159
295,67,190
295,68,201
295,70,217
295,71,184
295,72,232
295,74,208
295,75,226
295,77,192
295,78,234
295,80,231
295,81,254
295,82,228
295,84,300
295,85,268
295,87,257
295,88,228
295,89,312
295,91,285
295,92,288
295,94,268
295,95,313
295,97,358
295,98,273
295,99,269
295,101,342
295,102,355
295,104,322
295,105,271
295,107,371
295,108,379
295,109,369
295,111,346
295,112,470
295,114,437
295,115,329
295,116,379
295,118,492
295,119,444
295,121,377
295,122,387
295,124,522
295,125,480
295,126,404
295,128,449
295,129,546
295,131,490
295,132,393
295,134,440
295,135,565
295,136,531
295,138,393
295,139,466
295,141,578
295,142,523
295,143,426
295,145,525
295,146,585
295,148,571
295,149,412
295,151,500
295,152,619
295,153,580
295,155,466
295,156,578
295,158,665
295,159,621
295,161,440
295,162,573
295,163,722
295,165,593
295,166,454
295,168,583
295,169,748
295,170,625
295,172,483
295,173,592
295,175,701
295,176,636
295,178,472
295,179,675
295,180,768
295,182,646
295,183,499
295,185,639
295,186,780
295,188,734
295,189,497
295,190,709
295,192,766
295,193,740
295,195,516
295,196,712
295,197,903
295,199,749
295,200,574
295,202,776
295,203,850
295,205,763
295,206,523
295,207,771
295,209,873
295,210,828
295,212,550
295,213,780
295,214,910
295,216,821
295,217,547
295,219,792
295,220,952
295,222,891
295,223,561
295,224,845
295,226,987
295,227,941
295,229,519
295,230,935
295,232,935
295,233,856
295,234,610
295,236,916
295,237,1003
295,239,976
295,240,633
295,241,961
295,243,956
295,244,919
295,246,660
295,247,996
295,249,1076
295,250,1049
295,251,614
295,253,973
295,254,1043
295,256,991
295,257,664
295,259,978
295,260,1063
295,261,1020
295,263,616
295,264,1003
295,266,1039
295,267,1077
295,268,645
295,270,992
295,271,1017
295,273,1078
295,274,626
295,276,988
295,277,1005
295,278,1046
295,280,602
295,281,967
295,283,887
295,284,1035
295,286,566
295,287,924
295,288,884
295,290,938
295,291,526
295,293,879
295,294,904
295,295,1003
295,297,467
295,298,894
295,300,818
295,301,916
295,303,466
295,304,787
295,305,728
295,307,868
295,308,441
295,310,762
295,311,635
295,313,745
295,314,409
295,315,674
295,317,604
295,318,804
295,320,325
295,321,626
295,322,521
295,324,642
295,325,300
295,327,551
295,328,452
295,330,547
295,331,261
295,332,475
295,334,351
295,335,451
295,337,226
295,338,425
295,339,274
295,341,426
295,342,178
295,344,325
295,345,248
295,347,341
295,348,164
295,349,263
295,351,199
295,352,292
295,354,104
295,355,223
295,357,165
295,358,223
295,359,73
295,361,172
295,362,111
295,364,166
295,365,39
295,366,120
295,367,107
297,10,5
297,11,12
297,13,5
297,14,9
297,16,6
297,17,13
297,18,7
297,20,8
297,21,12
297,23,21
297,24,13
297,26,15
297,27,23
297,28,17
297,30,23
297,31,20
297,33,19
297,34,26
297,36,27
297,37,32
297,38,29
297,40,35
297,41,34
297,43,33
297,44,26
297,45,52
297,47,32
297,48,49
297,50,40
297,51,68
297,53,45
297,54,63
297,55,54
297,57,52
297,58,57
297,60,46
297,61,66
297,63,88
297,64,72
297,65,82
297,67,52
297,68,78
297,70,76
297,71,72
297,72,99
297,74,136
297,75,87
297,77,101
297,78,77
297,80,102
297,81,98
297,82,86
297,84,130
297,85,143
297,87,112
297,88,111
297,89,107
297,91,146
297,92,141
297,94,140
297,95,151
297,97,164
297,98,151
297,99,156
297,101,169
297,102,205
297,104,156
297,105,148
297,107,190
297,108,204
297,109,176
297,111,171
297,112,178
297,114,185
297,115,161
297,116,179
297,118,227
297,119,265
297,121,191
297,122,223
297,124,221
297,125,252
297,126,233
297,128,199
297,129,283
297,131,286
297,132,225
297,134,256
297,135,266
297,136,273
297,138,217
297,139,267
297,141,295
297,142,315
297,143,236
297,145,246
297,146,284
297,148,312
297,149,242
297,151,270
297,152,332
297,153,346
297,155,249
297,156,308
297,158,314
297,159,334
297,161,252
297,162,309
297,163,342
297,165,424
297,166,261
297,168,345
297,169,311
297,170,371
297,172,214
297,173,367
297,175,345
297,176,421
297,178,266
297,179,403
297,180,333
297,182,388
297,183,247
297,185,387
297,186,358
297,188,466
297,189,292
297,190,448
297,192,316
297,193,491
297,195,313
297,196,422
297,197,349
297,199,501
297,200,292
297,202,467
297,203,374
297,205,513
297,206,289
297,207,451
297,209,381
297,210,522
297,212,284
297,213,524
297,214,359
297,216,519
297,217,285
297,219,481
297,220,377
297,222,586
297,223,320
297,224,513
297,226,406
297,227,566
297,229,305
297,230,519
297,232,370
297,233,594
297,234,372
297,236,577
297,237,384
297,239,523
297,240,328
297,241,534
297,243,343
297,244,607
297,246,344
297,247,581
297,249,394
297,250,552
297,251,322
297,253,530
297,254,361
297,256,625
297,257,328
297,259,602
297,260,383
297,261,584
297,263,299
297,264,519
297,266,355
297,267,555
297,268,328
297,270,551
297,271,362
297,273,511
297,274,267
297,276,493
297,277,356
297,278,530
297,280,313
297,281,461
297,283,334
297,284,459
297,286,270
297,287,383
297,288,317
297,290,440
297,291,274
297,293,456
297,294,296
297,295,447
297,297,232
297,298,396
297,300,271
297,301,404
297,303,243
297,304,330
297,305,225
297,307,314
297,308,201
297,310,314
297,311,257
297,313,289
297,314,195
297,315,292
297,317,215
297,318,283
297,320,208
297,321,235
297,322,194
297,324,221
297,325,175
297,327,192
297,328,151
297,330,185
297,331,161
297,332,160
297,334,123
297,335,156
297,337,121
297,338,160
297,339,133
297,341,147
297,342,95
297,344,139
297,345,117
297,347,106
297,348,69
297,349,103
297,351,61
297,352,88
297,354,66
297,355,79
297,357,53
297,358,71
297,359,42
297,361,50
297,362,37
297,364,38
297,365,15
297,366,32
297,367,35
298,10,6
298,11,10
298,13,8
298,14,11
298,16,14
298,17,12
298,18,18
298,20,17
298,21,15
298,23,18
298,24,20
298,26,27
298,27,23
298,28,19
298,30,31
298,31,36
298,33,26
298,34,32
298,36,37
298,37,27
298,38,33
298,40,46
298,41,39
298,43,42
298,44,59
298,45,47
298,47,51
298,48,69
298,50,62
298,51,69
298,53,86
298,54,71
298,55,79
298,57,85
298,58,99
298,60,74
298,61,107
298,63,107
298,64,99
298,65,99
298,67,119
298,68,113
298,70,104
298,71,138
298,72,158
298,74,140
298,75,149
298,77,142
298,78,172
298,80,157
298,81,148
298,82,164
298,84,212
298,85,172
298,87,146
298,88,183
298,89,224
298,91,197
298,92,172
298,94,220
298,95,253
298,97,232
298,98,210
298,99,212
298,101,282
298,102,216
298,104,216
298,105,253
298,107,320
298,108,248
298,109,237
298,111,253
298,112,345
298,114,267
298,115,264
298,116,314
298,118,377
298,119,328
298,121,241
298,122,336
298,124,394
298,125,343
298,126,277
298,128,312
298,129,425
298,131,352
298,132,294
298,134,378
298,135,472
298,136,349
298,138,300
298,139,378
298,141,503
298,142,391
298,143,342
298,145,400
298,146,503
298,148,404
298,149,333
298,151,422
298,152,555
298,153,410
298,155,373
298,156,470
298,158,579
298,159,406
298,161,358
298,162,452
298,163,559
298,165,525
298,166,402
298,168,489
298,169,611
298,170,521
298,172,406
298,173,459
298,175,652
298,176,533
298,178,374
298,179,536
298,180,614
298,182,558
298,183,412
298,185,521
298,186,613
298,188,582
298,189,399
298,190,563
298,192,634
298,193,575
298,195,401
298,196,532
298,197,651
298,199,597
298,200,379
298,202,576
298,203,683
298,205,638
298,206,468
298,207,596
298,209,649
298,210,649
298,212,464
298,213,594
298,214,665
298,216,680
298,217,491
298,219,529
298,220,688
298,222,710
298,223,519
298,224,639
298,226,760
298,227,716
298,229,509
298,230,654
298,232,702
298,233,719
298,234,525
298,236,633
298,237,730
298,239,812
298,240,496
298,241,660
298,243,773
298,244,793
298,246,530
298,247,637
298,249,738
298,250,825
298,251,508
298,253,673
298,254,696
298,256,822
298,257,543
298,259,707
298,260,716
298,261,806
298,263,509
298,264,677
298,266,668
298,267,799
298,268,480
298,270,670
298,271,704
298,273,829
298,274,512
298,276,653
298,277,622
298,278,756
298,280,490
298,281,676
298,283,585
298,284,758
298,286,417
298,287,599
298,288,568
298,290,696
298,291,453
298,293,611
298,294,562
298,295,723
298,297,400
298,298,525
298,300,497
298,301,634
298,303,353
298,304,525
298,305,466
298,307,628
298,308,332
298,310,472
298,311,363
298,313,527
298,314,299
298,315,429
298,317,387
298,318,552
298,320,255
298,321,407
298,322,329
298,324,413
298,325,211
298,327,372
298,328,269
298,330,338
298,331,199
298,332,276
298,334,211
298,335,307
298,337,146
298,338,248
298,339,184
298,341,245
298,342,146
298,344,215
298,345,123
298,347,199
298,348,90
298,349,161
298,351,116
298,352,177
298,354,75
298,355,130
298,357,86
298,358,106
298,359,38
298,361,79
298,362,41
298,364,79
298,365,19
298,366,43
298,367,35
300,10,6
300,11,5
300,13,6
300,14,7
300,16,5
300,17,10
300,18,4
300,20,12
300,21,8
300,23,9
300,24,8
300,26,12
300,27,20
300,28,28
300,30,19
300,31,17
300,33,15
300,34,19
300,36,18
300,37,42
300,38,17
300,40,29
300,41,27
300,43,38
300,44,33
300,45,31
300,47,21
300,48,50
300,50,33
300,51,58
300,53,32
300,54,54
300,55,42
300,57,54
300,58,40
300,60,63
300,61,57
300,63,73
300,64,45
300,65,64
300,67,53
300,68,75
300,70,48
300,71,86
300,72,72
300,74,97
300,75,76
300,77,94
300,78,98
300,80,105
300,81,71
300,82,102
300,84,94
300,85,135
300,87,103
300,88,113
300,89,119
300,91,119
300,92,98
300,94,147
300,95,133
300,97,140
300,98,111
300,99,143
300,101,140
300,102,187
300,104,117
300,105,132
300,107,121
300,108,178
300,109,129
300,111,168
300,112,155
300,114,196
300,115,131
300,116,201
300,118,204
300,119,215
300,121,161
300,122,219
300,124,211
300,125,229
300,126,175
300,128,200
300,129,224
300,131,267
300,132,174
300,134,260
300,135,244
300,136,266
300,138,201
300,139,211
300,141,251
300,142,261
300,143,168
300,145,291
300,146,260
300,148,288
300,149,184
300,151,279
300,152,281
300,153,297
300,155,193
300,156,273
300,158,309
300,159,302
300,161,192
300,162,318
300,163,322
300,165,361
300,166,199
300,168,348
300,169,334
300,170,371
300,172,190
300,173,356
300,175,302
300,176,348
300,178,199
300,179,391
300,180,363
300,182,409
300,183,215
300,185,356
300,186,382
300,188,375
300,189,206
300,190,396
300,192,414
300,193,423
300,195,214
300,196,393
300,197,360
300,199,444
300,200,233
300,202,429
300,203,421
300,205,465
300,206,250
300,207,463
300,209,394
300,210,472
300,212,252
300,213,496
300,214,399
300,216,513
300,217,274
300,219,484
300,220,392
300,222,476
300,223,300
300,224,495
300,226,417
300,227,528
300,229,261
300,230,547
300,232,451
300,233,550
300,234,307
300,236,548
300,237,435
300,239,624
300,240,315
300,241,531
300,243,428
300,244,625
300,246,320
300,247,563
300,249,494
300,250,613
300,251,296
300,253,500
300,254,435
300,256,575
300,257,369
300,259,528
300,260,461
300,261,622
300,263,324
300,264,552
300,266,411
300,267,550
300,268,338
300,270,508
300,271,419
300,273,594
300,274,334
300,276,491
300,277,391
300,278,533
300,280,339
300,281,476
300,283,390
300,284,522
300,286,317
300,287,418
300,288,353
300,290,488
300,291,306
300,293,418
300,294,385
300,295,487
300,297,305
300,298,374
300,300,320
300,301,407
300,303,290
300,304,360
300,305,303
300,307,413
300,308,237
300,310,309
300,311,256
300,313,352
300,314,227
300,315,278
300,317,248
300,318,312
300,320,210
300,321,236
300,322,201
300,324,258
300,325,202
300,327,219
300,328,192
300,330,263
300,331,140
300,332,178
300,334,159
300,335,197
300,337,128
300,338,161
300,339,164
300,341,160
300,342,109
300,344,130
300,345,114
300,347,114
300,348,87
300,349,89
300,351,98
300,352,114
300,354,48
300,355,87
300,357,63
300,358,64
300,359,32
300,361,51
300,362,45
300,364,36
300,365,13
300,366,22
300,367,46
301,10,12
301,11,2
301,13,15
301,14,9
301,16,18
301,17,18
301,18,11
301,20,12
301,21,17
301,23,34
301,24,27
301,26,22
301,27,34
301,28,36
301,30,32
301,31,32
301,33,51
301,34,28
301,36,38
301,37,59
301,38,41
301,40,45
301,41,44
301,43,51
301,44,63
301,45,55
301,47,65
301,48,71
301,50,68
301,51,73
301,53,86
301,54,72
301,55,98
301,57,78
301,58,64
301,60,88
301,61,85
301,63,98
301,64,107
301,65,84
301,67,125
301,68,122
301,70,111
301,71,121
301,72,158
301,74,143
301,75,131
301,77,128
301,78,146
301,80,131
301,81,142
301,82,147
301,84,175
301,85,199
301,87,171
301,88,161
301,89,212
301,91,206
301,92,214
301,94,192
301,95,233
301,97,232
301,98,215
301,99,179
301,101,272
301,102,243
301,104,211
301,105,207
301,107,246
301,108,284
301,109,228
301,111,225
301,112,330
301,114,309
301,115,272
301,116,264
301,118,355
301,119,311
301,121,274
301,122,277
301,124,362
301,125,334
301,126,260
301,128,316
301,129,370
301,131,395
301,132,279
301,134,335
301,135,452
301,136,432
301,138,287
301,139,339
301,141,423
301,142,453
301,143,336
301,145,383
301,146,532
301,148,442
301,149,294
301,151,360
301,152,482
301,153,433
301,155,332
301,156,417
301,158,554
301,159,479
301,161,358
301,162,441
301,163,559
301,165,493
301,166,363
301,168,458
301,169,618
301,170,548
301,172,371
301,173,450
301,175,611
301,176,521
301,178,393
301,179,551
301,180,705
301,182,565
301,183,396
301,185,569
301,186,582
301,188,607
301,189,437
301,190,594
301,192,690
301,193,640
301,195,404
301,196,623
301,197,723
301,199,600
301,200,491
301,202,664
301,203,833
301,205,703
301,206,420
301,207,644
301,209,686
301,210,704
301,212,454
301,213,672
301,214,876
301,216,714
301,217,448
301,219,662
301,220,778
301,222,715
301,223,502
301,224,743
301,226,956
301,227,807
301,229,438
301,230,746
301,232,849
301,233,777
301,234,515
301,236,806
301,237,936
301,239,869
301,240,510
301,241,786
301,243,831
301,244,811
301,246,525
301,247,812
301,249,916
301,250,907
301,251,537
301,253,791
301,254,829
301,256,826
301,257,568
301,259,851
301,260,975
301,261,932
301,263,509
301,264,834
301,266,876
301,267,906
301,268,530
301,270,841
301,271,894
301,273,874
301,274,483
301,276,808
301,277,815
301,278,859
301,280,451
301,281,779
301,283,810
301,284,873
301,286,467
301,287,720
301,288,708
301,290,796
301,291,440
301,293,780
301,294,777
301,295,822
301,297,401
301,298,612
301,300,590
301,301,697
301,303,360
301,304,621
301,305,614
301,307,670
301,308,340
301,310,569
301,311,499
301,313,628
301,314,329
301,315,537
301,317,535
301,318,604
301,320,264
301,321,520
301,322,428
301,324,462
301,325,239
301,327,425
301,328,336
301,330,395
301,331,217
301,332,314
301,334,279
301,335,396
301,337,165
301,338,299
301,339,237
301,341,273
301,342,97
301,344,197
301,345,169
301,347,245
301,348,88
301,349,215
301,351,117
301,352,208
301,354,98
301,355,125
301,357,97
301,358,145
301,359,70
301,361,89
301,362,90
301,364,101
301,365,22
301,366,48
301,367,54
303,10,5
303,11,6
303,13,7
303,14,3
303,16,2
303,17,7
303,18,6
303,20,8
303,21,7
303,23,9
303,24,8
303,26,13
303,27,11
303,28,18
303,30,14
303,31,8
303,33,19
303,34,17
303,36,12
303,37,15
303,38,14
303,40,22
303,41,18
303,43,22
303,44,24
303,45,29
303,47,31
303,48,28
303,50,26
303,51,48
303,53,33
303,54,47
303,55,37
303,57,40
303,58,43
303,60,49
303,61,35
303,63,54
303,64,60
303,65,62
303,67,44
303,68,56
303,70,49
303,71,58
303,72,63
303,74,82
303,75,57
303,77,53
303,78,63
303,80,98
303,81,76
303,82,75
303,84,83
303,85,105
303,87,78
303,88,97
303,89,112
303,91,121
303,92,86
303,94,80
303,95,120
303,97,127
303,98,130
303,99,97
303,101,164
303,102,143
303,104,113
303,105,106
303,107,116
303,108,154
303,109,139
303,111,125
303,112,142
303,114,156
303,115,134
303,116,122
303,118,177
303,119,177
303,121,130
303,122,160
303,124,191
303,125,207
303,126,127
303,128,138
303,129,173
303,131,192
303,132,156
303,134,200
303,135,223
303,136,218
303,138,171
303,139,201
303,141,216
303,142,218
303,143,180
303,145,230
303,146,264
303,148,287
303,149,196
303,151,221
303,152,272
303,153,267
303,155,222
303,156,246
303,158,277
303,159,291
303,161,190
303,162,268
303,163,264
303,165,292
303,166,219
303,168,274
303,169,270
303,170,295
303,172,215
303,173,272
303,175,254
303,176,319
303,178,211
303,179,332
303,180,292
303,182,365
303,183,224
303,185,300
303,186,278
303,188,405
303,189,215
303,190,342
303,192,316
303,193,391
303,195,218
303,196,351
303,197,281
303,199,384
303,200,249
303,202,413
303,203,327
303,205,416
303,206,233
303,207,397
303,209,313
303,210,459
303,212,239
303,213,412
303,214,355
303,216,433
303,217,259
303,219,370
303,220,291
303,222,432
303,223,247
303,224,461
303,226,347
303,227,482
303,229,261
303,230,444
303,232,326
303,233,437
303,234,272
303,236,444
303,237,353
303,239,482
303,240,246
303,241,436
303,243,289
303,244,468
303,246,272
303,247,435
303,249,316
303,250,473
303,251,248
303,253,424
303,254,282
303,256,471
303,257,292
303,259,447
303,260,347
303,261,465
303,263,242
303,264,390
303,266,278
303,267,391
303,268,257
303,270,396
303,271,318
303,273,418
303,274,230
303,276,370
303,277,246
303,278,386
303,280,231
303,281,397
303,283,245
303,284,367
303,286,219
303,287,319
303,288,255
303,290,321
303,291,228
303,293,301
303,294,258
303,295,336
303,297,198
303,298,257
303,300,213
303,301,273
303,303,206
303,304,248
303,305,189
303,307,265
303,308,168
303,310,244
303,311,161
303,313,222
303,314,170
303,315,205
303,317,155
303,318,207
303,320,149
303,321,163
303,322,147
303,324,152
303,325,125
303,327,141
303,328,126
303,330,148
303,331,118
303,332,121
303,334,103
303,335,100
303,337,81
303,338,95
303,339,83
303,341,87
303,342,66
303,344,92
303,345,78
303,347,92
303,348,50
303,349,80
303,351,54
303,352,65
303,354,27
303,355,56
303,357,35
303,358,32
303,359,24
303,361,29
303,362,28
303,364,35
303,365,5
303,366,25
303,367,25
304,10,6
304,11,2
304,13,9
304,14,10
304,16,12
304,17,9
304,18,8
304,20,9
304,21,8
304,23,16
304,24,12
304,26,11
304,27,23
304,28,17
304,30,16
304,31,18
304,33,23
304,34,18
304,36,28
304,37,22
304,38,26
304,40,26
304,41,29
304,43,36
304,44,39
304,45,52
304,47,41
304,48,55
304,50,57
304,51,55
304,53,44
304,54,55
304,55,69
304,57,70
304,58,56
304,60,66
304,61,65
304,63,62
304,64,76
304,65,90
304,67,86
304,68,109
304,70,95
304,71,75
304,72,94
304,74,98
304,75,89
304,77,108
304,78,122
304,80,125
304,81,110
304,82,109
304,84,149
304,85,115
304,87,122
304,88,124
304,89,163
304,91,171
304,92,156
304,94,123
304,95,192
304,97,166
304,98,144
304,99,157
304,101,244
304,102,175
304,104,188
304,105,153
304,107,213
304,108,171
304,109,210
304,111,213
304,112,295
304,114,219
304,115,208
304,116,218
304,118,311
304,119,270
304,121,215
304,122,237
304,124,305
304,125,258
304,126,231
304,128,258
304,129,367
304,131,288
304,132,269
304,134,250
304,135,364
304,136,335
304,138,264
304,139,270
304,141,382
304,142,319
304,143,245
304,145,286
304,146,445
304,148,351
304,149,246
304,151,331
304,152,374
304,153,352
304,155,315
304,156,374
304,158,425
304,159,378
304,161,338
304,162,321
304,163,435
304,165,393
304,166,324
304,168,399
304,169,476
304,170,422
304,172,343
304,173,339
304,175,473
304,176,405
304,178,353
304,179,379
304,180,577
304,182,503
304,183,290
304,185,396
304,186,539
304,188,459
304,189,330
304,190,464
304,192,558
304,193,485
304,195,355
304,196,437
304,197,520
304,199,499
304,200,352
304,202,488
304,203,606
304,205,530
304,206,373
304,207,449
304,209,541
304,210,544
304,212,436
304,213,502
304,214,625
304,216,616
304,217,387
304,219,456
304,220,577
304,222,568
304,223,432
304,224,506
304,226,566
304,227,600
304,229,434
304,230,512
304,232,568
304,233,622
304,234,443
304,236,563
304,237,630
304,239,640
304,240,451
304,241,463
304,243,572
304,244,631
304,246,422
304,247,568
304,249,643
304,250,703
304,251,426
304,253,531
304,254,542
304,256,644
304,257,414
304,259,552
304,260,556
304,261,603
304,263,381
304,264,502
304,266,535
304,267,601
304,268,386
304,270,529
304,271,577
304,273,626
304,274,372
304,276,480
304,277,473
304,278,588
304,280,350
304,281,519
304,283,473
304,284,575
304,286,302
304,287,460
304,288,396
304,290,527
304,291,309
304,293,434
304,294,407
304,295,547
304,297,246
304,298,427
304,300,357
304,301,479
304,303,265
304,304,409
304,305,329
304,307,425
304,308,240
304,310,339
304,311,300
304,313,406
304,314,208
304,315,349
304,317,250
304,318,363
304,320,165
304,321,267
304,322,217
304,324,291
304,325,163
304,327,218
304,328,191
304,330,255
304,331,132
304,332,184
304,334,147
304,335,241
304,337,111
304,338,192
304,339,130
304,341,179
304,342,73
304,344,158
304,345,104
304,347,133
304,348,58
304,349,108
304,351,72
304,352,123
304,354,49
304,355,87
304,357,63
304,358,68
304,359,29
304,361,67
304,362,24
304,364,36
304,365,11
304,366,18
304,367,21
305,11,3
305,13,2
305,14,4
305,16,3
305,17,1
305,18,5
305,20,3
305,21,11
305,23,1
305,24,5
305,26,8
305,27,7
305,28,8
305,30,7
305,31,12
305,33,11
305,34,13
305,36,13
305,37,17
305,38,9
305,40,15
305,41,18
305,43,17
305,44,17
305,45,23
305,47,19
305,48,24
305,50,20
305,51,27
305,53,18
305,54,37
305,55,27
305,57,37
305,58,23
305,60,38
305,61,30
305,63,41
305,64,29
305,65,45
305,67,47
305,68,58
305,70,39
305,71,63
305,72,52
305,74,66
305,75,47
305,77,75
305,78,55
305,80,69
305,81,59
305,82,60
305,84,78
305,85,84
305,87,58
305,88,90
305,89,82
305,91,97
305,92,78
305,94,96
305,95,104
305,97,105
305,98,76
305,99,92
305,101,104
305,102,117
305,104,107
305,105,97
305,107,121
305,108,128
305,109,91
305,111,125
305,112,157
305,114,147
305,115,86
305,116,147
305,118,157
305,119,161
305,121,127
305,122,151
305,124,175
305,125,162
305,126,122
305,128,179
305,129,191
305,131,199
305,132,124
305,134,172
305,135,167
305,136,171
305,138,145
305,139,184
305,141,208
305,142,216
305,143,141
305,145,214
305,146,198
305,148,231
305,149,134
305,151,184
305,152,204
305,153,221
305,155,134
305,156,217
305,158,226
305,159,273
305,161,170
305,162,241
305,163,242
305,165,268
305,166,170
305,168,229
305,169,285
305,170,263
305,172,166
305,173,305
305,175,265
305,176,297
305,178,183
305,179,301
305,180,301
305,182,328
305,183,187
305,185,278
305,186,280
305,188,266
305,189,200
305,190,331
305,192,297
305,193,337
305,195,166
305,196,302
305,197,313
305,199,332
305,200,230
305,202,350
305,203,305
305,205,371
305,206,167
305,207,334
305,209,292
305,210,388
305,212,211
305,213,382
305,214,329
305,216,384
305,217,193
305,219,375
305,220,322
305,222,368
305,223,235
305,224,399
305,226,366
305,227,436
305,229,206
305,230,402
305,232,320
305,233,420
305,234,212
305,236,378
305,237,374
305,239,424
305,240,212
305,241,402
305,243,280
305,244,413
305,246,241
305,247,428
305,249,334
305,250,415
305,251,259
305,253,356
305,254,328
305,256,411
305,257,254
305,259,419
305,260,321
305,261,437
305,263,238
305,264,367
305,266,333
305,267,382
305,268,220
305,270,349
305,271,293
305,273,435
305,274,238
305,276,393
305,277,280
305,278,356
305,280,235
305,281,374
305,283,253
305,284,353
305,286,205
305,287,303
305,288,247
305,290,319
305,291,219
305,293,290
305,294,228
305,295,327
305,297,202
305,298,271
305,300,228
305,301,286
305,303,188
305,304,237
305,305,182
305,307,269
305,308,145
305,310,206
305,311,194
305,313,219
305,314,136
305,315,170
305,317,175
305,318,225
305,320,138
305,321,188
305,322,165
305,324,169
305,325,110
305,327,109
305,328,106
305,330,140
305,331,89
305,332,107
305,334,109
305,335,113
305,337,89
305,338,98
305,339,62
305,341,103
305,342,65
305,344,81
305,345,89
305,347,76
305,348,41
305,349,71
305,351,49
305,352,72
305,354,32
305,355,56
305,357,48
305,358,34
305,359,18
305,361,27
305,362,13
305,364,23
305,365,13
305,366,12
305,367,26
307,10,5
307,11,7
307,13,7
307,14,3
307,16,7
307,17,5
307,18,12
307,20,13
307,21,9
307,23,9
307,24,12
307,26,8
307,27,17
307,28,13
307,30,15
307,31,24
307,33,26
307,34,18
307,36,26
307,37,13
307,38,41
307,40,24
307,41,34
307,43,28
307,44,35
307,45,41
307,47,35
307,48,40
307,50,44
307,51,47
307,53,47
307,54,37
307,55,43
307,57,50
307,58,61
307,60,55
307,61,76
307,63,58
307,64,59
307,65,78
307,67,97
307,68,67
307,70,77
307,71,83
307,72,94
307,74,97
307,75,90
307,77,77
307,78,114
307,80,87
307,81,117
307,82,98
307,84,135
307,85,136
307,87,98
307,88,121
307,89,139
307,91,149
307,92,138
307,94,112
307,95,175
307,97,163
307,98,144
307,99,142
307,101,164
307,102,186
307,104,167
307,105,151
307,107,225
307,108,174
307,109,176
307,111,164
307,112,250
307,114,198
307,115,169
307,116,189
307,118,258
307,119,230
307,121,198
307,122,222
307,124,280
307,125,277
307,126,192
307,128,211
307,129,326
307,131,275
307,132,215
307,134,279
307,135,307
307,136,290
307,138,232
307,139,242
307,141,373
307,142,336
307,143,220
307,145,278
307,146,345
307,148,309
307,149,240
307,151,279
307,152,354
307,153,364
307,155,255
307,156,295
307,158,388
307,159,360
307,161,269
307,162,324
307,163,461
307,165,363
307,166,315
307,168,334
307,169,468
307,170,444
307,172,268
307,173,381
307,175,487
307,176,445
307,178,341
307,179,410
307,180,515
307,182,462
307,183,281
307,185,381
307,186,505
307,188,425
307,189,301
307,190,412
307,192,519
307,193,484
307,195,310
307,196,448
307,197,532
307,199,502
307,200,312
307,202,464
307,203,539
307,205,521
307,206,294
307,207,485
307,209,634
307,210,552
307,212,375
307,213,491
307,214,656
307,216,565
307,217,366
307,219,506
307,220,660
307,222,557
307,223,376
307,224,556
307,226,712
307,227,616
307,229,384
307,230,541
307,232,657
307,233,616
307,234,413
307,236,527
307,237,709
307,239,608
307,240,387
307,241,593
307,243,673
307,244,638
307,246,389
307,247,549
307,249,715
307,250,674
307,251,378
307,253,571
307,254,706
307,256,635
307,257,383
307,259,607
307,260,738
307,261,763
307,263,378
307,264,605
307,266,690
307,267,614
307,268,400
307,270,581
307,271,683
307,273,667
307,274,374
307,276,594
307,277,664
307,278,635
307,280,376
307,281,591
307,283,627
307,284,656
307,286,341
307,287,528
307,288,531
307,290,593
307,291,318
307,293,518
307,294,529
307,295,589
307,297,272
307,298,515
307,300,471
307,301,525
307,303,264
307,304,481
307,305,413
307,307,489
307,308,251
307,310,418
307,311,384
307,313,419
307,314,217
307,315,376
307,317,354
307,318,395
307,320,174
307,321,395
307,322,303
307,324,344
307,325,143
307,327,287
307,328,274
307,330,301
307,331,120
307,332,243
307,334,190
307,335,242
307,337,122
307,338,223
307,339,183
307,341,206
307,342,86
307,344,195
307,345,162
307,347,172
307,348,70
307,349,147
307,351,117
307,352,128
307,354,44
307,355,108
307,357,80
307,358,93
307,359,53
307,361,80
307,362,56
307,364,102
307,365,18
307,366,54
307,367,39
308,11,3
308,16,4
308,17,1
308,18,2
308,20,2
308,21,3
308,23,8
308,24,4
308,26,5
308,27,6
308,28,12
308,30,5
308,31,10
308,33,5
308,34,16
308,36,8
308,37,14
308,38,10
308,40,13
308,41,11
308,43,17
308,44,13
308,45,13
308,47,13
308,48,12
308,50,18
308,51,22
308,53,21
308,54,15
308,55,19
308,57,33
308,58,27
308,60,16
308,61,23
308,63,36
308,64,33
308,65,23
308,67,34
308,68,29
308,70,32
308,71,36
308,72,40
308,74,55
308,75,36
308,77,34
308,78,46
308,80,58
308,81,52
308,82,44
308,84,53
308,85,69
308,87,47
308,88,55
308,89,68
308,91,75
308,92,50
308,94,56
308,95,76
308,97,67
308,98,62
308,99,49
308,101,60
308,102,77
308,104,78
308,105,67
308,107,84
308,108,97
308,109,72
308,111,95
308,112,97
308,114,119
308,115,92
308,116,102
308,118,111
308,119,129
308,121,97
308,122,117
308,124,110
308,125,126
308,126,78
308,128,116
308,129,134
308,131,160
308,132,138
308,134,117
308,135,123
308,136,166
308,138,102
308,139,130
308,141,148
308,142,158
308,143,127
308,145,127
308,146,183
308,148,176
308,149,113
308,151,138
308,152,180
308,153,201
308,155,158
308,156,151
308,158,159
308,159,207
308,161,131
308,162,188
308,163,181
308,165,227
308,166,128
308,168,174
308,169,183
308,170,241
308,172,137
308,173,192
308,175,195
308,176,264
308,178,152
308,179,222
308,180,211
308,182,263
308,183,138
308,185,193
308,186,205
308,188,289
308,189,186
308,190,263
308,192,226
308,193,291
308,195,167
308,196,232
308,197,224
308,199,289
308,200,190
308,202,283
308,203,206
308,205,300
308,206,164
308,207,264
308,209,208
308,210,316
308,212,194
308,213,329
308,214,223
308,216,313
308,217,141
308,219,286
308,220,249
308,222,324
308,223,177
308,224,301
308,226,209
308,227,328
308,229,196
308,230,320
308,232,237
308,233,292
308,234,196
308,236,291
308,237,199
308,239,304
308,240,190
308,241,288
308,243,192
308,244,350
308,246,191
308,247,342
308,249,213
308,250,351
308,251,197
308,253,260
308,254,204
308,256,311
308,257,201
308,259,311
308,260,202
308,261,335
308,263,185
308,264,254
308,266,192
308,267,278
308,268,188
308,270,287
308,271,205
308,273,294
308,274,144
308,276,259
308,277,189
308,278,267
308,280,171
308,281,228
308,283,176
308,284,256
308,286,136
308,287,228
308,288,174
308,290,227
308,291,147
308,293,229
308,294,139
308,295,228
308,297,128
308,298,181
308,300,126
308,301,187
308,303,132
308,304,152
308,305,135
308,307,161
308,308,113
308,310,136
308,311,108
308,313,130
308,314,106
308,315,124
308,317,93
308,318,135
308,320,72
308,321,128
308,322,80
308,324,85
308,325,87
308,327,102
308,328,61
308,330,94
308,331,71
308,332,91
308,334,64
308,335,75
308,337,52
308,338,67
308,339,60
308,341,67
308,342,37
308,344,47
308,345,26
308,347,47
308,348,49
308,349,37
308,351,23
308,352,35
308,354,18
308,355,28
308,357,21
308,358,30
308,359,19
308,361,23
308,362,5
308,364,29
308,365,4
308,366,12
308,367,12
310,10,2
310,11,1
310,13,4
310,14,9
310,16,6
310,17,5
310,18,3
310,20,7
310,21,7
310,23,8
310,24,9
310,26,3
310,27,8
310,28,12
310,30,11
310,31,8
310,33,9
310,34,8
310,36,13
310,37,16
310,38,12
310,40,17
310,41,10
310,43,19
310,44,23
310,45,13
310,47,32
310,48,18
310,50,31
310,51,34
310,53,25
310,54,23
310,55,23
310,57,27
310,58,41
310,60,25
310,61,45
310,63,45
310,64,44
310,65,33
310,67,44
310,68,38
310,70,43
310,71,48
310,72,60
310,74,52
310,75,58
310,77,66
310,78,58
310,80,65
310,81,60
310,82,63
310,84,72
310,85,87
310,87,76
310,88,71
310,89,88
310,91,88
310,92,79
310,94,94
310,95,134
310,97,99
310,98,105
310,99,100
310,101,135
310,102,114
310,104,90
310,105,91
310,107,159
310,108,137
310,109,120
310,111,110
310,112,169
310,114,149
310,115,120
310,116,143
310,118,209
310,119,160
310,121,149
310,122,146
310,124,190
310,125,158
310,126,137
310,128,179
310,129,247
310,131,193
310,132,158
310,134,166
310,135,228
310,136,198
310,138,149
310,139,195
310,141,275
310,142,217
310,143,141
310,145,200
310,146,274
310,148,252
310,149,190
310,151,182
310,152,310
310,153,245
310,155,193
310,156,197
310,158,322
310,159,250
310,161,224
310,162,256
310,163,347
310,165,282
310,166,201
310,168,242
310,169,315
310,170,263
310,172,229
310,173,249
310,175,360
310,176,333
310,178,203
310,179,292
310,180,362
310,182,351
310,183,216
310,185,278
310,186,399
310,188,361
310,189,248
310,190,296
310,192,364
310,193,351
310,195,256
310,196,306
310,197,408
310,199,352
310,200,236
310,202,307
310,203,370
310,205,355
310,206,272
310,207,310
310,209,397
310,210,395
310,212,282
310,213,330
310,214,411
310,216,410
310,217,259
310,219,350
310,220,440
310,222,426
310,223,308
310,224,364
310,226,443
310,227,467
310,229,284
310,230,410
310,232,445
310,233,433
310,234,321
310,236,368
310,237,393
310,239,439
310,240,288
310,241,363
310,243,406
310,244,458
310,246,302
310,247,401
310,249,439
310,250,494
310,251,284
310,253,386
310,254,372
310,256,460
310,257,305
310,259,369
310,260,413
310,261,468
310,263,299
310,264,365
310,266,349
310,267,462
310,268,251
310,270,415
310,271,375
310,273,461
310,274,259
310,276,382
310,277,328
310,278,400
310,280,243
310,281,350
310,283,328
310,284,442
310,286,224
310,287,347
310,288,288
310,290,390
310,291,242
310,293,312
310,294,297
310,295,362
310,297,216
310,298,310
310,300,261
310,301,344
310,303,194
310,304,234
310,305,227
310,307,300
310,308,150
310,310,241
310,311,181
310,313,266
310,314,140
310,315,219
310,317,180
310,318,298
310,320,155
310,321,211
310,322,136
310,324,208
310,325,114
310,327,163
310,328,120
310,330,173
310,331,109
310,332,137
310,334,103
310,335,122
310,337,69
310,338,142
310,339,81
310,341,121
310,342,54
310,344,91
310,345,61
310,347,86
310,348,51
310,349,72
310,351,45
310,352,65
310,354,28
310,355,50
310,357,34
310,358,49
310,359,20
310,361,26
310,362,22
310,364,33
310,365,5
310,366,17
310,367,9
311,10,3
311,11,3
311,13,3
311,14,7
311,16,2
311,17,1
311,21,1
311,23,3
311,24,6
311,26,2
311,27,4
311,28,6
311,30,8
311,31,7
311,33,10
311,34,9
311,36,7
311,37,10
311,38,8
311,40,10
311,41,6
311,43,12
311,44,8
311,45,5
311,47,15
311,48,11
311,50,13
311,51,19
311,53,14
311,54,11
311,55,17
311,57,21
311,58,18
311,60,27
311,61,15
311,63,21
311,64,31
311,65,32
311,67,20
311,68,28
311,70,23
311,71,43
311,72,26
311,74,42
311,75,24
311,77,27
311,78,41
311,80,39
311,81,34
311,82,38
311,84,47
311,85,55
311,87,45
311,88,48
311,89,54
311,91,59
311,92,46
311,94,43
311,95,45
311,97,78
311,98,48
311,99,64
311,101,64
311,102,60
311,104,45
311,105,56
311,107,63
311,108,77
311,109,64
311,111,77
311,112,75
311,114,94
311,115,55
311,116,86
311,118,106
311,119,124
311,121,67
311,122,105
311,124,125
311,125,113
311,126,69
311,128,123
311,129,109
311,131,126
311,132,86
311,134,136
311,135,137
311,136,130
311,138,77
311,139,141
311,141,134
311,142,160
311,143,101
311,145,139
311,146,137
311,148,151
311,149,94
311,151,137
311,152,152
311,153,170
311,155,97
311,156,159
311,158,179
311,159,181
311,161,112
311,162,173
311,163,167
311,165,178
311,166,121
311,168,167
311,169,185
311,170,215
311,172,100
311,173,147
311,175,173
311,176,197
311,178,106
311,179,194
311,180,190
311,182,216
311,183,123
311,185,219
311,186,203
311,188,249
311,189,154
311,190,233
311,192,236
311,193,227
311,195,133
311,196,250
311,197,223
311,199,254
311,200,127
311,202,258
311,203,239
311,205,289
311,206,133
311,207,229
311,209,224
311,210,265
311,212,145
311,213,269
311,214,239
311,216,293
311,217,153
311,219,255
311,220,248
311,222,297
311,223,187
311,224,248
311,226,252
311,227,324
311,229,145
311,230,289
311,232,231
311,233,296
311,234,168
311,236,278
311,237,263
311,239,336
311,240,164
311,241,293
311,243,259
311,244,310
311,246,185
311,247,316
311,249,286
311,250,325
311,251,175
311,253,228
311,254,227
311,256,294
311,257,185
311,259,263
311,260,258
311,261,303
311,263,186
311,264,270
311,266,234
311,267,276
311,268,177
311,270,252
311,271,224
311,273,293
311,274,172
311,276,244
311,277,223
311,278,279
311,280,174
311,281,246
311,283,218
311,284,256
311,286,145
311,287,199
311,288,203
311,290,227
311,291,170
311,293,198
311,294,177
311,295,234
311,297,131
311,298,182
311,300,133
311,301,196
311,303,135
311,304,158
311,305,144
311,307,193
311,308,106
311,310,172
311,311,128
311,313,136
311,314,100
311,315,123
311,317,117
311,318,149
311,320,90
311,321,100
311,322,94
311,324,105
311,325,63
311,327,83
311,328,85
311,330,89
311,331,69
311,332,85
311,334,68
311,335,73
311,337,40
311,338,69
311,339,50
311,341,56
311,342,28
311,344,37
311,345,35
311,347,56
311,348,32
311,349,39
311,351,37
311,352,48
311,354,27
311,355,32
311,357,26
311,358,20
311,359,14
311,361,21
311,362,14
311,364,19
311,365,5
311,366,8
311,367,6
313,10,5
313,11,2
313,13,3
313,14,7
313,16,8
313,17,8
313,18,2
313,20,4
313,21,7
313,23,9
313,24,6
313,26,5
313,27,7
313,28,10
313,30,6
313,31,12
313,33,16
313,34,11
313,36,13
313,37,13
313,38,19
313,40,12
313,41,15
313,43,17
313,44,16
313,45,21
313,47,20
313,48,28
313,50,26
313,51,24
313,53,28
313,54,27
313,55,32
313,57,28
313,58,29
313,60,28
313,61,42
313,63,37
313,64,31
313,65,42
313,67,44
313,68,39
313,70,40
313,71,37
313,72,48
313,74,63
313,75,66
313,77,51
313,78,69
313,80,82
313,81,54
313,82,64
313,84,66
313,85,79
313,87,64
313,88,64
313,89,96
313,91,83
313,92,80
313,94,105
313,95,120
313,97,106
313,98,94
313,99,95
313,101,126
313,102,109
313,104,89
313,105,108
313,107,136
313,108,104
313,109,115
313,111,113
313,112,154
313,114,132
313,115,82
313,116,137
313,118,152
313,119,179
313,121,133
313,122,134
313,124,195
313,125,165
313,126,140
313,128,145
313,129,189
313,131,189
313,132,141
313,134,185
313,135,254
313,136,197
313,138,154
313,139,196
313,141,221
313,142,243
313,143,160
313,145,215
313,146,263
313,148,257
313,149,179
313,151,208
313,152,280
313,153,260
313,155,180
313,156,226
313,158,350
313,159,263
313,161,175
313,162,235
313,163,318
313,165,345
313,166,208
313,168,262
313,169,356
313,170,332
313,172,168
313,173,253
313,175,333
313,176,295
313,178,222
313,179,263
313,180,377
313,182,343
313,183,211
313,185,276
313,186,373
313,188,353
313,189,253
313,190,329
313,192,449
313,193,384
313,195,216
313,196,315
313,197,382
313,199,357
313,200,238
313,202,340
313,203,462
313,205,415
313,206,229
313,207,338
313,209,458
313,210,379
313,212,263
313,213,368
313,214,513
313,216,450
313,217,267
313,219,397
313,220,472
313,222,398
313,223,271
313,224,451
313,226,526
313,227,435
313,229,257
313,230,387
313,232,480
313,233,462
313,234,291
313,236,428
313,237,600
313,239,476
313,240,273
313,241,439
313,243,462
313,244,471
313,246,306
313,247,449
313,249,586
313,250,485
313,251,298
313,253,426
313,254,526
313,256,522
313,257,297
313,259,470
313,260,521
313,261,501
313,263,283
313,264,468
313,266,474
313,267,457
313,268,282
313,270,443
313,271,557
313,273,476
313,274,266
313,276,422
313,277,445
313,278,477
313,280,256
313,281,418
313,283,480
313,284,463
313,286,234
313,287,380
313,288,379
313,290,418
313,291,236
313,293,384
313,294,457
313,295,407
313,297,176
313,298,330
313,300,316
313,301,360
313,303,186
313,304,330
313,305,323
313,307,382
313,308,169
313,310,290
313,311,246
313,313,288
313,314,168
313,315,267
313,317,244
313,318,286
313,320,112
313,321,228
313,322,196
313,324,253
313,325,106
313,327,182
313,328,165
313,330,172
313,331,81
313,332,146
313,334,161
313,335,178
313,337,78
313,338,137
313,339,100
313,341,145
313,342,49
313,344,93
313,345,75
313,347,113
313,348,37
313,349,103
313,351,68
313,352,77
313,354,26
313,355,43
313,357,52
313,358,41
313,359,21
313,361,48
313,362,26
313,364,51
313,365,6
313,366,22
313,367,17
314,10,1
314,11,2
314,14,2
314,16,2
314,17,2
314,18,2
314,20,3
314,21,2
314,23,5
314,24,5
314,26,2
314,27,2
314,28,4
314,30,5
314,31,4
314,33,3
314,34,5
314,36,4
314,37,4
314,38,9
314,40,8
314,41,9
314,43,6
314,44,8
314,45,16
314,47,6
314,48,11
314,50,10
314,51,8
314,53,14
314,54,10
314,55,10
314,57,20
314,58,11
314,60,17
314,61,22
314,63,20
314,64,22
314,65,36
314,67,17
314,68,32
314,70,20
314,71,19
314,72,31
314,74,31
314,75,16
314,77,18
314,78,39
314,80,28
314,81,30
314,82,33
314,84,30
314,85,35
314,87,38
314,88,41
314,89,44
314,91,40
314,92,46
314,94,45
314,95,63
314,97,68
314,98,46
314,99,46
314,101,59
314,102,78
314,104,56
314,105,43
314,107,74
314,108,57
314,109,59
314,111,53
314,112,73
314,114,82
314,115,43
314,116,57
314,118,67
314,119,81
314,121,63
314,122,77
314,124,86
314,125,95
314,126,68
314,128,72
314,129,92
314,131,103
314,132,72
314,134,95
314,135,83
314,136,104
314,138,82
314,139,91
314,141,118
314,142,109
314,143,82
314,145,119
314,146,127
314,148,144
314,149,93
314,151,101
314,152,108
314,153,147
314,155,108
314,156,118
314,158,146
314,159,175
314,161,106
314,162,112
314,163,114
314,165,131
314,166,121
314,168,142
314,169,148
314,170,174
314,172,90
314,173,129
314,175,131
314,176,180
314,178,130
314,179,162
314,180,136
314,182,184
314,183,95
314,185,174
314,186,135
314,188,184
314,189,108
314,190,160
314,192,147
314,193,211
314,195,110
314,196,162
314,197,139
314,199,233
314,200,127
314,202,186
314,203,157
314,205,220
314,206,131
314,207,199
314,209,147
314,210,226
314,212,109
314,213,195
314,214,182
314,216,241
314,217,120
314,219,213
314,220,170
314,222,199
314,223,135
314,224,244
314,226,166
314,227,231
314,229,133
314,230,206
314,232,176
314,233,213
314,234,132
314,236,218
314,237,194
314,239,221
314,240,124
314,241,207
314,243,143
314,244,219
314,246,141
314,247,214
314,249,168
314,250,284
314,251,136
314,253,202
314,254,159
314,256,237
314,257,116
314,259,203
314,260,156
314,261,235
314,263,141
314,264,198
314,266,143
314,267,190
314,268,125
314,270,229
314,271,158
314,273,217
314,274,120
314,276,148
314,277,126
314,278,164
314,280,126
314,281,168
314,283,125
314,284,174
314,286,114
314,287,163
314,288,98
314,290,138
314,291,113
314,293,125
314,294,118
314,295,143
314,297,90
314,298,121
314,300,90
314,301,102
314,303,77
314,304,100
314,305,101
314,307,95
314,308,64
314,310,79
314,311,74
314,313,98
314,314,79
314,315,86
314,317,78
314,318,80
314,320,73
314,321,73
314,322,56
314,324,63
314,325,44
314,327,69
314,328,41
314,330,57
314,331,34
314,332,56
314,334,39
314,335,52
314,337,41
314,338,39
314,339,32
314,341,30
314,342,27
314,344,21
314,345,20
314,347,33
314,348,26
314,349,25
314,351,27
314,352,22
314,354,18
314,355,22
314,357,18
314,358,14
314,359,10
314,361,15
314,362,8
314,364,19
314,365,3
314,366,8
314,367,5
315,10,4
315,11,3
315,13,1
315,14,5
315,16,2
315,17,3
315,18,3
315,20,3
315,21,5
315,23,5
315,24,5
315,26,7
315,27,5
315,28,9
315,30,5
315,31,5
315,33,14
315,34,3
315,36,8
315,37,10
315,38,12
315,40,12
315,41,11
315,43,11
315,44,13
315,45,12
315,47,9
315,48,11
315,50,20
315,51,20
315,53,18
315,54,18
315,55,22
315,57,15
315,58,21
315,60,27
315,61,25
315,63,21
315,64,24
315,65,25
315,67,33
315,68,36
315,70,27
315,71,33
315,72,49
315,74,31
315,75,33
315,77,50
315,78,42
315,80,53
315,81,40
315,82,40
315,84,57
315,85,55
315,87,55
315,88,66
315,89,87
315,91,57
315,92,70
315,94,67
315,95,80
315,97,71
315,98,64
315,99,70
315,101,90
315,102,81
315,104,66
315,105,73
315,107,121
315,108,84
315,109,84
315,111,83
315,112,127
315,114,123
315,115,91
315,116,91
315,118,132
315,119,105
315,121,92
315,122,113
315,124,163
315,125,129
315,126,100
315,128,86
315,129,159
315,131,130
315,132,118
315,134,116
315,135,201
315,136,142
315,138,123
315,139,99
315,141,193
315,142,163
315,143,132
315,145,159
315,146,225
315,148,178
315,149,129
315,151,140
315,152,203
315,153,167
315,155,184
315,156,167
315,158,230
315,159,214
315,161,159
315,162,181
315,163,214
315,165,226
315,166,169
315,168,196
315,169,280
315,170,237
315,172,167
315,173,190
315,175,254
315,176,211
315,178,173
315,179,212
315,180,300
315,182,274
315,183,156
315,185,212
315,186,272
315,188,254
315,189,198
315,190,249
315,192,316
315,193,293
315,195,200
315,196,238
315,197,263
315,199,284
315,200,210
315,202,256
315,203,365
315,205,321
315,206,190
315,207,235
315,209,257
315,210,296
315,212,242
315,213,235
315,214,323
315,216,331
315,217,195
315,219,245
315,220,312
315,222,296
315,223,201
315,224,292
315,226,304
315,227,342
315,229,192
315,230,260
315,232,314
315,233,314
315,234,250
315,236,290
315,237,313
315,239,352
315,240,206
315,241,261
315,243,278
315,244,282
315,246,214
315,247,266
315,249,333
315,250,351
315,251,178
315,253,284
315,254,267
315,256,338
315,257,228
315,259,274
315,260,286
315,261,339
315,263,200
315,264,276
315,266,265
315,267,308
315,268,183
315,270,272
315,271,265
315,273,285
315,274,168
315,276,256
315,277,248
315,278,282
315,280,174
315,281,226
315,283,228
315,284,289
315,286,149
315,287,219
315,288,206
315,290,230
315,291,149
315,293,210
315,294,189
315,295,254
315,297,134
315,298,177
315,300,169
315,301,226
315,303,108
315,304,196
315,305,161
315,307,201
315,308,101
315,310,161
315,311,105
315,313,151
315,314,100
315,315,137
315,317,126
315,318,164
315,320,71
315,321,110
315,322,88
315,324,131
315,325,53
315,327,96
315,328,92
315,330,104
315,331,50
315,332,81
315,334,80
315,335,95
315,337,32
315,338,76
315,339,56
315,341,91
315,342,30
315,344,54
315,345,60
315,347,63
315,348,37
315,349,39
315,351,42
315,352,48
315,354,17
315,355,32
315,357,30
315,358,31
315,359,13
315,361,18
315,362,14
315,364,16
315,365,2
315,366,11
315,367,6
317,10,1
317,13,1
317,16,1
317,18,4
317,21,2
317,23,3
317,24,2
317,26,1
317,27,7
317,28,3
317,30,2
317,31,4
317,33,5
317,34,7
317,36,4
317,37,6
317,38,1
317,40,4
317,41,3
317,43,3
317,44,4
317,45,8
317,47,8
317,48,7
317,50,3
317,51,14
317,53,11
317,54,11
317,55,10
317,57,14
317,58,10
317,60,9
317,61,15
317,63,14
317,64,16
317,65,12
317,67,9
317,68,19
317,70,15
317,71,31
317,72,22
317,74,22
317,75,15
317,77,26
317,78,27
317,80,18
317,81,17
317,82,30
317,84,34
317,85,42
317,87,20
317,88,27
317,89,44
317,91,40
317,92,39
317,94,55
317,95,45
317,97,51
317,98,39
317,99,43
317,101,48
317,102,51
317,104,47
317,105,44
317,107,46
317,108,49
317,109,49
317,111,71
317,112,57
317,114,59
317,115,37
317,116,59
317,118,60
317,119,72
317,121,52
317,122,87
317,124,82
317,125,92
317,126,49
317,128,69
317,129,89
317,131,82
317,132,64
317,134,95
317,135,109
317,136,99
317,138,75
317,139,101
317,141,91
317,142,108
317,143,71
317,145,106
317,146,103
317,148,132
317,149,75
317,151,86
317,152,136
317,153,125
317,155,101
317,156,120
317,158,125
317,159,130
317,161,71
317,162,119
317,163,130
317,165,130
317,166,64
317,168,125
317,169,125
317,170,134
317,172,79
317,173,102
317,175,131
317,176,154
317,178,107
317,179,139
317,180,154
317,182,175
317,183,82
317,185,145
317,186,164
317,188,174
317,189,98
317,190,158
317,192,156
317,193,181
317,195,87
317,196,139
317,197,158
317,199,182
317,200,109
317,202,196
317,203,175
317,205,185
317,206,109
317,207,164
317,209,168
317,210,203
317,212,112
317,213,203
317,214,174
317,216,215
317,217,94
317,219,192
317,220,164
317,222,194
317,223,132
317,224,215
317,226,191
317,227,216
317,229,104
317,230,208
317,232,182
317,233,182
317,234,124
317,236,221
317,237,180
317,239,224
317,240,127
317,241,187
317,243,160
317,244,210
317,246,133
317,247,202
317,249,181
317,250,220
317,251,124
317,253,175
317,254,173
317,256,190
317,257,121
317,259,205
317,260,173
317,261,190
317,263,104
317,264,190
317,266,139
317,267,180
317,268,113
317,270,181
317,271,159
317,273,175
317,274,113
317,276,174
317,277,152
317,278,188
317,280,108
317,281,155
317,283,145
317,284,160
317,286,92
317,287,131
317,288,131
317,290,137
317,291,102
317,293,140
317,294,104
317,295,130
317,297,77
317,298,122
317,300,99
317,301,111
317,303,78
317,304,84
317,305,79
317,307,92
317,308,76
317,310,107
317,311,76
317,313,74
317,314,73
317,315,89
317,317,68
317,318,63
317,320,48
317,321,59
317,322,66
317,324,75
317,325,39
317,327,77
317,328,53
317,330,58
317,331,35
317,332,33
317,334,54
317,335,54
317,337,33
317,338,36
317,339,27
317,341,45
317,342,30
317,344,33
317,345,20
317,347,25
317,348,15
317,349,17
317,351,25
317,352,17
317,354,8
317,355,18
317,357,15
317,358,18
317,359,11
317,361,13
317,362,4
317,364,8
317,365,3
317,366,5
317,367,6
318,10,4
318,13,1
318,14,2
318,16,4
318,17,2
318,18,3
318,20,1
318,21,3
318,23,5
318,24,3
318,26,5
318,27,2
318,28,7
318,30,2
318,31,5
318,33,5
318,34,7
318,36,9
318,37,6
318,38,5
318,40,6
318,41,8
318,43,5
318,44,9
318,45,14
318,47,16
318,48,4
318,50,18
318,51,16
318,53,17
318,54,13
318,55,12
318,57,21
318,58,22
318,60,20
318,61,14
318,63,28
318,64,27
318,65,13
318,67,24
318,68,31
318,70,27
318,71,26
318,72,35
318,74,45
318,75,26
318,77,23
318,78,51
318,80,42
318,81,41
318,82,31
318,84,58
318,85,46
318,87,36
318,88,32
318,89,72
318,91,59
318,92,47
318,94,43
318,95,65
318,97,76
318,98,54
318,99,47
318,101,85
318,102,71
318,104,52
318,105,63
318,107,93
318,108,90
318,109,81
318,111,74
318,112,108
318,114,90
318,115,78
318,116,81
318,118,120
318,119,91
318,121,84
318,122,104
318,124,116
318,125,104
318,126,95
318,128,97
318,129,127
318,131,107
318,132,108
318,134,80
318,135,174
318,136,134
318,138,89
318,139,118
318,141,164
318,142,143
318,143,111
318,145,142
318,146,184
318,148,160
318,149,134
318,151,126
318,152,216
318,153,186
318,155,123
318,156,156
318,158,203
318,159,175
318,161,118
318,162,166
318,163,226
318,165,227
318,166,151
318,168,172
318,169,244
318,170,206
318,172,147
318,173,156
318,175,229
318,176,230
318,178,186
318,179,234
318,180,245
318,182,228
318,183,134
318,185,200
318,186,241
318,188,252
318,189,132
318,190,232
318,192,262
318,193,261
318,195,143
318,196,216
318,197,245
318,199,255
318,200,173
318,202,207
318,203,323
318,205,295
318,206,155
318,207,240
318,209,297
318,210,244
318,212,180
318,213,247
318,214,308
318,216,270
318,217,200
318,219,266
318,220,309
318,222,275
318,223,187
318,224,269
318,226,396
318,227,332
318,229,178
318,230,263
318,232,298
318,233,278
318,234,203
318,236,270
318,237,367
318,239,307
318,240,189
318,241,289
318,243,361
318,244,303
318,246,216
318,247,275
318,249,386
318,250,318
318,251,180
318,253,300
318,254,333
318,256,328
318,257,193
318,259,279
318,260,358
318,261,306
318,263,163
318,264,277
318,266,309
318,267,305
318,268,206
318,270,300
318,271,340
318,273,335
318,274,163
318,276,268
318,277,283
318,278,284
318,280,178
318,281,254
318,283,279
318,284,324
318,286,168
318,287,247
318,288,263
318,290,300
318,291,135
318,293,216
318,294,271
318,295,271
318,297,129
318,298,187
318,300,209
318,301,229
318,303,124
318,304,187
318,305,191
318,307,207
318,308,95
318,310,174
318,311,159
318,313,193
318,314,98
318,315,180
318,317,145
318,318,184
318,320,72
318,321,138
318,322,118
318,324,139
318,325,63
318,327,104
318,328,94
318,330,127
318,331,63
318,332,101
318,334,92
318,335,116
318,337,41
318,338,73
318,339,66
318,341,92
318,342,27
318,344,67
318,345,60
318,347,64
318,348,19
318,349,42
318,351,42
318,352,47
318,354,20
318,355,29
318,357,27
318,358,42
318,359,21
318,361,34
318,362,27
318,364,53
318,365,2
318,366,14
318,367,15
320,16,1
320,17,1
320,18,1
320,20,2
320,23,4
320,26,4
320,27,1
320,28,1
320,30,3
320,31,1
320,33,2
320,34,4
320,36,3
320,37,1
320,38,2
320,40,7
320,41,5
320,43,6
320,44,2
320,45,4
320,47,6
320,48,3
320,50,3
320,51,10
320,53,5
320,54,3
320,55,11
320,57,7
320,58,5
320,60,12
320,61,6
320,63,12
320,64,10
320,65,8
320,67,14
320,68,9
320,70,9
320,71,14
320,72,10
320,74,14
320,75,15
320,77,15
320,78,4
320,80,17
320,81,12
320,82,12
320,84,22
320,85,19
320,87,17
320,88,20
320,89,23
320,91,31
320,92,27
320,94,23
320,95,26
320,97,37
320,98,24
320,99,24
320,101,34
320,102,35
320,104,23
320,105,41
320,107,29
320,108,39
320,109,32
320,111,34
320,112,42
320,114,41
320,115,32
320,116,42
320,118,47
320,119,53
320,121,43
320,122,53
320,124,52
320,125,50
320,126,39
320,128,38
320,129,51
320,131,54
320,132,58
320,134,51
320,135,64
320,136,70
320,138,53
320,139,56
320,141,62
320,142,83
320,143,51
320,145,73
320,146,71
320,148,67
320,149,66
320,151,66
320,152,69
320,153,112
320,155,65
320,156,84
320,158,74
320,159,96
320,161,57
320,162,68
320,163,75
320,165,127
320,166,72
320,168,98
320,169,89
320,170,102
320,172,65
320,173,85
320,175,88
320,176,96
320,178,83
320,179,110
320,180,82
320,182,113
320,183,60
320,185,97
320,186,100
320,188,115
320,189,96
320,190,107
320,192,107
320,193,136
320,195,88
320,196,117
320,197,87
320,199,136
320,200,88
320,202,130
320,203,119
320,205,136
320,206,85
320,207,138
320,209,119
320,210,150
320,212,84
320,213,124
320,214,106
320,216,164
320,217,84
320,219,134
320,220,97
320,222,139
320,223,85
320,224,139
320,226,91
320,227,163
320,229,75
320,230,137
320,232,114
320,233,143
320,234,78
320,236,147
320,237,96
320,239,151
320,240,96
320,241,124
320,243,94
320,244,152
320,246,115
320,247,143
320,249,107
320,250,143
320,251,79
320,253,141
320,254,107
320,256,170
320,257,86
320,259,130
320,260,108
320,261,132
320,263,79
320,264,105
320,266,86
320,267,114
320,268,76
320,270,123
320,271,87
320,273,124
320,274,63
320,276,114
320,277,84
320,278,126
320,280,61
320,281,101
320,283,76
320,284,91
320,286,49
320,287,97
320,288,68
320,290,77
320,291,65
320,293,98
320,294,77
320,295,86
320,297,56
320,298,69
320,300,62
320,301,82
320,303,59
320,304,79
320,305,57
320,307,65
320,308,35
320,310,49
320,311,53
320,313,49
320,314,37
320,315,49
320,317,35
320,318,52
320,320,23
320,321,34
320,322,33
320,324,44
320,325,27
320,327,45
320,328,24
320,330,43
320,331,19
320,332,29
320,334,21
320,335,30
320,337,24
320,338,7
320,339,20
320,341,25
320,342,14
320,344,19
320,345,17
320,347,19
320,348,10
320,349,15
320,351,19
320,352,10
320,354,4
320,355,13
320,357,8
320,358,12
320,359,6
320,361,2
320,362,3
320,364,11
320,365,1
320,366,5
320,367,7
321,10,1
321,11,2
321,13,1
321,14,1
321,16,3
321,17,1
321,18,2
321,21,3
321,23,4
321,26,3
321,27,2
321,28,4
321,30,2
321,31,3
321,33,7
321,34,1
321,36,3
321,37,3
321,38,6
321,40,6
321,41,2
321,43,6
321,44,6
321,45,6
321,47,5
321,48,7
321,50,14
321,51,11
321,53,13
321,54,7
321,55,11
321,57,8
321,58,11
321,60,7
321,61,17
321,63,8
321,64,13
321,65,19
321,67,9
321,68,12
321,70,8
321,71,26
321,72,22
321,74,14
321,75,14
321,77,16
321,78,21
321,80,19
321,81,21
321,82,27
321,84,35
321,85,28
321,87,27
321,88,28
321,89,36
321,91,40
321,92,35
321,94,37
321,95,40
321,97,26
321,98,27
321,99,31
321,101,55
321,102,36
321,104,33
321,105,39
321,107,51
321,108,42
321,109,44
321,111,67
321,112,56
321,114,56
321,115,55
321,116,64
321,118,82
321,119,59
321,121,60
321,122,56
321,124,102
321,125,68
321,126,56
321,128,83
321,129,111
321,131,88
321,132,88
321,134,88
321,135,91
321,136,75
321,138,68
321,139,82
321,141,119
321,142,81
321,143,75
321,145,100
321,146,121
321,148,95
321,149,67
321,151,98
321,152,158
321,153,137
321,155,90
321,156,116
321,158,167
321,159,128
321,161,92
321,162,120
321,163,136
321,165,141
321,166,81
321,168,123
321,169,159
321,170,147
321,172,80
321,173,143
321,175,182
321,176,138
321,178,95
321,179,136
321,180,165
321,182,160
321,183,109
321,185,126
321,186,206
321,188,179
321,189,126
321,190,144
321,192,169
321,193,145
321,195,110
321,196,138
321,197,185
321,199,187
321,200,123
321,202,151
321,203,208
321,205,216
321,206,113
321,207,170
321,209,216
321,210,174
321,212,126
321,213,141
321,214,196
321,216,195
321,217,143
321,219,179
321,220,198
321,222,226
321,223,134
321,224,165
321,226,195
321,227,202
321,229,138
321,230,196
321,232,176
321,233,199
321,234,134
321,236,203
321,237,184
321,239,213
321,240,119
321,241,162
321,243,194
321,244,217
321,246,125
321,247,220
321,249,197
321,250,242
321,251,121
321,253,156
321,254,178
321,256,224
321,257,137
321,259,180
321,260,183
321,261,179
321,263,131
321,264,173
321,266,175
321,267,178
321,268,123
321,270,160
321,271,179
321,273,225
321,274,116
321,276,159
321,277,159
321,278,200
321,280,113
321,281,149
321,283,145
321,284,172
321,286,108
321,287,126
321,288,130
321,290,173
321,291,83
321,293,146
321,294,118
321,295,176
321,297,73
321,298,126
321,300,113
321,301,153
321,303,72
321,304,99
321,305,102
321,307,120
321,308,65
321,310,113
321,311,105
321,313,94
321,314,57
321,315,105
321,317,48
321,318,95
321,320,57
321,321,82
321,322,65
321,324,73
321,325,53
321,327,73
321,328,48
321,330,63
321,331,37
321,332,26
321,334,31
321,335,65
321,337,29
321,338,39
321,339,26
321,341,40
321,342,22
321,344,34
321,345,26
321,347,36
321,348,18
321,349,16
321,351,16
321,352,23
321,354,8
321,355,21
321,357,7
321,358,16
321,359,8
321,361,9
321,362,8
321,364,16
321,365,2
321,366,3
321,367,7
322,16,1
322,17,1
322,18,1
322,20,3
322,23,2
322,24,1
322,26,3
322,28,3
322,30,1
322,31,2
322,33,5
322,34,4
322,36,3
322,37,1
322,38,1
322,40,1
322,41,4
322,43,1
322,45,5
322,47,4
322,48,2
322,50,4
322,51,6
322,53,6
322,54,2
322,55,3
322,57,6
322,58,5
322,60,5
322,61,5
322,63,6
322,64,9
322,65,8
322,67,4
322,68,7
322,70,7
322,71,14
322,72,12
322,74,15
322,75,10
322,77,11
322,78,10
322,80,14
322,81,12
322,82,15
322,84,15
322,85,11
322,87,11
322,88,20
322,89,16
322,91,14
322,92,17
322,94,20
322,95,23
322,97,33
322,98,15
322,99,20
322,101,33
322,102,28
322,104,28
322,105,32
322,107,36
322,108,31
322,109,18
322,111,29
322,112,35
322,114,46
322,115,24
322,116,46
322,118,37
322,119,44
322,121,25
322,122,26
322,124,54
322,125,70
322,126,34
322,128,47
322,129,41
322,131,53
322,132,34
322,134,39
322,135,58
322,136,55
322,138,32
322,139,50
322,141,60
322,142,76
322,143,39
322,145,64
322,146,69
322,148,68
322,149,48
322,151,61
322,152,85
322,153,73
322,155,59
322,156,72
322,158,75
322,159,82
322,161,46
322,162,70
322,163,67
322,165,91
322,166,55
322,168,85
322,169,72
322,170,89
322,172,61
322,173,85
322,175,109
322,176,101
322,178,48
322,179,97
322,180,112
322,182,89
322,183,50
322,185,103
322,186,97
322,188,97
322,189,51
322,190,91
322,192,98
322,193,122
322,195,48
322,196,104
322,197,100
322,199,112
322,200,77
322,202,118
322,203,124
322,205,123
322,206,74
322,207,119
322,209,108
322,210,116
322,212,89
322,213,125
322,214,129
322,216,144
322,217,71
322,219,118
322,220,111
322,222,137
322,223,67
322,224,125
322,226,135
322,227,169
322,229,72
322,230,137
322,232,119
322,233,136
322,234,68
322,236,131
322,237,114
322,239,166
322,240,73
322,241,129
322,243,122
322,244,135
322,246,89
322,247,146
322,249,130
322,250,142
322,251,76
322,253,110
322,254,112
322,256,124
322,257,71
322,259,108
322,260,81
322,261,168
322,263,71
322,264,110
322,266,100
322,267,117
322,268,60
322,270,122
322,271,116
322,273,123
322,274,83
322,276,94
322,277,95
322,278,115
322,280,74
322,281,90
322,283,81
322,284,130
322,286,49
322,287,94
322,288,67
322,290,97
322,291,65
322,293,90
322,294,74
322,295,98
322,297,41
322,298,74
322,300,65
322,301,72
322,303,47
322,304,59
322,305,44
322,307,70
322,308,40
322,310,42
322,311,41
322,313,40
322,314,48
322,315,56
322,317,54
322,318,58
322,320,36
322,321,44
322,322,40
322,324,42
322,325,21
322,327,34
322,328,29
322,330,34
322,331,22
322,332,28
322,334,21
322,335,18
322,337,18
322,338,18
322,339,17
322,341,14
322,342,8
322,344,19
322,345,33
322,347,13
322,348,17
322,349,7
322,351,7
322,352,13
322,354,9
322,355,13
322,357,11
322,358,6
322,359,6
322,361,7
322,362,7
322,364,7
322,365,3
322,366,5
322,367,6
324,10,2
324,11,1
324,17,4
324,18,2
324,21,3
324,26,2
324,27,1
324,28,3
324,30,3
324,31,2
324,34,2
324,36,4
324,37,2
324,38,6
324,40,7
324,41,8
324,43,4
324,44,7
324,45,3
324,47,6
324,48,9
324,50,14
324,51,5
324,53,4
324,54,3
324,55,15
324,57,6
324,58,14
324,60,4
324,61,5
324,63,9
324,64,10
324,65,6
324,67,10
324,68,16
324,70,15
324,71,7
324,72,19
324,74,13
324,75,18
324,77,16
324,78,27
324,80,21
324,81,17
324,82,21
324,84,28
324,85,32
324,87,24
324,88,26
324,89,43
324,91,29
324,92,35
324,94,37
324,95,43
324,97,42
324,98,37
324,99,36
324,101,49
324,102,43
324,104,47
324,105,34
324,107,60
324,108,54
324,109,55
324,111,50
324,112,74
324,114,87
324,115,39
324,116,51
324,118,72
324,119,72
324,121,51
324,122,78
324,124,90
324,125,84
324,126,43
324,128,56
324,129,85
324,131,98
324,132,64
324,134,72
324,135,125
324,136,85
324,138,63
324,139,79
324,141,118
324,142,106
324,143,64
324,145,97
324,146,119
324,148,116
324,149,70
324,151,85
324,152,108
324,153,101
324,155,85
324,156,102
324,158,139
324,159,117
324,161,84
324,162,111
324,163,144
324,165,135
324,166,103
324,168,130
324,169,170
324,170,160
324,172,92
324,173,121
324,175,142
324,176,157
324,178,100
324,179,156
324,180,188
324,182,167
324,183,93
324,185,131
324,186,168
324,188,145
324,189,92
324,190,159
324,192,212
324,193,155
324,195,106
324,196,151
324,197,207
324,199,181
324,200,121
324,202,162
324,203,237
324,205,188
324,206,107
324,207,185
324,209,197
324,210,220
324,212,118
324,213,175
324,214,205
324,216,221
324,217,123
324,219,187
324,220,232
324,222,208
324,223,134
324,224,196
324,226,286
324,227,220
324,229,124
324,230,206
324,232,223
324,233,203
324,234,152
324,236,209
324,237,270
324,239,236
324,240,127
324,241,197
324,243,229
324,244,227
324,246,141
324,247,208
324,249,254
324,250,224
324,251,95
324,253,224
324,254,233
324,256,233
324,257,133
324,259,231
324,260,277
324,261,245
324,263,103
324,264,186
324,266,216
324,267,228
324,268,148
324,270,206
324,271,230
324,273,231
324,274,129
324,276,172
324,277,189
324,278,221
324,280,118
324,281,178
324,283,226
324,284,182
324,286,103
324,287,136
324,288,170
324,290,177
324,291,91
324,293,172
324,294,171
324,295,202
324,297,70
324,298,143
324,300,144
324,301,172
324,303,66
324,304,119
324,305,133
324,307,139
324,308,68
324,310,125
324,311,113
324,313,114
324,314,41
324,315,96
324,317,95
324,318,104
324,320,51
324,321,80
324,322,68
324,324,89
324,325,45
324,327,74
324,328,58
324,330,80
324,331,31
324,332,60
324,334,58
324,335,61
324,337,25
324,338,44
324,339,44
324,341,45
324,342,13
324,344,21
324,345,30
324,347,24
324,348,11
324,349,20
324,351,29
324,352,27
324,354,10
324,355,29
324,357,19
324,358,23
324,359,14
324,361,21
324,362,12
324,364,17
324,365,2
324,366,5
324,367,5
325,11,1
325,17,1
325,23,2
325,24,2
325,27,1
325,28,2
325,30,2
325,31,2
325,33,1
325,34,1
325,36,2
325,37,1
325,38,3
325,40,3
325,41,1
325,43,3
325,45,3
325,47,3
325,48,3
325,50,4
325,51,3
325,53,3
325,54,3
325,55,2
325,57,2
325,58,7
325,60,5
325,61,5
325,63,6
325,64,3
325,65,4
325,67,8
325,68,12
325,70,3
325,71,9
325,72,8
325,74,14
325,75,5
325,77,8
325,78,12
325,80,17
325,81,10
325,82,14
325,84,8
325,85,15
325,87,7
325,88,13
325,89,19
325,91,15
325,92,11
325,94,8
325,95,13
325,97,21
325,98,11
325,99,17
325,101,27
325,102,20
325,104,25
325,105,12
325,107,21
325,108,42
325,109,18
325,111,32
325,112,34
325,114,35
325,115,29
325,116,24
325,118,28
325,119,40
325,121,19
325,122,25
325,124,26
325,125,36
325,126,28
325,128,39
325,129,39
325,131,52
325,132,25
325,134,35
325,135,42
325,136,58
325,138,43
325,139,40
325,141,49
325,142,50
325,143,52
325,145,44
325,146,38
325,148,64
325,149,35
325,151,41
325,152,50
325,153,61
325,155,38
325,156,63
325,158,53
325,159,50
325,161,42
325,162,52
325,163,62
325,165,86
325,166,46
325,168,47
325,169,64
325,170,82
325,172,45
325,173,72
325,175,60
325,176,77
325,178,48
325,179,62
325,180,62
325,182,90
325,183,48
325,185,64
325,186,55
325,188,73
325,189,55
325,190,83
325,192,65
325,193,93
325,195,41
325,196,74
325,197,71
325,199,72
325,200,60
325,202,86
325,203,80
325,205,125
325,206,59
325,207,92
325,209,69
325,210,101
325,212,63
325,213,86
325,214,72
325,216,116
325,217,50
325,219,102
325,220,64
325,222,94
325,223,60
325,224,114
325,226,79
325,227,125
325,229,73
325,230,101
325,232,79
325,233,112
325,234,58
325,236,71
325,237,62
325,239,91
325,240,56
325,241,91
325,243,69
325,244,103
325,246,63
325,247,105
325,249,84
325,250,118
325,251,44
325,253,94
325,254,82
325,256,107
325,257,55
325,259,98
325,260,73
325,261,112
325,263,53
325,264,75
325,266,57
325,267,85
325,268,57
325,270,99
325,271,58
325,273,91
325,274,59
325,276,66
325,277,45
325,278,68
325,280,55
325,281,66
325,283,35
325,284,81
325,286,32
325,287,53
325,288,47
325,290,56
325,291,48
325,293,58
325,294,42
325,295,61
325,297,28
325,298,44
325,300,28
325,301,45
325,303,24
325,304,44
325,305,35
325,307,50
325,308,27
325,310,36
325,311,34
325,313,43
325,314,32
325,315,31
325,317,26
325,318,33
325,320,17
325,321,23
325,322,25
325,324,29
325,325,21
325,327,19
325,328,14
325,330,19
325,331,12
325,332,13
325,334,7
325,335,13
325,337,4
325,338,16
325,339,9
325,341,12
325,342,6
325,344,6
325,345,4
325,347,11
325,348,4
325,349,7
325,351,4
325,352,6
325,355,4
325,357,1
325,358,6
325,359,7
325,361,8
325,362,1
325,364,6
325,366,4
325,367,1
327,10,1
327,11,1
327,14,1
327,17,1
327,18,1
327,20,2
327,21,2
327,24,1
327,27,1
327,28,3
327,30,2
327,33,2
327,34,4
327,36,4
327,37,5
327,38,3
327,40,3
327,41,1
327,43,6
327,44,6
327,45,1
327,47,5
327,50,5
327,51,6
327,53,5
327,54,5
327,55,8
327,57,10
327,58,8
327,60,9
327,61,4
327,63,9
327,64,6
327,65,11
327,67,12
327,68,6
327,70,10
327,71,11
327,72,15
327,74,11
327,75,14
327,77,11
327,78,13
327,80,22
327,81,17
327,82,15
327,84,13
327,85,15
327,87,20
327,88,13
327,89,29
327,91,23
327,92,25
327,94,25
327,95,35
327,97,27
327,98,25
327,99,19
327,101,40
327,102,28
327,104,34
327,105,36
327,107,47
327,108,26
327,109,32
327,111,47
327,112,57
327,114,29
327,115,43
327,116,37
327,118,49
327,119,45
327,121,43
327,122,41
327,124,67
327,125,54
327,126,43
327,128,53
327,129,72
327,131,47
327,132,55
327,134,48
327,135,83
327,136,62
327,138,46
327,139,51
327,141,70
327,142,85
327,143,62
327,145,73
327,146,88
327,148,81
327,149,63
327,151,77
327,152,104
327,153,93
327,155,60
327,156,77
327,158,121
327,159,89
327,161,60
327,162,73
327,163,106
327,165,78
327,166,71
327,168,76
327,169,137
327,170,114
327,172,94
327,173,100
327,175,116
327,176,94
327,178,80
327,179,100
327,180,148
327,182,114
327,183,77
327,185,88
327,186,122
327,188,103
327,189,100
327,190,101
327,192,160
327,193,150
327,195,94
327,196,112
327,197,138
327,199,117
327,200,78
327,202,102
327,203,158
327,205,130
327,206,93
327,207,110
327,209,126
327,210,130
327,212,74
327,213,135
327,214,157
327,216,162
327,217,88
327,219,123
327,220,143
327,222,141
327,223,99
327,224,144
327,226,161
327,227,131
327,229,99
327,230,128
327,232,118
327,233,170
327,234,105
327,236,163
327,237,163
327,239,156
327,240,80
327,241,121
327,243,131
327,244,133
327,246,80
327,247,131
327,249,147
327,250,160
327,251,99
327,253,123
327,254,115
327,256,159
327,257,80
327,259,132
327,260,133
327,261,139
327,263,88
327,264,121
327,266,104
327,267,148
327,268,87
327,270,132
327,271,120
327,273,157
327,274,77
327,276,131
327,277,101
327,278,131
327,280,72
327,281,121
327,283,93
327,284,121
327,286,86
327,287,105
327,288,87
327,290,95
327,291,61
327,293,100
327,294,79
327,295,123
327,297,53
327,298,70
327,300,70
327,301,97
327,303,50
327,304,79
327,305,65
327,307,71
327,308,44
327,310,59
327,311,54
327,313,71
327,314,32
327,315,53
327,317,36
327,318,55
327,320,30
327,321,37
327,322,37
327,324,38
327,325,30
327,327,48
327,328,26
327,330,29
327,331,23
327,332,32
327,334,20
327,335,32
327,337,11
327,338,31
327,339,29
327,341,16
327,342,15
327,344,17
327,345,13
327,347,20
327,348,6
327,349,19
327,351,9
327,352,15
327,354,4
327,355,10
327,357,6
327,358,7
327,359,4
327,361,6
327,362,4
327,364,4
327,365,2
327,367,1
328,17,1
328,20,1
328,24,1
328,26,2
328,28,2
328,30,1
328,31,1
328,33,1
328,34,3
328,36,1
328,37,1
328,38,1
328,40,1
328,41,4
328,43,1
328,44,1
328,45,5
328,47,1
328,48,1
328,50,1
328,51,3
328,53,1
328,54,2
328,55,5
328,57,7
328,58,4
328,60,3
328,61,3
328,63,4
328,64,5
328,65,3
328,67,3
328,68,3
328,70,4
328,71,4
328,72,8
328,74,9
328,75,2
328,77,4
328,78,11
328,80,11
328,81,11
328,82,7
328,84,10
328,85,8
328,87,8
328,88,14
328,89,14
328,91,6
328,92,4
328,94,5
328,95,17
328,97,16
328,98,14
328,99,11
328,101,27
328,102,36
328,104,14
328,105,13
328,107,14
328,108,20
328,109,6
328,111,17
328,112,24
328,114,28
328,115,11
328,116,19
328,118,22
328,119,33
328,121,18
328,122,24
328,124,38
328,125,37
328,126,27
328,128,16
328,129,30
328,131,34
328,132,26
328,134,42
328,135,34
328,136,38
328,138,18
328,139,37
328,141,41
328,142,47
328,143,32
328,145,34
328,146,48
328,148,49
328,149,37
328,151,47
328,152,50
328,153,43
328,155,23
328,156,51
328,158,37
328,159,66
328,161,40
328,162,51
328,163,51
328,165,57
328,166,33
328,168,53
328,169,62
328,170,66
328,172,44
328,173,57
328,175,68
328,176,76
328,178,59
328,179,77
328,180,78
328,182,83
328,183,46
328,185,60
328,186,70
328,188,66
328,189,54
328,190,75
328,192,62
328,193,92
328,195,60
328,196,62
328,197,76
328,199,80
328,200,51
328,202,72
328,203,64
328,205,89
328,206,39
328,207,79
328,209,73
328,210,96
328,212,39
328,213,97
328,214,82
328,216,114
328,217,61
328,219,79
328,220,83
328,222,84
328,223,56
328,224,104
328,226,81
328,227,77
328,229,44
328,230,106
328,232,83
328,233,82
328,234,52
328,236,96
328,237,65
328,239,100
328,240,45
328,241,90
328,243,89
328,244,91
328,246,60
328,247,84
328,249,83
328,250,96
328,251,50
328,253,66
328,254,72
328,256,98
328,257,52
328,259,79
328,260,65
328,261,80
328,263,40
328,264,79
328,266,71
328,267,75
328,268,43
328,270,81
328,271,64
328,273,63
328,274,47
328,276,68
328,277,65
328,278,73
328,280,42
328,281,66
328,283,55
328,284,47
328,286,29
328,287,65
328,288,66
328,290,47
328,291,46
328,293,50
328,294,46
328,295,40
328,297,31
328,298,46
328,300,30
328,301,37
328,303,24
328,304,39
328,305,32
328,307,28
328,308,27
328,310,29
328,311,19
328,313,33
328,314,29
328,315,32
328,317,20
328,318,26
328,320,11
328,321,20
328,322,16
328,324,19
328,325,10
328,327,15
328,328,19
328,330,21
328,331,5
328,332,8
328,334,14
328,335,12
328,337,5
328,338,16
328,339,10
328,341,11
328,342,3
328,344,5
328,345,6
328,347,11
328,348,8
328,349,8
328,351,11
328,352,7
328,354,5
328,355,6
328,357,6
328,358,5
328,359,1
328,361,2
328,362,2
328,364,3
328,366,1
328,367,5
330,10,2
330,11,3
330,14,1
330,16,1
330,20,1
330,23,1
330,26,2
330,27,2
330,28,1
330,30,4
330,31,1
330,33,1
330,34,3
330,36,2
330,37,2
330,38,1
330,40,6
330,44,3
330,45,9
330,47,4
330,48,2
330,50,5
330,51,3
330,53,1
330,54,1
330,55,3
330,58,4
330,60,6
330,61,5
330,63,8
330,64,10
330,65,3
330,67,6
330,68,9
330,70,7
330,71,5
330,72,11
330,74,16
330,75,8
330,77,4
330,78,11
330,80,6
330,81,7
330,82,16
330,84,8
330,85,20
330,87,8
330,88,15
330,89,17
330,91,20
330,92,15
330,94,17
330,95,13
330,97,17
330,98,13
330,99,9
330,101,35
330,102,38
330,104,17
330,105,17
330,107,27
330,108,27
330,109,23
330,111,26
330,112,36
330,114,36
330,115,31
330,116,30
330,118,34
330,119,54
330,121,38
330,122,41
330,124,50
330,125,54
330,126,39
330,128,37
330,129,46
330,131,50
330,132,40
330,134,46
330,135,73
330,136,63
330,138,31
330,139,52
330,141,69
330,142,63
330,143,50
330,145,62
330,146,77
330,148,69
330,149,47
330,151,61
330,152,90
330,153,85
330,155,56
330,156,60
330,158,98
330,159,93
330,161,49
330,162,59
330,163,111
330,165,115
330,166,63
330,168,71
330,169,116
330,170,106
330,172,69
330,173,76
330,175,99
330,176,94
330,178,61
330,179,91
330,180,115
330,182,124
330,183,66
330,185,101
330,186,123
330,188,111
330,189,63
330,190,88
330,192,134
330,193,109
330,195,66
330,196,106
330,197,112
330,199,108
330,200,50
330,202,120
330,203,170
330,205,135
330,206,88
330,207,119
330,209,147
330,210,122
330,212,85
330,213,127
330,214,158
330,216,172
330,217,73
330,219,141
330,220,140
330,222,151
330,223,99
330,224,131
330,226,158
330,227,157
330,229,75
330,230,145
330,232,161
330,233,161
330,234,95
330,236,141
330,237,176
330,239,178
330,240,79
330,241,144
330,243,168
330,244,147
330,246,100
330,247,152
330,249,150
330,250,159
330,251,87
330,253,136
330,254,177
330,256,168
330,257,86
330,259,134
330,260,171
330,261,163
330,263,84
330,264,135
330,266,166
330,267,155
330,268,89
330,270,137
330,271,145
330,273,161
330,274,90
330,276,106
330,277,132
330,278,141
330,280,61
330,281,109
330,283,137
330,284,143
330,286,60
330,287,102
330,288,96
330,290,106
330,291,53
330,293,116
330,294,104
330,295,115
330,297,51
330,298,87
330,300,76
330,301,91
330,303,40
330,304,76
330,305,89
330,307,103
330,308,52
330,310,63
330,311,62
330,313,76
330,314,36
330,315,76
330,317,59
330,318,85
330,320,24
330,321,56
330,322,54
330,324,53
330,325,28
330,327,49
330,328,31
330,330,48
330,331,20
330,332,42
330,334,33
330,335,41
330,337,20
330,338,31
330,339,18
330,341,30
330,342,11
330,344,16
330,345,24
330,347,25
330,348,10
330,349,11
330,351,14
330,352,21
330,354,7
330,355,15
330,357,18
330,358,20
330,359,5
330,361,15
330,362,16
330,364,29
330,365,2
330,366,7
330,367,4
331,17,1
331,18,1
331,23,2
331,26,1
331,31,1
331,33,1
331,37,2
331,40,2
331,41,3
331,43,1
331,44,1
331,45,1
331,47,1
331,51,1
331,53,2
331,54,1
331,55,1
331,57,4
331,58,2
331,61,1
331,63,5
331,64,5
331,65,3
331,67,1
331,68,4
331,70,2
331,71,2
331,74,5
331,75,3
331,77,3
331,78,3
331,80,9
331,81,1
331,82,2
331,84,7
331,85,8
331,87,3
331,88,4
331,89,11
331,91,9
331,92,9
331,94,4
331,95,5
331,97,15
331,98,8
331,99,5
331,101,7
331,102,16
331,104,4
331,105,4
331,107,8
331,108,12
331,109,13
331,111,15
331,112,13
331,114,12
331,115,12
331,116,10
331,118,15
331,119,25
331,121,17
331,122,21
331,124,11
331,125,18
331,126,11
331,128,10
331,129,15
331,131,27
331,132,19
331,134,23
331,135,13
331,136,26
331,138,21
331,139,14
331,141,17
331,142,32
331,143,16
331,145,31
331,146,25
331,148,32
331,149,19
331,151,18
331,152,29
331,153,38
331,155,34
331,156,22
331,158,33
331,159,32
331,161,26
331,162,36
331,163,32
331,165,49
331,166,22
331,168,36
331,169,37
331,170,33
331,172,25
331,173,34
331,175,24
331,176,42
331,178,34
331,179,59
331,180,42
331,182,72
331,183,30
331,185,43
331,186,41
331,188,54
331,189,34
331,190,49
331,192,42
331,193,58
331,195,26
331,196,42
331,197,46
331,199,62
331,200,37
331,202,59
331,203,48
331,205,75
331,206,34
331,207,57
331,209,38
331,210,71
331,212,32
331,213,66
331,214,46
331,216,76
331,217,39
331,219,51
331,220,42
331,222,65
331,223,35
331,224,75
331,226,50
331,227,62
331,229,36
331,230,54
331,232,31
331,233,57
331,234,35
331,236,62
331,237,50
331,239,57
331,240,27
331,241,65
331,243,35
331,244,69
331,246,32
331,247,60
331,249,40
331,250,55
331,251,41
331,253,56
331,254,44
331,256,51
331,257,35
331,259,43
331,260,40
331,261,59
331,263,32
331,264,59
331,266,44
331,267,44
331,268,31
331,270,44
331,271,23
331,273,51
331,274,33
331,276,51
331,277,32
331,278,46
331,280,37
331,281,30
331,283,31
331,284,46
331,286,31
331,287,32
331,288,25
331,290,38
331,291,18
331,293,31
331,294,23
331,295,29
331,297,26
331,298,28
331,300,19
331,301,32
331,303,19
331,304,32
331,305,26
331,307,14
331,308,22
331,310,19
331,311,8
331,313,28
331,314,17
331,315,18
331,317,15
331,318,13
331,320,9
331,321,14
331,322,8
331,324,13
331,325,14
331,327,16
331,328,5
331,330,14
331,331,6
331,332,16
331,334,6
331,335,10
331,337,8
331,338,7
331,339,4
331,341,9
331,342,6
331,344,2
331,345,5
331,347,8
331,348,1
331,349,5
331,351,1
331,352,4
331,354,2
331,355,2
331,357,2
331,358,1
331,359,1
331,361,2
331,362,2
331,364,5
331,365,1
331,366,1
332,14,1
332,17,1
332,18,2
332,21,2
332,24,1
332,26,2
332,27,2
332,30,1
332,36,3
332,38,2
332,40,1
332,41,2
332,43,2
332,44,2
332,45,2
332,47,1
332,48,2
332,50,2
332,51,2
332,53,2
332,54,2
332,55,1
332,57,4
332,58,1
332,60,1
332,61,2
332,63,2
332,64,1
332,65,7
332,67,6
332,68,2
332,70,4
332,71,9
332,72,8
332,74,7
332,75,3
332,77,2
332,78,7
332,81,10
332,82,3
332,84,8
332,85,7
332,87,8
332,88,11
332,89,11
332,91,9
332,92,9
332,94,11
332,95,17
332,97,9
332,98,9
332,99,7
332,101,21
332,102,20
332,104,14
332,105,12
332,107,26
332,108,20
332,109,15
332,111,13
332,112,29
332,114,20
332,115,22
332,116,23
332,118,21
332,119,25
332,121,23
332,122,17
332,124,36
332,125,19
332,126,16
332,128,22
332,129,34
332,131,32
332,132,30
332,134,27
332,135,47
332,136,35
332,138,22
332,139,29
332,141,38
332,142,38
332,143,21
332,145,25
332,146,46
332,148,39
332,149,35
332,151,32
332,152,56
332,153,59
332,155,18
332,156,40
332,158,68
332,159,52
332,161,30
332,162,38
332,163,73
332,165,62
332,166,43
332,168,48
332,169,79
332,170,72
332,172,44
332,173,61
332,175,61
332,176,42
332,178,34
332,179,50
332,180,70
332,182,72
332,183,37
332,185,52
332,186,83
332,188,69
332,189,61
332,190,56
332,192,94
332,193,85
332,195,55
332,196,83
332,197,86
332,199,74
332,200,53
332,202,79
332,203,68
332,205,98
332,206,61
332,207,82
332,209,91
332,210,80
332,212,53
332,213,87
332,214,75
332,216,86
332,217,59
332,219,70
332,220,78
332,222,97
332,223,68
332,224,72
332,226,87
332,227,115
332,229,66
332,230,88
332,232,89
332,233,90
332,234,43
332,236,95
332,237,90
332,239,109
332,240,61
332,241,74
332,243,95
332,244,108
332,246,45
332,247,81
332,249,89
332,250,106
332,251,68
332,253,64
332,254,91
332,256,86
332,257,54
332,259,82
332,260,77
332,261,98
332,263,51
332,264,71
332,266,80
332,267,93
332,268,34
332,270,63
332,271,71
332,273,91
332,274,53
332,276,72
332,277,79
332,278,68
332,280,46
332,281,68
332,283,64
332,284,71
332,286,43
332,287,66
332,288,60
332,290,48
332,291,35
332,293,60
332,294,55
332,295,65
332,297,30
332,298,50
332,300,49
332,301,57
332,303,29
332,304,38
332,305,36
332,307,40
332,308,28
332,310,35
332,311,37
332,313,38
332,314,19
332,315,35
332,317,30
332,318,43
332,320,15
332,321,22
332,322,17
332,324,31
332,325,15
332,327,18
332,328,20
332,330,16
332,331,7
332,332,14
332,334,16
332,335,17
332,337,7
332,338,17
332,339,12
332,341,8
332,342,6
332,344,12
332,345,14
332,347,12
332,348,5
332,349,10
332,351,5
332,352,13
332,354,6
332,355,8
332,357,2
332,358,1
332,359,3
332,361,4
332,362,6
332,364,8
332,365,2
332,366,4
334,18,1
334,23,2
334,24,1
334,26,1
334,28,2
334,33,1
334,36,1
334,37,1
334,40,1
334,41,1
334,43,1
334,45,1
334,47,2
334,48,2
334,50,1
334,51,3
334,53,4
334,54,1
334,55,3
334,57,2
334,58,3
334,60,3
334,63,5
334,64,1
334,65,4
334,67,3
334,71,1
334,72,4
334,74,1
334,75,1
334,77,2
334,78,4
334,80,2
334,81,1
334,82,3
334,84,5
334,85,8
334,87,4
334,88,4
334,89,6
334,91,6
334,92,6
334,94,10
334,95,3
334,97,10
334,98,7
334,99,6
334,101,3
334,102,11
334,104,3
334,105,5
334,107,7
334,108,12
334,109,11
334,111,6
334,112,13
334,114,13
334,115,8
334,116,9
334,118,10
334,119,27
334,121,3
334,122,10
334,124,19
334,125,22
334,126,7
334,128,12
334,129,16
334,131,21
334,132,10
334,134,16
334,135,24
334,136,29
334,138,10
334,139,23
334,141,17
334,142,27
334,143,12
334,145,26
334,146,24
334,148,32
334,149,15
334,151,21
334,152,27
334,153,17
334,155,16
334,156,27
334,158,47
334,159,35
334,161,11
334,162,32
334,163,43
334,165,40
334,166,29
334,168,32
334,169,24
334,170,47
334,172,19
334,173,21
334,175,39
334,176,39
334,178,28
334,179,38
334,180,50
334,182,46
334,183,23
334,185,32
334,186,51
334,188,46
334,189,26
334,190,55
334,192,42
334,193,53
334,195,34
334,196,30
334,197,45
334,199,52
334,200,28
334,202,46
334,203,51
334,205,51
334,206,25
334,207,59
334,209,56
334,210,47
334,212,29
334,213,51
334,214,61
334,216,66
334,217,34
334,219,53
334,220,47
334,222,56
334,223,33
334,224,61
334,226,61
334,227,64
334,229,22
334,230,46
334,232,42
334,233,53
334,234,39
334,236,55
334,237,60
334,239,62
334,240,23
334,241,52
334,243,49
334,244,45
334,246,40
334,247,57
334,249,51
334,250,70
334,251,17
334,253,42
334,254,45
334,256,55
334,257,28
334,259,42
334,260,43
334,261,58
334,263,29
334,264,34
334,266,47
334,267,48
334,268,24
334,270,44
334,271,46
334,273,61
334,274,27
334,276,43
334,277,40
334,278,32
334,280,22
334,281,27
334,283,36
334,284,38
334,286,17
334,287,23
334,288,28
334,290,30
334,291,21
334,293,21
334,294,33
334,295,28
334,297,20
334,298,25
334,300,19
334,301,23
334,303,15
334,304,16
334,305,22
334,307,19
334,308,15
334,310,20
334,311,14
334,313,22
334,314,10
334,315,13
334,317,15
334,318,17
334,320,9
334,321,14
334,322,8
334,324,15
334,325,7
334,327,8
334,328,5
334,330,7
334,331,4
334,332,17
334,334,11
334,335,7
334,337,4
334,338,5
334,339,7
334,341,4
334,342,5
334,344,4
334,345,8
334,347,5
334,348,3
334,349,2
334,351,9
334,352,4
334,354,2
334,355,3
334,357,3
334,358,2
334,359,1
334,361,1
334,362,1
334,364,1
334,366,1
334,367,2
335,10,1
335,11,1
335,17,1
335,18,2
335,24,2
335,28,3
335,30,1
335,31,3
335,34,1
335,36,2
335,37,2
335,38,2
335,40,2
335,41,4
335,44,3
335,45,1
335,47,2
335,50,3
335,51,6
335,53,2
335,54,3
335,55,1
335,57,3
335,58,4
335,60,1
335,61,1
335,63,2
335,64,1
335,65,2
335,67,2
335,68,5
335,70,7
335,71,4
335,72,2
335,74,4
335,75,2
335,77,3
335,78,2
335,80,9
335,81,3
335,82,4
335,84,6
335,85,13
335,87,6
335,88,4
335,89,10
335,91,5
335,92,10
335,94,11
335,95,6
335,97,13
335,98,7
335,99,18
335,101,18
335,102,16
335,104,11
335,105,8
335,107,20
335,108,20
335,109,11
335,111,12
335,112,23
335,114,19
335,115,12
335,116,15
335,118,16
335,119,14
335,121,21
335,122,23
335,124,42
335,125,44
335,126,20
335,128,18
335,129,28
335,131,30
335,132,15
335,134,16
335,135,31
335,136,45
335,138,30
335,139,35
335,141,33
335,142,46
335,143,24
335,145,44
335,146,42
335,148,51
335,149,22
335,151,42
335,152,46
335,153,47
335,155,26
335,156,38
335,158,65
335,159,48
335,161,31
335,162,36
335,163,50
335,165,67
335,166,36
335,168,45
335,169,68
335,170,71
335,172,26
335,173,60
335,175,70
335,176,66
335,178,39
335,179,77
335,180,90
335,182,76
335,183,39
335,185,79
335,186,67
335,188,83
335,189,44
335,190,54
335,192,94
335,193,84
335,195,41
335,196,65
335,197,82
335,199,74
335,200,61
335,202,68
335,203,109
335,205,116
335,206,49
335,207,91
335,209,96
335,210,107
335,212,46
335,213,68
335,214,122
335,216,119
335,217,46
335,219,100
335,220,101
335,222,83
335,223,55
335,224,99
335,226,116
335,227,134
335,229,58
335,230,100
335,232,108
335,233,110
335,234,52
335,236,90
335,237,134
335,239,102
335,240,58
335,241,89
335,243,110
335,244,109
335,246,65
335,247,104
335,249,152
335,250,129
335,251,65
335,253,83
335,254,122
335,256,108
335,257,61
335,259,81
335,260,124
335,261,112
335,263,60
335,264,93
335,266,108
335,267,84
335,268,53
335,270,80
335,271,111
335,273,83
335,274,46
335,276,80
335,277,68
335,278,85
335,280,56
335,281,73
335,283,102
335,284,77
335,286,37
335,287,49
335,288,60
335,290,78
335,291,42
335,293,54
335,294,80
335,295,73
335,297,29
335,298,50
335,300,66
335,301,59
335,303,27
335,304,41
335,305,58
335,307,60
335,308,30
335,310,41
335,311,43
335,313,45
335,314,24
335,315,39
335,317,32
335,318,45
335,320,19
335,321,25
335,322,30
335,324,29
335,325,10
335,327,23
335,328,20
335,330,26
335,331,10
335,332,20
335,334,19
335,335,23
335,337,6
335,338,17
335,339,13
335,341,14
335,342,7
335,344,7
335,345,8
335,347,15
335,348,4
335,349,11
335,351,7
335,352,16
335,354,2
335,355,13
335,357,1
335,358,9
335,359,5
335,361,6
335,362,3
335,364,7
335,366,2
335,367,2
337,14,1
337,21,1
337,27,2
337,28,1
337,30,1
337,38,1
337,40,2
337,43,1
337,44,1
337,45,1
337,47,1
337,48,1
337,50,1
337,51,3
337,53,1
337,54,1
337,55,2
337,57,1
337,60,2
337,63,2
337,65,2
337,67,2
337,68,4
337,70,2
337,71,2
337,72,2
337,74,1
337,75,2
337,77,4
337,78,1
337,80,1
337,82,1
337,84,3
337,85,2
337,87,3
337,88,3
337,89,3
337,91,4
337,92,3
337,94,1
337,95,4
337,97,3
337,98,1
337,99,10
337,101,5
337,102,17
337,104,5
337,105,5
337,107,7
337,108,3
337,109,5
337,111,5
337,112,8
337,114,3
337,115,7
337,116,6
337,118,9
337,119,9
337,121,5
337,122,6
337,124,10
337,125,13
337,126,8
337,128,12
337,129,7
337,131,13
337,132,8
337,134,16
337,135,11
337,136,25
337,138,7
337,139,6
337,141,18
337,142,21
337,143,9
337,145,10
337,146,11
337,148,21
337,149,14
337,151,9
337,152,15
337,153,22
337,155,13
337,156,18
337,158,13
337,159,28
337,161,21
337,162,14
337,163,19
337,165,20
337,166,18
337,168,25
337,169,15
337,170,21
337,172,26
337,173,15
337,175,21
337,176,24
337,178,14
337,179,24
337,180,21
337,182,44
337,183,17
337,185,19
337,186,26
337,188,33
337,189,16
337,190,21
337,192,26
337,193,30
337,195,14
337,196,30
337,197,14
337,199,32
337,200,17
337,202,33
337,203,23
337,205,34
337,206,30
337,207,21
337,209,22
337,210,39
337,212,26
337,213,26
337,214,31
337,216,41
337,217,22
337,219,34
337,220,22
337,222,36
337,223,28
337,224,45
337,226,22
337,227,42
337,229,26
337,230,29
337,232,19
337,233,31
337,234,15
337,236,38
337,237,23
337,239,41
337,240,25
337,241,31
337,243,20
337,244,33
337,246,18
337,247,25
337,249,27
337,250,41
337,251,23
337,253,30
337,254,27
337,256,24
337,257,28
337,259,34
337,260,26
337,261,28
337,263,28
337,264,18
337,266,18
337,267,28
337,268,21
337,270,26
337,271,17
337,273,28
337,274,21
337,276,19
337,277,18
337,278,24
337,280,13
337,281,19
337,283,17
337,284,21
337,286,15
337,287,12
337,288,13
337,290,19
337,291,8
337,293,16
337,294,9
337,295,16
337,297,14
337,298,5
337,300,10
337,301,12
337,303,9
337,304,12
337,305,10
337,307,12
337,308,10
337,310,9
337,311,7
337,313,11
337,314,6
337,315,10
337,317,7
337,318,11
337,320,10
337,321,6
337,322,5
337,324,3
337,325,6
337,327,3
337,328,9
337,330,4
337,331,2
337,332,3
337,334,6
337,335,4
337,337,4
337,338,3
337,339,4
337,341,11
337,342,2
337,344,3
337,345,1
337,347,3
337,348,1
337,349,2
337,351,1
337,352,1
337,354,2
337,355,1
337,357,1
337,358,1
337,362,1
337,364,2
337,366,2
338,11,1
338,13,1
338,21,2
338,23,1
338,24,1
338,31,2
338,33,1
338,36,1
338,37,1
338,38,1
338,45,2
338,48,2
338,50,1
338,51,1
338,53,1
338,55,3
338,57,1
338,58,1
338,60,2
338,61,4
338,63,2
338,67,6
338,70,3
338,71,2
338,72,2
338,74,2
338,75,2
338,78,5
338,80,3
338,81,6
338,82,3
338,84,5
338,85,9
338,87,3
338,88,4
338,89,4
338,91,4
338,92,3
338,94,3
338,95,15
338,97,6
338,98,2
338,99,3
338,101,6
338,102,4
338,104,11
338,105,5
338,107,7
338,108,9
338,109,5
338,111,7
338,112,11
338,114,13
338,115,6
338,116,11
338,118,14
338,119,14
338,121,15
338,122,13
338,124,12
338,125,19
338,126,12
338,128,8
338,129,10
338,131,14
338,132,6
338,134,16
338,135,19
338,136,22
338,138,8
338,139,14
338,141,21
338,142,21
338,143,15
338,145,19
338,146,33
338,148,20
338,149,13
338,151,15
338,152,29
338,153,27
338,155,11
338,156,18
338,158,39
338,159,35
338,161,15
338,162,26
338,163,41
338,165,28
338,166,17
338,168,23
338,169,41
338,170,44
338,172,22
338,173,29
338,175,35
338,176,36
338,178,27
338,179,28
338,180,36
338,182,49
338,183,25
338,185,31
338,186,46
338,188,49
338,189,17
338,190,36
338,192,53
338,193,40
338,195,29
338,196,42
338,197,46
338,199,44
338,200,46
338,202,26
338,203,38
338,205,58
338,206,41
338,207,35
338,209,49
338,210,46
338,212,26
338,213,51
338,214,67
338,216,53
338,217,33
338,219,33
338,220,41
338,222,41
338,223,31
338,224,57
338,226,64
338,227,51
338,229,32
338,230,34
338,232,52
338,233,46
338,234,33
338,236,48
338,237,57
338,239,45
338,240,26
338,241,53
338,243,53
338,244,49
338,246,39
338,247,44
338,249,47
338,250,49
338,251,30
338,253,42
338,254,44
338,256,53
338,257,19
338,259,47
338,260,57
338,261,54
338,263,29
338,264,40
338,266,50
338,267,44
338,268,25
338,270,38
338,271,48
338,273,37
338,274,18
338,276,38
338,277,47
338,278,42
338,280,25
338,281,37
338,283,34
338,284,33
338,286,22
338,287,30
338,288,36
338,290,39
338,291,23
338,293,30
338,294,34
338,295,38
338,297,13
338,298,25
338,300,23
338,301,33
338,303,12
338,304,22
338,305,14
338,307,23
338,308,7
338,310,13
338,311,13
338,313,17
338,314,7
338,315,11
338,317,15
338,318,10
338,320,9
338,321,10
338,322,5
338,324,15
338,325,9
338,327,19
338,328,8
338,330,6
338,331,7
338,332,4
338,334,8
338,335,7
338,337,7
338,338,8
338,339,2
338,341,7
338,342,2
338,344,3
338,345,4
338,347,3
338,348,1
338,349,3
338,351,2
338,352,7
338,354,5
338,355,2
338,357,5
338,361,2
338,362,1
338,364,3
339,10,1
339,20,1
339,34,1
339,37,1
339,38,2
339,41,1
339,44,1
339,45,1
339,47,1
339,50,1
339,51,1
339,54,1
339,55,1
339,58,1
339,60,2
339,61,1
339,65,3
339,71,2
339,72,3
339,74,2
339,77,3
339,78,1
339,80,4
339,81,1
339,82,1
339,84,5
339,85,3
339,87,2
339,88,3
339,89,1
339,91,2
339,92,1
339,94,1
339,95,4
339,97,2
339,98,3
339,99,3
339,101,3
339,102,6
339,104,2
339,105,9
339,107,7
339,108,1
339,109,2
339,111,1
339,114,3
339,115,1
339,116,8
339,118,9
339,119,7
339,121,3
339,122,10
339,124,8
339,125,11
339,126,5
339,128,2
339,129,4
339,131,5
339,132,7
339,134,11
339,135,11
339,136,12
339,138,3
339,139,8
339,141,15
339,142,14
339,143,5
339,145,7
339,146,10
339,148,23
339,149,9
339,151,13
339,152,14
339,153,9
339,155,10
339,156,8
339,158,18
339,159,16
339,161,9
339,162,12
339,163,24
339,165,14
339,166,13
339,168,9
339,169,15
339,170,15
339,172,11
339,173,20
339,175,21
339,176,23
339,178,17
339,179,16
339,180,23
339,182,26
339,183,15
339,185,13
339,186,30
339,188,21
339,189,15
339,190,11
339,192,32
339,193,20
339,195,12
339,196,21
339,197,24
339,199,25
339,200,10
339,202,25
339,203,35
339,205,27
339,206,9
339,207,24
339,209,25
339,210,29
339,212,19
339,213,19
339,214,34
339,216,28
339,217,19
339,219,35
339,220,31
339,222,21
339,223,19
339,224,20
339,226,29
339,227,35
339,229,20
339,230,20
339,232,41
339,233,33
339,234,18
339,236,35
339,237,28
339,239,27
339,240,11
339,241,26
339,243,22
339,244,22
339,246,15
339,247,20
339,249,28
339,250,33
339,251,14
339,253,20
339,254,21
339,256,20
339,257,11
339,259,24
339,260,29
339,261,27
339,263,10
339,264,22
339,266,22
339,267,24
339,268,9
339,270,18
339,271,18
339,273,18
339,274,14
339,276,15
339,277,12
339,278,25
339,280,11
339,281,19
339,283,29
339,284,16
339,286,10
339,287,15
339,288,13
339,290,6
339,291,11
339,293,17
339,294,12
339,295,9
339,297,9
339,298,13
339,300,11
339,301,6
339,303,5
339,304,15
339,305,9
339,307,12
339,308,8
339,310,12
339,311,5
339,313,5
339,314,3
339,315,5
339,317,5
339,318,8
339,320,5
339,321,2
339,322,6
339,324,9
339,325,2
339,327,2
339,328,6
339,330,3
339,331,4
339,332,6
339,334,7
339,335,1
339,337,3
339,338,3
339,339,4
339,341,4
339,344,4
339,345,2
339,347,1
339,348,3
339,349,2
339,351,2
339,352,2
339,354,1
339,355,4
339,358,1
339,359,1
339,364,2
339,366,2
339,367,2
341,11,1
341,17,1
341,21,1
341,27,1
341,30,1
341,33,1
341,37,1
341,40,1
341,41,2
341,44,2
341,45,1
341,47,1
341,48,1
341,50,1
341,53,1
341,55,1
341,58,1
341,63,2
341,65,5
341,67,4
341,68,2
341,70,4
341,71,2
341,72,2
341,74,4
341,75,5
341,77,3
341,80,2
341,81,2
341,82,4
341,84,7
341,85,1
341,87,7
341,88,7
341,89,5
341,91,1
341,92,5
341,94,6
341,95,4
341,97,8
341,98,5
341,99,4
341,101,4
341,102,10
341,104,6
341,105,4
341,107,5
341,108,5
341,109,4
341,111,1
341,112,4
341,114,11
341,115,7
341,116,5
341,118,10
341,119,7
341,121,6
341,122,7
341,124,9
341,125,6
341,126,8
341,128,12
341,129,12
341,131,12
341,132,8
341,134,12
341,135,19
341,136,19
341,138,10
341,139,4
341,141,18
341,142,19
341,143,8
341,145,11
341,146,31
341,148,23
341,149,11
341,151,11
341,152,30
341,153,23
341,155,11
341,156,21
341,158,27
341,159,22
341,161,14
341,162,23
341,163,35
341,165,30
341,166,17
341,168,21
341,169,24
341,170,23
341,172,14
341,173,23
341,175,35
341,176,34
341,178,14
341,179,35
341,180,39
341,182,41
341,183,26
341,185,32
341,186,30
341,188,40
341,189,17
341,190,25
341,192,48
341,193,35
341,195,29
341,196,28
341,197,55
341,199,53
341,200,19
341,202,44
341,203,54
341,205,39
341,206,30
341,207,35
341,209,45
341,210,43
341,212,31
341,213,31
341,214,55
341,216,46
341,217,33
341,219,46
341,220,60
341,222,46
341,223,23
341,224,47
341,226,87
341,227,62
341,229,34
341,230,37
341,232,57
341,233,43
341,234,28
341,236,40
341,237,69
341,239,57
341,240,34
341,241,46
341,243,74
341,244,51
341,246,24
341,247,42
341,249,80
341,250,51
341,251,23
341,253,35
341,254,66
341,256,52
341,257,35
341,259,33
341,260,59
341,261,61
341,263,32
341,264,32
341,266,55
341,267,34
341,268,20
341,270,31
341,271,49
341,273,35
341,274,31
341,276,29
341,277,50
341,278,43
341,280,19
341,281,30
341,283,52
341,284,41
341,286,21
341,287,30
341,288,37
341,290,28
341,291,18
341,293,25
341,294,34
341,295,41
341,297,13
341,298,18
341,300,20
341,301,23
341,303,10
341,304,23
341,305,16
341,307,28
341,308,16
341,310,18
341,311,13
341,313,17
341,314,7
341,315,11
341,317,11
341,318,25
341,320,4
341,321,16
341,322,7
341,324,12
341,325,9
341,327,10
341,328,13
341,330,5
341,331,8
341,332,12
341,334,9
341,335,9
341,337,6
341,338,5
341,339,4
341,341,10
341,342,6
341,344,8
341,345,2
341,347,8
341,348,3
341,349,5
341,351,5
341,352,5
341,354,3
341,355,5
341,357,2
341,358,4
341,359,5
341,361,1
341,362,4
341,364,6
341,365,1
341,366,4
341,367,3
342,21,1
342,45,1
342,51,1
342,53,1
342,57,2
342,60,1
342,63,1
342,64,1
342,70,2
342,71,1
342,74,1
342,75,2
342,77,1
342,78,2
342,82,2
342,84,2
342,85,3
342,87,1
342,88,2
342,89,2
342,91,1
342,92,1
342,94,1
342,95,3
342,97,2
342,98,1
342,99,1
342,102,3
342,104,1
342,105,2
342,107,1
342,108,2
342,109,2
342,111,1
342,112,1
342,114,3
342,115,1
342,116,4
342,118,3
342,119,1
342,121,7
342,122,4
342,124,5
342,125,1
342,126,1
342,128,3
342,129,2
342,131,5
342,132,3
342,134,8
342,135,9
342,136,5
342,138,1
342,139,8
342,141,2
342,142,6
342,145,6
342,146,5
342,148,6
342,149,5
342,151,7
342,152,2
342,153,12
342,155,4
342,156,2
342,158,9
342,159,18
342,161,3
342,162,6
342,163,7
342,165,8
342,166,3
342,168,4
342,169,4
342,170,11
342,172,5
342,173,5
342,175,8
342,176,12
342,178,9
342,179,10
342,180,11
342,182,10
342,183,10
342,185,9
342,186,10
342,188,16
342,189,8
342,190,3
342,192,10
342,193,12
342,195,6
342,196,15
342,197,5
342,199,17
342,200,5
342,202,10
342,203,12
342,205,14
342,206,5
342,207,13
342,209,11
342,210,13
342,212,3
342,213,7
342,214,15
342,216,12
342,217,8
342,219,11
342,220,8
342,222,14
342,223,5
342,224,9
342,226,5
342,227,13
342,229,9
342,230,11
342,232,13
342,233,9
342,234,10
342,236,13
342,237,4
342,239,12
342,240,4
342,241,8
342,243,7
342,244,12
342,246,8
342,247,8
342,249,7
342,250,7
342,251,6
342,253,9
342,254,6
342,256,10
342,257,6
342,259,10
342,260,9
342,261,13
342,263,9
342,264,6
342,266,13
342,267,21
342,268,9
342,270,13
342,271,5
342,273,5
342,274,4
342,276,13
342,277,11
342,278,6
342,280,8
342,281,10
342,283,8
342,284,9
342,286,7
342,287,10
342,288,4
342,290,3
342,291,8
342,293,2
342,294,6
342,295,12
342,297,4
342,298,7
342,300,9
342,301,5
342,303,2
342,304,3
342,305,5
342,307,7
342,308,2
342,310,3
342,311,1
342,313,4
342,314,1
342,315,5
342,317,2
342,318,1
342,320,2
342,321,2
342,322,2
342,324,6
342,327,4
342,328,1
342,330,2
342,331,3
342,332,3
342,334,2
342,335,1
342,337,2
342,338,2
342,341,1
342,342,1
342,345,1
342,347,1
342,348,2
342,351,1
342,352,1
342,357,1
342,358,1
342,361,4
342,366,2
344,11,1
344,14,1
344,26,1
344,28,1
344,30,1
344,31,1
344,38,2
344,40,1
344,43,1
344,48,1
344,51,1
344,53,1
344,55,2
344,57,1
344,58,2
344,60,1
344,61,2
344,63,4
344,64,1
344,67,3
344,68,1
344,70,2
344,74,1
344,78,2
344,80,3
344,81,2
344,82,1
344,84,1
344,85,1
344,89,3
344,91,3
344,92,2
344,94,1
344,95,3
344,97,1
344,98,1
344,99,1
344,101,1
344,102,3
344,104,4
344,105,5
344,107,3
344,108,2
344,109,3
344,111,1
344,112,3
344,114,2
344,115,5
344,116,1
344,118,6
344,119,4
344,121,6
344,122,8
344,124,3
344,125,3
344,126,2
344,128,4
344,129,6
344,131,6
344,132,3
344,134,5
344,135,8
344,136,7
344,138,7
344,139,6
344,141,7
344,142,10
344,143,3
344,145,4
344,146,3
344,148,5
344,149,6
344,151,5
344,152,3
344,153,5
344,155,4
344,156,8
344,158,7
344,159,14
344,161,5
344,162,8
344,163,7
344,165,10
344,166,6
344,168,6
344,169,15
344,170,11
344,172,12
344,173,11
344,175,18
344,176,9
344,178,6
344,179,8
344,180,13
344,182,14
344,183,10
344,185,14
344,186,19
344,188,11
344,189,9
344,190,10
344,192,26
344,193,18
344,195,7
344,196,15
344,197,22
344,199,21
344,200,11
344,202,16
344,203,24
344,205,24
344,206,7
344,207,18
344,209,13
344,210,24
344,212,9
344,213,20
344,214,25
344,216,20
344,217,11
344,219,20
344,220,18
344,222,28
344,223,12
344,224,18
344,226,27
344,227,33
344,229,8
344,230,13
344,232,19
344,233,16
344,234,13
344,236,22
344,237,22
344,239,16
344,240,13
344,241,17
344,243,20
344,244,12
344,246,13
344,247,15
344,249,22
344,250,27
344,251,9
344,253,14
344,254,26
344,256,19
344,257,17
344,259,26
344,260,21
344,261,12
344,263,10
344,264,17
344,266,16
344,267,19
344,268,9
344,270,20
344,271,15
344,273,10
344,274,7
344,276,16
344,277,6
344,278,26
344,280,11
344,281,10
344,283,11
344,284,18
344,286,7
344,287,15
344,288,8
344,290,8
344,291,11
344,293,10
344,294,12
344,295,13
344,297,6
344,298,9
344,300,9
344,301,9
344,303,7
344,304,10
344,305,11
344,307,6
344,308,2
344,310,6
344,311,8
344,313,7
344,314,6
344,315,7
344,317,5
344,318,2
344,320,4
344,321,8
344,322,2
344,324,2
344,325,3
344,327,6
344,328,5
344,330,1
344,332,2
344,334,4
344,335,2
344,337,2
344,338,1
344,339,1
344,341,2
344,342,2
344,345,1
344,347,1
344,348,1
344,349,2
344,351,1
344,352,3
344,355,1
344,357,2
344,358,3
344,364,2
345,31,2
345,40,1
345,41,1
345,45,1
345,51,1
345,53,1
345,54,1
345,63,1
345,65,1
345,70,1
345,71,1
345,72,1
345,74,2
345,77,1
345,78,1
345,80,2
345,81,1
345,87,3
345,88,3
345,89,2
345,91,1
345,92,1
345,94,1
345,95,1
345,97,1
345,99,1
345,101,3
345,102,2
345,104,4
345,105,2
345,107,2
345,109,1
345,111,2
345,112,2
345,114,3
345,115,2
345,116,2
345,118,4
345,119,2
345,122,4
345,125,4
345,126,2
345,128,2
345,129,1
345,131,5
345,132,2
345,134,5
345,135,4
345,136,4
345,138,4
345,139,5
345,141,5
345,142,3
345,143,1
345,145,5
345,146,7
345,148,2
345,149,2
345,151,3
345,152,5
345,153,6
345,155,2
345,156,3
345,158,5
345,159,6
345,161,4
345,162,4
345,163,3
345,165,4
345,166,3
345,168,5
345,169,10
345,170,11
345,172,5
345,173,5
345,175,12
345,176,7
345,178,7
345,179,6
345,180,6
345,182,9
345,183,7
345,185,3
345,186,12
345,188,7
345,189,3
345,190,5
345,192,8
345,193,12
345,195,2
345,196,7
345,197,5
345,199,9
345,200,1
345,202,6
345,203,16
345,205,15
345,206,2
345,207,14
345,209,13
345,210,10
345,212,4
345,213,7
345,214,11
345,216,12
345,217,4
345,219,7
345,220,10
345,222,7
345,223,7
345,224,6
345,226,11
345,227,10
345,229,7
345,230,5
345,232,11
345,233,11
345,234,4
345,236,8
345,237,16
345,239,11
345,240,6
345,241,8
345,243,7
345,244,7
345,246,5
345,247,4
345,249,8
345,250,13
345,251,8
345,253,6
345,254,8
345,256,5
345,257,6
345,259,10
345,260,11
345,261,12
345,263,6
345,264,8
345,266,5
345,267,3
345,268,1
345,270,7
345,271,7
345,273,10
345,274,4
345,276,9
345,277,7
345,278,9
345,280,2
345,281,14
345,283,9
345,284,7
345,286,2
345,287,6
345,288,6
345,290,5
345,291,1
345,293,1
345,294,4
345,295,3
345,297,3
345,298,6
345,300,2
345,301,5
345,303,4
345,304,3
345,305,2
345,307,4
345,308,2
345,310,6
345,311,3
345,313,3
345,314,4
345,315,3
345,317,2
345,318,6
345,320,1
345,321,2
345,322,3
345,324,4
345,325,1
345,327,2
345,328,5
345,330,2
345,331,1
345,332,2
345,334,1
345,335,1
345,339,1
345,341,1
345,342,1
345,344,1
345,347,2
345,348,1
345,349,1
345,351,1
345,355,2
345,357,1
345,364,1
347,16,1
347,17,1
347,26,1
347,31,1
347,36,3
347,37,1
347,38,2
347,45,1
347,47,2
347,48,1
347,51,1
347,60,1
347,61,1
347,64,2
347,65,2
347,67,2
347,70,1
347,71,1
347,72,1
347,74,2
347,77,1
347,78,3
347,81,2
347,82,1
347,84,2
347,88,2
347,89,5
347,92,1
347,95,6
347,97,2
347,98,2
347,99,2
347,101,1
347,102,4
347,107,2
347,108,3
347,111,5
347,112,1
347,114,3
347,115,3
347,116,2
347,118,1
347,119,2
347,121,3
347,122,3
347,124,3
347,125,5
347,126,2
347,129,7
347,131,5
347,132,1
347,134,6
347,135,5
347,136,4
347,138,6
347,139,2
347,141,5
347,142,3
347,143,1
347,145,5
347,146,9
347,148,7
347,149,6
347,151,3
347,152,9
347,153,10
347,155,5
347,156,5
347,158,6
347,159,12
347,161,7
347,162,6
347,163,15
347,165,10
347,166,4
347,168,5
347,169,10
347,170,10
347,172,4
347,173,9
347,175,11
347,176,19
347,178,3
347,179,6
347,180,25
347,182,19
347,183,3
347,185,8
347,186,10
347,188,15
347,189,4
347,190,11
347,192,21
347,193,13
347,195,9
347,196,11
347,197,26
347,199,15
347,200,12
347,202,8
347,203,28
347,205,10
347,206,8
347,207,13
347,209,20
347,210,12
347,212,14
347,213,8
347,214,18
347,216,27
347,217,8
347,219,10
347,220,20
347,222,19
347,223,8
347,224,12
347,226,33
347,227,22
347,229,7
347,230,22
347,232,24
347,233,16
347,234,7
347,236,9
347,237,32
347,239,14
347,240,11
347,241,11
347,243,23
347,244,22
347,246,12
347,247,16
347,249,29
347,250,26
347,251,8
347,253,7
347,254,23
347,256,15
347,257,8
347,259,10
347,260,25
347,261,18
347,263,9
347,264,15
347,266,15
347,267,16
347,268,12
347,270,12
347,271,15
347,273,17
347,274,7
347,276,17
347,277,12
347,278,17
347,280,11
347,281,8
347,283,15
347,284,13
347,286,4
347,287,10
347,288,9
347,290,11
347,291,5
347,293,5
347,294,21
347,295,14
347,297,7
347,298,11
347,300,4
347,301,8
347,303,9
347,304,4
347,305,10
347,307,9
347,308,3
347,310,5
347,311,4
347,313,7
347,314,8
347,315,6
347,317,4
347,318,10
347,320,2
347,321,6
347,322,4
347,324,8
347,325,1
347,327,7
347,328,4
347,330,6
347,332,5
347,334,2
347,335,5
347,338,5
347,339,3
347,341,3
347,342,2
347,344,1
347,345,4
347,347,3
347,349,1
347,351,2
347,352,3
347,355,3
347,357,1
347,358,1
347,361,2
347,365,1
347,366,1
348,23,1
348,27,1
348,28,1
348,43,1
348,45,1
348,58,1
348,60,2
348,64,1
348,70,1
348,72,1
348,74,1
348,77,1
348,78,1
348,82,1
348,84,3
348,87,2
348,88,1
348,89,1
348,91,4
348,94,1
348,98,2
348,102,2
348,105,1
348,107,2
348,109,2
348,112,2
348,114,1
348,119,2
348,121,1
348,122,1
348,124,2
348,125,1
348,126,2
348,128,3
348,129,2
348,131,1
348,132,1
348,134,3
348,135,1
348,136,1
348,138,1
348,139,3
348,142,3
348,143,2
348,145,4
348,146,4
348,148,3
348,149,2
348,151,1
348,153,4
348,155,1
348,156,2
348,159,4
348,161,1
348,162,4
348,163,1
348,165,3
348,168,3
348,169,2
348,170,4
348,172,2
348,173,2
348,175,5
348,176,2
348,178,1
348,179,1
348,180,2
348,182,3
348,185,1
348,186,3
348,188,4
348,189,4
348,190,2
348,192,6
348,193,2
348,195,1
348,196,4
348,199,3
348,200,2
348,202,2
348,203,4
348,205,2
348,206,2
348,207,5
348,209,4
348,210,3
348,213,4
348,214,3
348,216,6
348,219,7
348,220,4
348,222,5
348,223,3
348,224,3
348,226,5
348,227,6
348,229,4
348,230,2
348,232,3
348,233,5
348,234,3
348,236,3
348,237,4
348,239,4
348,240,5
348,241,2
348,243,4
348,244,2
348,246,1
348,247,2
348,249,2
348,250,6
348,251,1
348,253,2
348,254,7
348,256,5
348,257,1
348,259,6
348,260,5
348,261,7
348,263,1
348,264,2
348,266,2
348,267,2
348,268,1
348,270,9
348,271,2
348,273,7
348,274,1
348,276,5
348,277,2
348,278,1
348,280,1
348,283,3
348,284,3
348,286,3
348,287,3
348,288,2
348,290,3
348,291,3
348,293,2
348,294,1
348,295,1
348,297,3
348,298,2
348,301,2
348,303,1
348,305,1
348,307,2
348,308,2
348,310,2
348,313,1
348,314,4
348,315,1
348,317,1
348,318,2
348,320,1
348,321,1
348,322,2
348,324,2
348,325,1
348,327,1
348,330,2
348,331,1
348,334,1
348,335,2
348,337,1
348,338,2
348,339,1
348,341,1
348,347,1
348,358,2
348,359,1
348,362,1
349,27,1
349,44,2
349,47,1
349,50,1
349,53,1
349,54,1
349,55,1
349,57,1
349,58,1
349,61,1
349,64,1
349,65,1
349,70,1
349,71,1
349,77,2
349,78,3
349,80,1
349,82,1
349,84,2
349,85,1
349,87,2
349,88,1
349,89,1
349,91,2
349,92,3
349,94,2
349,95,2
349,99,2
349,101,1
349,102,2
349,104,2
349,105,3
349,108,3
349,109,3
349,111,4
349,114,1
349,116,5
349,118,2
349,119,1
349,122,2
349,124,2
349,125,2
349,126,4
349,128,3
349,129,4
349,131,6
349,132,2
349,134,1
349,135,3
349,136,1
349,138,1
349,139,3
349,141,4
349,142,2
349,143,3
349,145,4
349,146,5
349,148,4
349,151,3
349,152,2
349,153,2
349,155,4
349,156,7
349,158,4
349,159,5
349,161,3
349,163,2
349,165,3
349,168,2
349,169,5
349,170,6
349,172,3
349,173,5
349,175,6
349,176,3
349,178,5
349,179,4
349,180,3
349,182,3
349,183,5
349,185,1
349,186,5
349,188,5
349,189,4
349,190,6
349,192,5
349,193,5
349,195,7
349,196,5
349,197,11
349,199,3
349,200,2
349,202,4
349,203,5
349,205,9
349,206,3
349,207,2
349,209,6
349,210,8
349,212,5
349,213,3
349,214,6
349,216,9
349,217,2
349,219,9
349,220,7
349,222,7
349,223,4
349,224,7
349,226,9
349,227,7
349,229,3
349,230,3
349,232,9
349,233,10
349,234,6
349,236,5
349,237,7
349,239,6
349,240,4
349,241,5
349,243,7
349,244,4
349,246,4
349,247,6
349,249,9
349,250,13
349,251,9
349,253,10
349,254,8
349,256,7
349,257,5
349,259,4
349,260,6
349,261,13
349,263,6
349,264,5
349,266,6
349,267,3
349,268,4
349,270,9
349,271,9
349,273,8
349,274,3
349,276,4
349,277,5
349,278,6
349,280,5
349,281,7
349,283,6
349,284,6
349,286,2
349,287,1
349,288,2
349,290,8
349,291,2
349,293,5
349,294,6
349,295,6
349,297,2
349,298,4
349,300,9
349,301,5
349,303,3
349,304,2
349,305,2
349,307,5
349,308,1
349,310,1
349,311,3
349,313,1
349,314,2
349,315,1
349,317,5
349,318,2
349,320,2
349,321,2
349,322,5
349,325,2
349,328,1
349,330,4
349,332,3
349,334,1
349,335,3
349,338,2
349,341,2
349,347,1
349,349,1
349,351,1
349,352,1
349,354,1
349,364,1
351,23,2
351,37,1
351,41,1
351,45,1
351,55,1
351,57,2
351,67,1
351,74,1
351,89,2
351,91,2
351,92,1
351,95,1
351,97,2
351,102,2
351,105,1
351,107,1
351,108,1
351,109,1
351,114,1
351,116,3
351,118,5
351,119,2
351,121,1
351,122,1
351,126,2
351,128,1
351,129,4
351,131,2
351,135,3
351,136,2
351,139,1
351,141,3
351,142,3
351,143,2
351,145,1
351,146,1
351,148,5
351,149,1
351,151,1
351,152,2
351,153,2
351,155,2
351,156,4
351,159,3
351,162,2
351,165,4
351,166,1
351,168,2
351,169,5
351,170,3
351,172,2
351,173,2
351,175,3
351,176,1
351,180,6
351,182,3
351,183,2
351,185,2
351,186,4
351,188,4
351,192,1
351,193,2
351,195,4
351,196,2
351,197,2
351,199,4
351,200,1
351,202,6
351,203,5
351,207,1
351,209,3
351,210,6
351,212,1
351,213,5
351,214,3
351,216,4
351,217,1
351,219,2
351,220,2
351,222,3
351,223,1
351,224,2
351,226,3
351,227,6
351,229,1
351,230,1
351,232,3
351,233,6
351,234,5
351,236,4
351,237,3
351,239,5
351,240,2
351,241,3
351,243,4
351,244,1
351,246,1
351,247,3
351,249,3
351,250,5
351,251,2
351,253,3
351,254,5
351,256,1
351,257,1
351,259,4
351,260,3
351,261,5
351,263,3
351,264,3
351,266,2
351,267,5
351,268,1
351,270,4
351,271,4
351,273,1
351,276,2
351,277,3
351,278,1
351,280,4
351,281,1
351,284,2
351,287,3
351,288,1
351,290,4
351,291,1
351,293,1
351,294,3
351,295,3
351,297,1
351,298,1
351,300,2
351,301,1
351,307,1
351,310,1
351,311,3
351,313,3
351,314,1
351,315,1
351,317,2
351,318,2
351,321,2
351,324,3
351,325,1
351,327,1
351,330,1
351,332,1
351,334,1
351,335,1
351,339,1
351,341,1
351,342,1
351,352,2
351,358,2
351,359,1
351,362,1
352,11,1
352,26,1
352,27,1
352,34,1
352,36,1
352,38,2
352,47,1
352,48,1
352,53,2
352,54,2
352,55,1
352,57,1
352,58,1
352,63,1
352,64,1
352,65,1
352,67,1
352,68,1
352,70,1
352,75,2
352,77,1
352,78,1
352,80,1
352,82,1
352,84,1
352,85,1
352,88,1
352,89,1
352,91,1
352,92,5
352,94,1
352,95,4
352,97,1
352,98,1
352,99,1
352,101,1
352,102,1
352,107,1
352,108,1
352,109,1
352,111,3
352,112,2
352,114,2
352,115,1
352,116,2
352,118,2
352,119,3
352,122,3
352,124,1
352,125,4
352,126,3
352,129,2
352,131,2
352,132,3
352,134,1
352,135,3
352,136,1
352,138,1
352,141,1
352,142,1
352,143,2
352,145,2
352,146,5
352,148,3
352,151,2
352,152,4
352,153,2
352,155,2
352,156,3
352,158,5
352,159,4
352,161,3
352,162,4
352,163,4
352,166,3
352,169,4
352,170,3
352,172,4
352,173,2
352,175,4
352,176,7
352,178,2
352,179,7
352,180,5
352,182,4
352,183,1
352,185,4
352,186,6
352,188,6
352,189,1
352,190,7
352,192,4
352,193,4
352,196,3
352,197,2
352,199,5
352,200,1
352,202,1
352,203,4
352,205,5
352,207,5
352,209,6
352,210,7
352,212,2
352,213,3
352,214,8
352,216,5
352,217,4
352,219,1
352,220,8
352,222,1
352,223,3
352,224,4
352,226,3
352,227,5
352,229,3
352,230,4
352,232,6
352,233,6
352,236,2
352,237,7
352,239,10
352,240,7
352,241,5
352,243,12
352,244,5
352,246,1
352,247,4
352,249,4
352,250,4
352,251,7
352,253,5
352,254,5
352,256,6
352,257,3
352,260,7
352,261,7
352,263,1
352,264,4
352,266,7
352,267,4
352,268,5
352,270,8
352,271,8
352,273,5
352,274,6
352,276,6
352,277,5
352,278,4
352,280,3
352,281,4
352,283,5
352,284,4
352,286,2
352,287,1
352,288,2
352,290,2
352,291,3
352,293,2
352,294,2
352,295,5
352,297,2
352,298,4
352,300,1
352,301,5
352,303,1
352,305,4
352,307,2
352,308,2
352,310,3
352,311,1
352,313,1
352,314,2
352,315,6
352,317,2
352,318,4
352,320,1
352,324,4
352,327,1
352,328,3
352,330,2
352,332,2
352,335,3
352,338,1
352,341,3
352,345,2
352,347,1
352,349,1
352,351,1
352,352,1
352,354,1
352,355,1
352,359,1
352,361,1
352,362,1
352,365,1
352,366,2
354,43,1
354,47,1
354,58,1
354,82,1
354,91,1
354,92,1
354,95,1
354,97,1
354,98,1
354,99,1
354,104,1
354,105,1
354,107,1
354,109,1
354,111,1
354,122,2
354,124,1
354,126,1
354,128,2
354,131,1
354,135,1
354,136,2
354,138,1
354,142,1
354,146,1
354,148,1
354,149,1
354,156,1
354,161,1
354,163,2
354,165,4
354,168,4
354,169,3
354,170,1
354,172,2
354,173,2
354,175,1
354,176,2
354,178,1
354,179,4
354,180,2
354,182,3
354,185,1
354,188,6
354,190,2
354,192,3
354,196,1
354,197,1
354,199,1
354,200,1
354,202,2
354,203,2
354,205,2
354,207,3
354,209,1
354,210,4
354,213,2
354,216,1
354,217,1
354,219,1
354,222,1
354,223,2
354,224,4
354,226,3
354,227,1
354,229,1
354,230,5
354,233,2
354,234,1
354,236,2
354,241,3
354,243,2
354,244,2
354,246,2
354,247,4
354,249,2
354,250,2
354,251,4
354,253,2
354,256,1
354,257,1
354,259,6
354,261,3
354,263,1
354,264,4
354,266,1
354,267,1
354,268,4
354,270,1
354,271,2
354,273,1
354,274,2
354,276,3
354,281,1
354,284,2
354,286,4
354,287,3
354,288,3
354,290,3
354,291,1
354,294,3
354,295,1
354,297,2
354,301,2
354,303,2
354,304,1
354,305,2
354,307,1
354,308,1
354,311,1
354,317,2
354,320,1
354,322,2
354,324,2
354,338,1
354,348,1
354,351,1
354,352,1
354,366,1
355,10,1
355,26,1
355,33,1
355,45,1
355,50,2
355,58,1
355,60,1
355,61,1
355,63,1
355,64,1
355,74,2
355,75,1
355,77,2
355,81,1
355,84,3
355,85,1
355,89,1
355,91,2
355,92,1
355,95,1
355,97,2
355,102,1
355,105,2
355,108,3
355,109,2
355,112,1
355,114,1
355,118,2
355,119,2
355,121,2
355,122,1
355,124,2
355,125,1
355,126,1
355,128,1
355,129,3
355,131,1
355,134,1
355,135,5
355,136,4
355,139,1
355,141,2
355,142,1
355,145,1
355,146,1
355,148,1
355,149,3
355,151,1
355,152,1
355,153,3
355,155,2
355,158,3
355,159,3
355,162,1
355,163,3
355,165,2
355,166,2
355,168,2
355,169,2
355,170,1
355,172,2
355,173,1
355,175,5
355,176,2
355,178,2
355,179,3
355,180,5
355,182,3
355,183,3
355,185,4
355,186,4
355,188,3
355,189,1
355,190,2
355,192,6
355,193,2
355,195,2
355,196,3
355,197,3
355,199,3
355,202,2
355,203,1
355,205,3
355,206,2
355,209,3
355,210,1
355,212,2
355,213,4
355,214,4
355,219,6
355,220,2
355,222,4
355,223,2
355,224,3
355,226,1
355,227,1
355,229,1
355,230,4
355,232,2
355,233,1
355,234,1
355,236,4
355,237,1
355,239,1
355,240,3
355,241,3
355,243,2
355,244,1
355,246,2
355,247,2
355,249,2
355,250,1
355,251,5
355,253,4
355,254,3
355,256,2
355,257,2
355,259,1
355,260,2
355,261,4
355,263,1
355,264,2
355,266,3
355,267,1
355,268,1
355,270,3
355,271,3
355,273,2
355,274,1
355,277,1
355,278,6
355,280,1
355,281,2
355,283,2
355,284,1
355,286,1
355,288,1
355,290,3
355,293,3
355,294,3
355,295,1
355,300,1
355,301,4
355,303,2
355,304,2
355,305,2
355,307,2
355,308,1
355,310,2
355,311,4
355,313,2
355,314,3
355,315,3
355,318,1
355,321,4
355,325,1
355,327,2
355,328,1
355,330,1
355,334,1
355,335,1
355,337,1
355,338,1
355,341,1
355,342,1
355,345,1
355,347,1
355,351,1
357,24,1
357,58,1
357,67,1
357,68,1
357,70,1
357,75,1
357,81,1
357,92,1
357,94,1
357,99,1
357,105,1
357,115,1
357,118,1
357,121,3
357,122,1
357,124,2
357,125,1
357,126,1
357,128,2
357,131,2
357,132,1
357,135,2
357,141,1
357,142,2
357,143,1
357,146,1
357,148,1
357,152,1
357,156,2
357,159,2
357,165,1
357,168,1
357,172,1
357,173,1
357,175,1
357,176,1
357,179,4
357,180,1
357,182,2
357,183,1
357,185,2
357,186,1
357,188,1
357,190,1
357,192,1
357,193,1
357,196,2
357,202,1
357,203,2
357,205,6
357,206,2
357,207,2
357,209,4
357,210,2
357,213,1
357,216,1
357,217,3
357,219,1
357,220,3
357,223,1
357,224,3
357,227,2
357,229,1
357,232,1
357,234,3
357,237,1
357,239,3
357,240,1
357,241,1
357,243,5
357,244,1
357,246,2
357,247,2
357,249,3
357,250,1
357,251,1
357,253,4
357,254,2
357,256,2
357,257,5
357,259,1
357,260,2
357,261,3
357,263,2
357,266,3
357,268,1
357,270,3
357,271,1
357,273,1
357,274,1
357,276,1
357,277,1
357,278,3
357,280,1
357,281,2
357,286,1
357,287,2
357,290,3
357,293,1
357,298,1
357,300,3
357,301,1
357,303,1
357,307,1
357,308,1
357,310,1
357,311,2
357,313,2
357,317,2
357,318,2
357,320,1
357,321,1
357,322,3
357,324,1
357,325,1
357,331,1
357,358,1
357,362,1
358,67,2
358,68,1
358,71,1
358,72,1
358,74,1
358,85,1
358,94,1
358,95,1
358,97,1
358,98,4
358,99,2
358,107,3
358,108,2
358,109,5
358,112,1
358,116,1
358,118,2
358,124,2
358,125,2
358,126,1
358,128,2
358,134,2
358,135,2
358,136,2
358,139,1
358,141,2
358,142,2
358,143,2
358,145,1
358,146,3
358,149,2
358,155,1
358,158,3
358,161,1
358,162,2
358,165,2
358,166,4
358,168,2
358,169,3
358,170,1
358,173,1
358,175,2
358,176,4
358,178,1
358,179,4
358,180,1
358,182,3
358,185,1
358,188,4
358,189,1
358,190,3
358,192,3
358,193,6
358,195,2
358,196,2
358,197,1
358,199,4
358,202,4
358,203,3
358,205,6
358,206,1
358,207,3
358,209,3
358,210,5
358,212,3
358,213,1
358,214,3
358,216,4
358,217,1
358,219,2
358,220,3
358,222,2
358,223,2
358,224,3
358,226,5
358,227,3
358,229,1
358,230,4
358,232,5
358,233,1
358,234,2
358,236,6
358,237,2
358,239,1
358,240,2
358,241,3
358,243,2
358,244,2
358,246,3
358,247,2
358,249,4
358,251,1
358,253,3
358,254,2
358,256,7
358,257,4
358,259,1
358,260,4
358,261,3
358,263,1
358,264,1
358,266,1
358,267,2
358,268,1
358,270,4
358,273,6
358,274,2
358,278,2
358,280,3
358,281,8
358,283,5
358,284,4
358,286,1
358,287,2
358,288,3
358,290,4
358,291,2
358,293,2
358,294,3
358,295,4
358,297,1
358,300,4
358,301,1
358,305,1
358,307,1
358,310,2
358,313,2
358,315,3
358,317,2
358,320,1
358,325,1
358,327,1
358,328,1
358,330,1
358,332,1
358,335,1
358,337,1
358,338,1
358,344,2
358,347,1
358,352,1
358,357,1
358,362,1
358,367,1
359,81,1
359,94,1
359,97,1
359,102,2
359,111,1
359,115,1
359,116,2
359,119,1
359,121,2
359,128,1
359,129,1
359,131,2
359,135,1
359,136,1
359,138,1
359,142,1
359,143,1
359,145,1
359,148,2
359,149,1
359,151,2
359,153,2
359,156,1
359,159,2
359,161,1
359,163,2
359,165,2
359,169,1
359,170,2
359,172,1
359,176,1
359,179,1
359,182,1
359,185,3
359,186,2
359,188,1
359,190,1
359,193,1
359,199,3
359,200,1
359,202,2
359,205,1
359,207,1
359,209,2
359,213,3
359,216,1
359,217,1
359,219,1
359,220,1
359,224,1
359,233,2
359,236,2
359,237,1
359,239,3
359,241,2
359,243,1
359,244,2
359,246,2
359,253,1
359,254,2
359,259,1
359,260,1
359,267,1
359,268,1
359,270,1
359,274,1
359,276,2
359,278,1
359,280,1
359,283,1
359,290,1
359,294,1
359,295,1
359,297,1
359,301,2
359,310,1
359,313,2
359,320,1
359,339,1
359,351,1
359,352,1
359,358,1
361,10,1
361,34,1
361,40,1
361,74,1
361,80,1
361,81,1
361,85,1
361,89,1
361,91,1
361,97,2
361,98,1
361,99,1
361,101,1
361,102,1
361,105,3
361,108,4
361,109,1
361,114,1
361,119,1
361,121,1
361,122,1
361,124,1
361,125,1
361,129,2
361,134,1
361,135,1
361,138,1
361,142,2
361,146,2
361,148,1
361,149,1
361,151,2
361,152,3
361,156,1
361,158,2
361,159,3
361,161,2
361,162,2
361,163,1
361,165,2
361,166,1
361,169,1
361,172,3
361,173,1
361,175,1
361,179,1
361,182,3
361,183,3
361,188,7
361,189,1
361,190,2
361,192,1
361,193,1
361,197,1
361,199,1
361,200,3
361,202,1
361,203,3
361,205,2
361,207,3
361,209,1
361,210,3
361,213,1
361,214,5
361,216,2
361,217,3
361,219,1
361,220,4
361,222,1
361,223,2
361,226,3
361,227,2
361,229,2
361,232,2
361,233,1
361,236,3
361,237,1
361,239,1
361,241,1
361,243,5
361,244,2
361,246,1
361,247,1
361,250,2
361,251,2
361,253,3
361,256,3
361,257,1
361,259,2
361,260,1
361,264,1
361,266,2
361,267,3
361,270,2
361,271,1
361,273,3
361,276,2
361,283,2
361,284,1
361,288,3
361,290,2
361,293,2
361,297,1
361,298,1
361,300,1
361,303,1
361,308,1
361,310,1
361,315,1
361,317,1
361,320,1
361,321,1
361,330,1
361,332,1
361,337,1
361,341,1
361,347,1
361,355,1
361,359,1
361,362,1
362,26,1
362,65,1
362,72,1
362,74,1
362,87,1
362,94,1
362,98,2
362,99,1
362,107,1
362,114,1
362,116,1
362,126,1
362,128,1
362,129,1
362,131,1
362,143,1
362,148,1
362,149,1
362,152,2
362,155,2
362,156,3
362,159,3
362,161,1
362,165,1
362,169,1
362,173,2
362,175,2
362,178,1
362,179,1
362,185,1
362,186,1
362,188,2
362,189,1
362,190,4
362,192,3
362,195,1
362,196,2
362,203,1
362,205,1
362,206,1
362,207,1
362,209,1
362,214,2
362,216,2
362,219,1
362,222,2
362,224,2
362,226,2
362,227,1
362,229,1
362,232,1
362,233,1
362,237,1
362,241,2
362,244,1
362,246,1
362,250,1
362,251,1
362,253,1
362,259,1
362,260,1
362,261,2
362,263,2
362,267,1
362,273,1
362,277,2
362,278,1
362,284,1
362,286,2
362,287,1
362,288,1
362,290,1
362,291,1
362,293,2
362,294,2
362,295,1
362,300,1
362,305,1
362,318,1
362,321,1
362,328,1
362,339,1
364,50,1
364,61,1
364,68,1
364,80,1
364,95,1
364,101,1
364,108,1
364,112,1
364,116,1
364,119,1
364,122,1
364,124,2
364,125,2
364,126,2
364,134,1
364,136,2
364,139,1
364,146,1
364,148,1
364,151,1
364,152,1
364,153,1
364,156,1
364,158,1
364,159,2
364,166,1
364,168,1
364,169,3
364,170,3
364,173,2
364,175,1
364,176,1
364,179,1
364,180,1
364,182,3
364,185,2
364,186,2
364,190,3
364,192,3
364,193,1
364,195,1
364,197,2
364,199,2
364,203,2
364,205,2
364,207,1
364,209,2
364,210,2
364,213,2
364,214,2
364,216,2
364,219,2
364,220,3
364,222,3
364,224,1
364,226,1
364,227,1
364,230,1
364,232,2
364,233,2
364,236,1
364,237,1
364,239,1
364,241,2
364,243,1
364,244,2
364,247,1
364,249,3
364,250,1
364,251,1
364,254,2
364,257,2
364,260,1
364,263,1
364,264,4
364,267,1
364,268,2
364,271,1
364,273,1
364,276,2
364,280,1
364,283,1
364,284,1
364,286,1
364,288,1
364,300,1
364,301,1
364,304,1
364,317,1
364,318,1
364,320,1
364,321,1
364,330,1
364,339,1
364,342,1
364,347,1
365,58,1
365,75,1
365,77,1
365,108,1
365,109,1
365,125,1
365,135,1
365,148,1
365,149,1
365,153,1
365,158,1
365,165,1
365,169,1
365,170,1
365,176,1
365,179,1
365,180,1
365,183,1
365,199,1
365,202,2
365,205,1
365,207,1
365,209,1
365,230,1
365,234,1
365,236,1
365,237,1
365,240,1
365,244,1
365,246,1
365,247,1
365,254,1
365,256,1
365,257,1
365,259,1
365,263,2
365,264,1
365,266,1
365,267,1
365,277,1
365,278,1
365,281,2
365,290,1
365,303,2
365,313,1
365,318,1
365,332,1
365,337,1
366,57,1
366,64,1
366,111,1
366,126,1
366,136,1
366,151,1
366,153,1
366,158,1
366,169,2
366,175,1
366,176,1
366,182,1
366,185,1
366,188,1
366,192,1
366,199,2
366,200,2
366,203,1
366,205,1
366,209,2
366,210,1
366,216,1
366,217,1
366,219,2
366,224,2
366,226,1
366,227,1
366,230,2
366,240,2
366,243,2
366,246,1
366,249,2
366,250,1
366,260,2
366,268,2
366,270,1
366,276,2
366,277,1
366,278,1
366,281,1
366,284,3
366,286,1
366,287,1
366,288,2
366,290,1
366,304,1
366,308,1
366,322,1
366,324,1
366,331,1
366,355,1
367,51,1
367,97,1
367,118,1
367,125,3
367,128,1
367,131,1
367,142,1
367,146,1
367,158,1
367,159,1
367,165,1
367,169,1
367,170,1
367,172,1
367,173,2
367,175,1
367,176,3
367,182,1
367,188,4
367,189,1
367,190,3
367,192,1
367,193,1
367,197,1
367,203,1
367,205,1
367,206,1
367,209,3
367,210,2
367,214,1
367,219,2
367,222,1
367,226,3
367,227,2
367,230,1
367,232,1
367,236,2
367,237,2
367,239,2
367,243,1
367,244,2
367,250,3
367,251,1
367,256,1
367,257,1
367,260,7
367,261,2
367,263,1
367,264,1
367,266,1
367,267,1
367,268,1
367,271,1
367,274,1
367,276,1
367,280,1
367,290,2
367,294,1
367,300,1
367,301,2
367,303,1
367,305,2
367,308,1
367,324,2
367,339,1
367,348,1
